--------- beginning of system
07-25 21:40:08.693  1103  2005 V CameraService_proxy: The activity is N or above and claims to support resizeable-activity. Crop-rotate-scale is disabled.
--------- beginning of main
07-25 21:40:08.741   723  4812 I mtkcam-SensorSettingPolicy: [determineAlternativeMode] alt sensor mode: SLIM_VIDEO2 -> SLIM_VIDEO2
07-25 21:40:08.741   723  4812 I mtkcam-SensorSettingPolicy: [determineAlternativeMode] alt sensor mode: SLIM_VIDEO1 -> SLIM_VIDEO1
07-25 21:40:08.741   723  4812 I mtkcam-SensorSettingPolicy: [determineAlternativeMode] alt sensor mode: CAPTURE -> CAPTURE
07-25 21:40:08.741   723  4812 I mtkcam-SensorSettingPolicy: [determineAlternativeMode] alt sensor mode: VIDEO -> PREVIEW
07-25 21:40:08.741   723  4812 I mtkcam-SensorSettingPolicy: [determineAlternativeMode] alt sensor mode: PREVIEW -> PREVIEW
07-25 21:40:08.741   723  4812 I mtkcam-SensorSettingPolicy: [selectImx563SensorSetting] IMX563 video mode(auto) target(1920x1080) -> VIDEO sensorMode:2 size(2016x1136)
07-25 21:40:08.741   723  4812 I mtkcam-SensorSettingPolicy: select size(2016x1136)@30  sensorMode:2 hdrSensorMode:0 hdrHalMode:0, hfpsMode:0
07-25 21:40:08.741   723  4812 D mtkcam-ConfigSettingPolicyMediator: [evaluateConfiguration] Configuring fConfigP1HwSetting
07-25 21:40:08.741   723  4812 W mtkcam-P1HwSettingPolicy: [evaluateDeviceRawBitDepth] By default bitdepth:10
07-25 21:40:08.741   723  4812 D MtkCam/HalSensorList: [querySecureState] Secure State is 0
07-25 21:40:08.741   723  4812 D MtkCam/HalSensor: [sendCommand] SENSOR_CMD_GET_SENSOR_PIXELMODE:scenario = 2, fps = 30, Pixelmode =1
07-25 21:40:08.741   723  4812 D MtkCam/HalSensor: [destroyInstance] HalSensor destroyInstance count = 3, caller =MtkCam/HwInfoHelper
07-25 21:40:08.741   723  4812 E NormalPipe: [query] unsupport cmd(0x4000)
07-25 21:40:08.741   723  4812 E NormalPipe:  (query){#659:vendor/mediatek/proprietary/hardware/mtkcam/drv/src/isp/mt6768/iopipe/CamIO/NormalPipeModule.cpp}
07-25 21:40:08.741   723  4812 W MtkCam/HwInfoHelper: [quertMaxRrzoWidth] this platform not support ENPipeQueryCmd_MAX_PREVIEW_SIZE, use default value : 2560
07-25 21:40:08.741   723  4812 D mtkcam-P1HwSettingPolicy: [configP1HwSetting] max_rrzo_size: target size(2560x1442)
07-25 21:40:08.742   723  4812 I mtkcam-P1HwSettingPolicy: [configP1HwSetting] force IMX563 managed RRZO base size to video(1920x1080), maxYuvStreamSize(1920x1080)
07-25 21:40:08.742   723  4812 D mtkcam-P1HwSettingPolicy: [configP1HwSetting] sensor size: target size(2016x1136)
07-25 21:40:08.742   723  4812 D mtkcam-P1HwSettingPolicy: [configP1HwSetting] target rrzo stream: target size(1920x1081)
07-25 21:40:08.742   723  4812 D mtkcam-P1HwSettingPolicy: [configP1HwSetting] eis lower bound limitation: target size(1920x1082)
07-25 21:40:08.742   723  4812 D mtkcam-P1HwSettingPolicy: [configP1HwSetting] preview upper bound limitation: target size(1920x1082)
07-25 21:40:08.742   723  4812 D mtkcam-P1HwSettingPolicy: [configP1HwSetting] rrzo size(1920x1082)
07-25 21:40:08.742   723  4812 D mtkcam-P1HwSettingPolicy: [configP1HwSetting] sensor size upper bound limitation: target size(1920x1088)
07-25 21:40:08.742   723  4812 D mtkcam-P1HwSettingPolicy: aligned rrzo size(1920x1088)
07-25 21:40:08.742   723  4812 E cam_capibitiliy: cam_capibitiliy[GetFormat]ERR(  238):current portID(0x3a) are not supported in query
07-25 21:40:08.742   723  4812 E cam_capi: cam_capi[GetCapibility]ERR(  309):user:NormalPipe query fail(module:0)
07-25 21:40:08.742   723  4812 E NormalPipe: [query] some query op fail
07-25 21:40:08.742   723  4812 E NormalPipe:  (query){#279:vendor/mediatek/proprietary/hardware/mtkcam/drv/src/isp/mt6768/iopipe/CamIO/NormalPipeModule.cpp}
07-25 21:40:08.742   723  4812 D HalIspImp: [createInstance] sensorIdx(0) mtkcam-P1HwSettingPolicy
07-25 21:40:08.742   723  4812 D HalIspImp: [init] m_Users: 1, SensorDev 1, index 0 
07-25 21:40:08.742   723  4812 D HalIspImp: [init] 1 has created 
07-25 21:40:08.742   723  4812 D HalIspImp: [destroyInstance]+ sensorIdx(0)  User(mtkcam-P1HwSettingPolicy)
07-25 21:40:08.742   723  4812 D HalIspImp: [uninit] m_Users: 2 
07-25 21:40:08.742   758   758 V thermal_src: TA_DAEMON_CMD_SET_TTJ cmd=0x4, len=4 Tj=60000
07-25 21:40:08.742   723  4812 D HalIspImp: [uninit] Still 1 users 
07-25 21:40:08.742   723  4812 D HalIspImp: [destroyInstance]- 
07-25 21:40:08.742   723  4812 D mtkcam-P1HwSettingPolicy: [queryRecommendResizeMaxRatio] Resize-Ratio-Percentage 25 for isp quality
07-25 21:40:08.742   723  4812 D MtkCam/HwInfoHelper: [querySupportResizeRatio] Support Resize-Ratio-Percentage: 25
07-25 21:40:08.742   723  4812 D MtkCam/HwInfoHelper: [alignRrzoHwLimitation] exceeding sensor size, modified size: 1920x1088, original target size: 1920x1088, crop size: 2016x1136
07-25 21:40:08.742   723  4812 D MtkCam/HwInfoHelper: [alignPass1HwLimitation] rrzo size 1920x1088, stride 3600
07-25 21:40:08.742   723  4812 I MtkCam/HwInfoHelper: [getImgoFmt] debug.camera.rawunpak = -1,  useUnpakFmt = 0
07-25 21:40:08.742   723  4812 I MtkCam/HwInfoHelper: [getImgoFmt] vendor.debug.camera.afraw = -1, don't use Af Raw
07-25 21:40:08.742   723  4812 D MtkCam/HwInfoHelper: [getImgoFmt] imgFmt[0]:(0x0) imgFmt[1]:(0x2201) i:(1) fmt:(0x2201)
07-25 21:40:08.742   723  4812 D MtkCam/HwInfoHelper: [alignPass1HwLimitation] rrzo size 2016x1136, stride 2520
07-25 21:40:08.742   723  4812 I MtkCam/HwInfoHelper: [getImgoFmt] debug.camera.rawunpak = -1,  useUnpakFmt = 0
07-25 21:40:08.742   723  4812 I MtkCam/HwInfoHelper: [getImgoFmt] vendor.debug.camera.afraw = -1, don't use Af Raw
07-25 21:40:08.742   723  4812 D MtkCam/HwInfoHelper: [getImgoFmt] imgFmt[0]:(0x0) imgFmt[1]:(0x2201) i:(1) fmt:(0x2201)
07-25 21:40:08.742   723  4812 D MtkCam/HwInfoHelper: [alignPass1HwLimitation] rrzo size 2016x1136, stride 2520
07-25 21:40:08.742   723  4812 I mtkcam-P1HwSettingPolicy: { .imgoAlloc={ format:0x2201 2016x1136 } .imgoDefaultRequest={ format:0x2201 2016x1136 } .rrzoDefaultRequest={ format:0x2205 1920x1088 } .rssoSize=288x512 .pixelMode=1 .usingCamSV=0 }
07-25 21:40:08.742   723  4812 D mtkcam-P1HwSettingPolicy: [operator()] another device id: 1
07-25 21:40:08.742   723  4812 I camerahalserver: [parseSensorParamsSetting] candidate [2] (2016x1512)@30  sensorMode:1(CAPTURE)
07-25 21:40:08.742   723  4812 D mtkcam-P1HwSettingPolicy: [operator()] check hw resource
07-25 21:40:08.742   723  4812 D mtkcam-P1HwSettingPolicy: [operator()] subSensor rrzo width(1920)
07-25 21:40:08.742   723  4812 E NormalPipe: [query] unsupport cmd(0x100000)
07-25 21:40:08.742   723  4812 E NormalPipe:  (query){#659:vendor/mediatek/proprietary/hardware/mtkcam/drv/src/isp/mt6768/iopipe/CamIO/NormalPipeModule.cpp}
07-25 21:40:08.742   723  4812 W mtkcam-P1HwSettingPolicy: [operator()] cannot use NormalPipeModule to query Hw resource.
07-25 21:40:08.742   723  4812 D MtkCam/HwInfoHelper: [HwInfoHelperImpl] sensorId:0
07-25 21:40:08.742   723  4812 D mtkcam-P1HwSettingPolicy: [operator()] Query set: index_0(0) index_1(1)
07-25 21:40:08.742   723  4812 D MtkCam/HwInfoHelper: [queryP1DrvIspCapability] sensorId:0 sensorMode:2 minProcessingFps:30(x10) rrzo:1920x1088
07-25 21:40:08.742   723  4812 D MtkCam/HwInfoHelper: [queryP1DrvIspCapability] sensorId:1 sensorMode:1 minProcessingFps:30(x10) rrzo:1920x1440
07-25 21:40:08.742   723  4812 E MtkCam/HwInfoHelper: [queryP1DrvIspCapability] isp quality function not support in this platform, query from stereo_setting_provider (queryP1DrvIspCapability){#2760:vendor/mediatek/proprietary/hardware/mtkcam/utils/hw/HwInfoHelper.cpp}
07-25 21:40:08.742   723  4812 D mtkcam-P1HwSettingPolicy: [operator()] sensor id(0) using setting(0) ispQuality(Max) tg(3)
07-25 21:40:08.742   723  4812 D mtkcam-P1HwSettingPolicy: [operator()] sensor id(1) using setting(1) ispQuality(Max) tg(3)
07-25 21:40:08.742   723  4812 D mtkcam-P1HwSettingPolicy: [operator()] PIP all P1 resource configure done
07-25 21:40:08.742   723  4812 D mtkcam-ConfigSettingPolicyMediator: [evaluateConfiguration] Configuring fConfigP1DmaNeed
07-25 21:40:08.742   723  4812 D mtkcam-ConfigSettingPolicyMediator: [evaluateConfiguration] Configuring fConfigStreamInfo_P1
07-25 21:40:08.742   723  4812 D MtkCam/HwInfoHelper: [HwInfoHelperImpl] sensorId:0
07-25 21:40:08.742   723  4812 D mtkcam-P1StreamInfoBuilder: imgo (base:4 + capture:6 + stream:0) v.s. min:7
07-25 21:40:08.742   723  4812 D MtkCam/HwInfoHelper: [alignPass1HwLimitation] rrzo size 2016x1136, stride 2520
07-25 21:40:08.742   723  4812 D MtkCam/HwInfoHelper: [alignPass1HwLimitation] rrzo size 2016x1136, stride 2520
07-25 21:40:08.742   723  4812 D mtkcam-P1StreamInfoBuilder: rrzo (base:4 + capture:6 + stream:2) v.s. min:7
07-25 21:40:08.742   723  4812 D MtkCam/HwInfoHelper: [alignPass1HwLimitation] rrzo size 1920x1088, stride 3600
07-25 21:40:08.742   723  4812 D mtkcam-P1StreamInfoBuilder: lcso (base:4 + capture:6 + stream:2) v.s. min:7
07-25 21:40:08.742   723  4812 I mtkcam-StreamInfoPluginDecider: [decideStreamInfoPlugin_STT] PluginId:P1STT
07-25 21:40:08.742   723  4812 D streaminfoplugin-p1stt: [operator()] No argument: use default setting
07-25 21:40:08.742   723  4812 D MtkCam/HwInfoHelper: [HwInfoHelperImpl] sensorId:0
07-25 21:40:08.742   723  4812 D HalIspImp: [createInstance] sensorIdx(0) streaminfoplugin-p1stt
07-25 21:40:08.742   723  4812 D HalIspImp: [init] m_Users: 1, SensorDev 1, index 0 
07-25 21:40:08.742   723  4812 D HalIspImp: [init] 1 has created 
07-25 21:40:08.742   723  4812 D HalIspImp: [destroyInstance]+ sensorIdx(0)  User(streaminfoplugin-p1stt)
07-25 21:40:08.742   723  4812 D HalIspImp: [uninit] m_Users: 2 
07-25 21:40:08.742   723  4812 D HalIspImp: [uninit] Still 1 users 
07-25 21:40:08.743   723  4812 D HalIspImp: [destroyInstance]- 
07-25 21:40:08.743   723  4812 D mtkcam-ConfigSettingPolicyMediator: [evaluateConfiguration] Configuring fConfigStreamInfo_NonP1
07-25 21:40:08.743   723  4812 D mtkcam-ConfigStreamInfoPolicy: [evaluatePreviewSize] consumer : 10000, allocate : 30003
07-25 21:40:08.743   723  4812 D mtkcam-ConfigStreamInfoPolicy: [evaluatePreviewSize] consumer : 100, allocate : 20133
07-25 21:40:08.743   723  4812 D mtkcam-ConfigStreamInfoPolicy: [evaluatePreviewSize] evaluate preview size : 320x240
07-25 21:40:08.743   723  4812 D mtkcam-ConfigStreamInfoPolicy: [evaluatePreviewSize] FD buffer size : 640x480
07-25 21:40:08.743   723  4812 D mtkcam-ConfigStreamInfoPolicy: [operator()] Sensor fps: 30, FD maxBufNum: 5
07-25 21:40:08.743   723  4812 D mtkcam-ConfigStreamInfoPolicy: [operator()] evaluate FD buffer size : 640x480
07-25 21:40:08.743   723  4812 D mtkcam-ConfigSettingPolicyMediator: [evaluateConfiguration] Configure mediator done
07-25 21:40:08.743   723  4812 I mtkcam-PipelineModelSessionDefault: [onConfig_Capture] ZSL mode enable = 0
07-25 21:40:08.743   723  4812 D mtkcam-NextCaptureListener: [NextCaptureListener] max fd count is: 32768, maxJpegNum 6, maxImgoNum 10
07-25 21:40:08.743   723  4812 D MtkCam/HalSensorList: [querySecureState] Secure State is 0
07-25 21:40:08.743   723  4812 D MtkCam/HwInfoHelper: [getSensorOutputSize] w1 x h1 = 2016 x 1136
07-25 21:40:08.743   723  4812 D MtkCam/HalSensor: [destroyInstance] HalSensor destroyInstance count = 3, caller =MtkCam/HwInfoHelper
07-25 21:40:08.743   723  4812 D MtkCam/HwInfoHelper: [getSensorVBTime] WillDBG2 before vbtime : 0
07-25 21:40:08.743   723  4812 D MtkCam/HalSensorList: [querySecureState] Secure State is 0
07-25 21:40:08.743   723  4812 E ImgSensorDrv: [sendCommand]Err( 1197):[sendCommand]Command ID = 16413 is undefined (sendCommand){#1197:vendor/mediatek/proprietary/hardware/mtkcam/drv/src/sensor/mt6768/../common/v1/imgsensor_drv.cpp}
07-25 21:40:08.743   723  4812 E MtkCam/HalSensor: [sendCommand] [sendCommand] sendCommand fail! 16413 (sendCommand){#738:vendor/mediatek/proprietary/hardware/mtkcam/drv/src/sensor/mt6768/../common/v1/HalSensor.control.cpp}
07-25 21:40:08.743   723  4812 D MtkCam/HalSensor: [destroyInstance] HalSensor destroyInstance count = 3, caller =MtkCam/HwInfoHelper
07-25 21:40:08.743   723  4812 D MtkCam/HwInfoHelper: [getSensorVBTime] vbtime : 0
07-25 21:40:08.743   723  4812 D MtkCam/HalSensorList: [querySecureState] Secure State is 0
07-25 21:40:08.743   723  4812 D MtkCam/HalSensor: [destroyInstance] HalSensor destroyInstance count = 3, caller =MtkCam/HwInfoHelper
07-25 21:40:08.744   723  4812 D MtkCam/HwInfoHelper: [getSensorPDSize] pd sensor info:(0/0). DMA bandwidth for pd:(0 byte)
07-25 21:40:08.744   723  4812 D MtkCam3/HwUtils: [setQOSParams] sensor mode : 2
07-25 21:40:08.744   723  4812 D MtkCam3/HwUtils: [setQOSParams] fps : 30, VBTime : 0, PDSize : 0
07-25 21:40:08.744   723  4812 D MtkCam3/HwUtils: [setQOSParams] VBRatio : 0.000000
07-25 21:40:08.744   723  4812 I BWC     : cam_id=0 sen_fps=30 sen_size=2290176 pd=0 video=2073600 vb_ratio=0.000000 vb_time=0.000000 rawi=0 yuv=0 raw_bbp=1.250000 is_smvr=0
07-25 21:40:08.744   723  4812 I BWC     : cam_id=0 table=90000000.000000 ccu=60000000.000000 ccu_r=60000000.000000 capture=85881600.000000 aa=-5120.000000 pd=0.000000 video=139968000.000000 yuv=0.000000 rawi=0.000000 total=435849600.000000
07-25 21:40:08.744   723  4812 I BWC     : cam_id=1 sen_fps=0 sen_size=0 pd=0 video=0 vb_ratio=0.000000 vb_time=0.000000 rawi=0 yuv=0 raw_bbp=0.000000 is_smvr=0
07-25 21:40:08.744   723  4812 I BWC     : cam_id=1 table=0.000000 ccu=0.000000 ccu_r=0.000000 capture=0.000000 aa=-5120.000000 pd=0.000000 video=0.000000 yuv=0.000000 rawi=0.000000 total=0.000000
07-25 21:40:08.744   723  4812 I BWC     : cal_cam_bw hrt bw=435
07-25 21:40:08.744   723  4812 D MtkCam3/HwUtils: [enterScenario] (id:0) enter:: scenario 3: size 2016x1136@30 feature 0x0
07-25 21:40:08.744   723  4812 D MtkCam3/HwUtils: [enterPerfService] not implement +
07-25 21:40:08.744   723  4812 D MtkCam3/HwUtils: [enterPerfService] -
07-25 21:40:08.744   723  4812 E BWC     : MTK_IOC_SMI_BWC_INFO_GET failed.:Inappropriate ioctl for device
07-25 21:40:08.745   723  4812 E BWC     : MTK_IOC_SMI_BWC_INFO_SET failed.:Inappropriate ioctl for device
07-25 21:40:08.745   723  4812 I BWC     : Profile_Change:[BWCPT_VIDEO_SNAPSHOT]:ON,current concurrency is 0x4000,DDR=,EMI scenario=BWL_SCN_VR4K ON
07-25 21:40:08.745   723  4812 D MtkCam3/HwUtils: [changeBWCProfile] mmdvfs_set type(14) multiple(1) sensorSize(2290176) finalSize(2290176) fps(30) isMultiOpen(0)
07-25 21:40:08.745   723  4812 D MtkCam/HwUtils: [isDualZoomMode] (dvfs) set dual cam: 0
07-25 21:40:08.745   723  4812 I BWC     : MMDVFS SET 1
07-25 21:40:08.745   723  4812 E BWC     : MTK_IOC_MMDVFS_CMD failed.:Inappropriate ioctl for device
07-25 21:40:08.745   723  4812 D mtkcam-PipelineModelSessionBasic: [onConfig_BuildingPipelineContext] pZslProcessor(0x0)
07-25 21:40:08.745   723  4812 I MtkCam/ppl_context: [PipelineContext] <Default/0> (0xb400007d9e85f650)
07-25 21:40:08.745   723  4812 D MtkCam/ppl_context: [beginConfigure] +
07-25 21:40:08.745   723  4812 D MtkCam/ppl_context: [waitUntilDrained] +
07-25 21:40:08.745   723  4812 D MtkCam/ppl_context: [waitUntilDrained] may not configured yet
07-25 21:40:08.745   723  4812 D MtkCam/ppl_context: [waitUntilDrained] -
07-25 21:40:08.745   723  4812 D MtkCam/ppl_context: [beginConfigure] -
07-25 21:40:08.745   723  4812 D mtkcam-PipelineContextBuilder: [configContextLocked_Streams] +
07-25 21:40:08.745   723  4812 D mtkcam-PipelineContextBuilder: [configContextLocked_Streams] Jpeg Rotation enable: 1 support packed jpeg: 0
07-25 21:40:08.745   723  4812 D mtkcam-PipelineContextBuilder: [configContextLocked_Streams] id : 0
07-25 21:40:08.745   723  4812 D mtkcam-PipelineContextBuilder: [configContextLocked_Streams] Build P1 stream
07-25 21:40:08.745   723  4812 D mtkcam-PipelineContextBuilder: [configContextLocked_Streams] New: p1 full raw(0xb400007dfe814e10); resized raw(0xb400007dfe810730), bIsZslEnabled(0)
07-25 21:40:08.746   723  4812 D mtkcam-fbm_pool: [allocateBuffers] [Hal:Image:FD] max(5) min(1) mIonDevice(0xb400007dbe810bf8)
07-25 21:40:08.746   723  4812 D mtkcam-fbm_pool: [allocateBuffers] [Hal:Image:P1:Resizeraw_main1] max(12) min(0) mIonDevice(0xb400007dbe818de8)
07-25 21:40:08.746   723  5037 D mtkcam-fbm_pool: [operator()] updateBufferCount: [Hal:Image:FD] done (5)
07-25 21:40:08.746   723  4812 D mtkcam-fbm_pool: [allocateBuffers] [Hal:Image:STT_main1] max(12) min(1) mIonDevice(0xb400007dbe818988)
07-25 21:40:08.747   723  4812 D mtkcam-PipelineContextBuilder: [configContextLocked_Streams] -
07-25 21:40:08.747   723  4812 D MtkCam/HwInfoHelper: [HwInfoHelperImpl] sensorId:0
07-25 21:40:08.747   723  4812 D MtkCam/HwInfoHelper: [alignPass1HwLimitation] rrzo size 2016x1136, stride 2520
07-25 21:40:08.747   723  4812 I mtkcam-PipelineContextBuilder: [configContextLocked_P1Node] 0x100000001 2016x1136 ImgFormat:0x2201(BAYER10) BufPlanes(strides/sizeInBytes):[ 2520/2862720 ] startOffset:0 bufStep:0 t:0 maxBufNum:10 minInitBufNum:0 Hal:Image:P1:Fullraw_main1 AllocImgFormat:0x21(BLOB) AllocBufPlanes(strides/sizeInBytes):[ 2862720/2862720 ] Private{exist?0 id:0}
07-25 21:40:08.747   723  4812 D mtkcam-PipelineContextBuilder: [configContextLocked_P1Node] (0)enableLCS:1,enableRSS:0,enableEIS:1,enableFSC:1
07-25 21:40:08.747   723  4812 D mtkcam-PipelineContextBuilder: [configContextLocked_P1Node] set PIP camRes: id(0) Raw(3) TargetTG(3) isOffTwin(0) rsv(0) ispQty(2) isHighQty(1)
07-25 21:40:08.747   723  4812 D mtkcam-PipelineContextBuilder: [configContextLocked_P1Node] PIP flow, set p1 raw type is pure raw
07-25 21:40:08.747   723  4812 D mtkcam-PipelineContextBuilder: [configContextLocked_P1Node] (0)SMVRBatch: p1BatchNum(SMVRBatch)=0, p1BurstNum(SMVRConstraint)=0,p1GroupNum(MStreamFusion)=0
07-25 21:40:08.747   723  4812 D MtkCam/HwInfoHelper: [getDualPDAFSupported] SensorStaticInfo PDAF_Support(0) DualPDAFSupported(0)
07-25 21:40:08.747   723  4812 D mtkcam-PipelineContextBuilder: [configContextLocked_P1Node] enableSecurity(0) secType(0) statusSecHeap(0x0)->getBufVA(0)(0)
07-25 21:40:08.747   723  5039 D mtkcam-fbm_pool: [operator()] updateBufferCount: [Hal:Image:STT_main1] done (12)
07-25 21:40:08.747   723  4812 I MtkCam/P1NodeImp: [P1NodeImp] LOGD[1](1) LOGI[1](1) prop(cam:0 pl:1 pi:0 g:0:0 SR:0) -  SYS[1-3:9](3) - MetaLog(p:0/0 m:0/0) - SmvrLog(0) DumpRaw(0) DataDump(0) DrawLine(0) - StuffBufCtrl[0](8:16) StuffFully[0](0) - DelRelOff(0) - TF(2) - IV(0) - WB(0) - IMGO(-1,-1) - IonVersion(1)
07-25 21:40:08.747   723  4812 D mtkcam-PipelineContextBuilder: [queryNodeInitOrder] "persist.vendor.camera3.init-order.P1Node" doesn't exist; -1 by default
07-25 21:40:08.747   723  4812 D mtkcam-PipelineContextBuilder: [queryNodeInitTimeout] "persist.vendor.camera3.init-timeout.P1Node" doesn't exist; default timeout:25000000000 ns
07-25 21:40:08.747   723  4812 D MtkCam/ppl_context: [setInitFrameCount] 0
07-25 21:40:08.747   723  4812 I mtkcam-PipelineContextBuilder: [configContextLocked_P2SNode] operation_mode=0 p2_type=1 p2_node_type=1 app_mode=2 fd=640x480 3dnr_mode=0x43 fsc_mode=0x3 eis_mode=0x0 eis_factor=100 stream_size=1920x1088 video=1920x1080 p2TpiMargin(1.000000), p2TpiMargin(1.058201), dsdnHint(1) mSecType(0) timestamp(947367952286), reqFps(30) HDR10(0/0), DispStreamId(0x000000000), PQIdx(12)
07-25 21:40:08.747   723  4812 D MtkCam/P2/StreamingProcessor: [StreamingProcessor-]
07-25 21:40:08.747   723  4812 D MtkCam/P2/DispatchProcessor: [DispatchProcessor+]
07-25 21:40:08.747   723  4812 D MtkCam/P2/DispatchProcessor: [DispatchProcessor-]
07-25 21:40:08.747   723  4812 D MtkCam/P2/StreamingNode: [toP2Type]SMVR=5 type=3 forceSMVR=0
07-25 21:40:08.747   723  4812 D MtkCam/P2/StreamingNode: [getP2PQIndex]MDPPQ: PQIdx(preset(12)(pq_ven_pip_1st), final(12)(pq_ven_pip_1st)), hasVideo=1, eisInfo(previewEIS=0, mode=0x0, videoConfig=0)
07-25 21:40:08.747   723  4812 D MtkCam/P2/StreamingNode: [P2StreamingNodeImp-]
07-25 21:40:08.747   723  4812 D mtkcam-PipelineContextBuilder: [queryNodeInitOrder] "persist.vendor.camera3.init-order.P2StreamNode" doesn't exist; default order:1 > -1
07-25 21:40:08.747   723  4812 D mtkcam-PipelineContextBuilder: [queryNodeInitTimeout] "persist.vendor.camera3.init-timeout.P2StreamNode" doesn't exist; default timeout:25000000000 ns
07-25 21:40:08.747   723  4812 D MtkCam/P2/CaptureProcessor: [CaptureProcessor+]
07-25 21:40:08.747   723  4812 I MtkCam/P2/CaptureProcessor: [CaptureProcessor](0xb400007e4e82cde0) ctor
07-25 21:40:08.747   723  4812 D MtkCam/P2/CaptureProcessor: [CaptureProcessor-]
07-25 21:40:08.747   723  4812 D MtkCam/P2/CaptureNode: [P2CaptureNodeImp+]CaptureNode
07-25 21:40:08.747   723  4812 D MtkCam/P2/CaptureNode: [parseBGPreRelease]background service preRelease info, hintIsSupportedBG:0, bgModeProp:0, ret:0
07-25 21:40:08.747   723  4812 I MtkCam/P2/CaptureNode: [P2CaptureNodeImp] : (0xb400007e4e82cd70) ctor, uniqueKey:214008736, supportedScenarioFeatures:0x1000100f5, bgPreRelease:0, hidlIsp:0 sessionparam:0xb400007e3e823778
07-25 21:40:08.747   723  4812 D MtkCam/P2/CaptureNode: [P2CaptureNodeImp-]
07-25 21:40:08.747   723  4812 D mtkcam-PipelineContextBuilder: [queryNodeInitOrder] "persist.vendor.camera3.init-order.P2CaptureNode" doesn't exist; default order:2 > -1
07-25 21:40:08.747   723  4812 D mtkcam-PipelineContextBuilder: [queryNodeInitTimeout] "persist.vendor.camera3.init-timeout.P2CaptureNode" doesn't exist; default timeout:25000000000 ns
07-25 21:40:08.747   723  4812 D mtkcam-PipelineContextBuilder: [queryNodeInitOrder] "persist.vendor.camera3.init-order.FDNode" doesn't exist; -1 by default
07-25 21:40:08.747   723  4812 D mtkcam-PipelineContextBuilder: [queryNodeInitTimeout] "persist.vendor.camera3.init-timeout.FDNode" doesn't exist; default timeout:25000000000 ns
07-25 21:40:08.747   723  4812 D MtkCam/JpegNode: [JpgLog] [createInstance] +
07-25 21:40:08.747   723  4812 D MtkCam/JpegNode: [JpgLog] [JpegNodeImp] +
07-25 21:40:08.747   723  4812 D MtkCam/JpegNode: [JpegNodeImp] Jpeg Rotation enable
07-25 21:40:08.747   723  4812 D MtkCam/JpegNode: [~JpgLog] [JpegNodeImp] -
07-25 21:40:08.747   723  4812 D MtkCam/JpegNode: [~JpgLog] [createInstance] -
07-25 21:40:08.747   723  4812 D mtkcam-PipelineContextBuilder: [queryNodeInitOrder] "persist.vendor.camera3.init-order.JpegNode" doesn't exist; -1 by default
07-25 21:40:08.747   723  4812 D mtkcam-PipelineContextBuilder: [queryNodeInitTimeout] "persist.vendor.camera3.init-timeout.JpegNode" doesn't exist; default timeout:25000000000 ns
07-25 21:40:08.748   723  4812 D MtkCam/ppl_context: [updateConfig] root node size = 1
07-25 21:40:08.748   723  4812 D MtkCam/ppl_context: [setDataCallback] set DataCallback 0xb400007e4e83b568
07-25 21:40:08.748   723  4812 I MtkCam/ppl_context: [dump] <Default/0>
07-25 21:40:08.748   723  4812 I MtkCam/ppl_context: [dump] .root={ 0x1 }, .edges={(0x1 -> 0x15)(0x1 -> 0x14)(0x15 -> 0x16)(0x14 -> 0x16)(0x15 -> 0x23)(0x14 -> 0x23)}
07-25 21:40:08.748   723  5038 D mtkcam-fbm_pool: [operator()] updateBufferCount: [Hal:Image:P1:Resizeraw_main1] done (12)
07-25 21:40:08.748   723  4812 I MtkCam/ppl_context: [dump] <nodeId=0x1 (P1Node) NO-INIT>
07-25 21:40:08.748   723  4812 I MtkCam/ppl_context: [dump]     In: .AppImage={ } .HalImage={ } .AppMeta={ 0x80000000 } .HalMeta={ 0x100000018 }
07-25 21:40:08.748   723  4812 I MtkCam/ppl_context: [dump]    Out: .AppImage={ } .HalImage={ 0x100000001 0x100000003 0x100000004 } .AppMeta={ 0x100000024 } .HalMeta={ 0x10000001b }
07-25 21:40:08.748   723  4812 I MtkCam/ppl_context: [dump] <nodeId=0x14 (P2CaptureNode) NO-INIT>
07-25 21:40:08.748   723  4812 I MtkCam/ppl_context: [dump]     In: .AppImage={ } .HalImage={ 0x100000001 0x100000003 0x100000004 } .AppMeta={ 0x80000000 0x100000024 } .HalMeta={ 0x10000001b }
07-25 21:40:08.748   723  4812 I MtkCam/ppl_context: [dump]    Out: .AppImage={ 0 0x2 } .HalImage={ 0x100000010 0x100000011 } .AppMeta={ 0x100000028 } .HalMeta={ 0x10000001f }
07-25 21:40:08.748   723  4812 I MtkCam/ppl_context: [dump] <nodeId=0x15 (P2StreamNode) NO-INIT>
07-25 21:40:08.748   723  4812 I MtkCam/ppl_context: [dump]     In: .AppImage={ } .HalImage={ 0x100000001 0x100000003 0x100000004 } .AppMeta={ 0x80000000 0x100000024 } .HalMeta={ 0x10000001b }
07-25 21:40:08.748   723  4812 I MtkCam/ppl_context: [dump]    Out: .AppImage={ 0 0x2 } .HalImage={ 0x100000010 0x100000011 0x100000013 } .AppMeta={ 0x100000027 } .HalMeta={ 0x10000001e }
07-25 21:40:08.748   723  4812 I MtkCam/ppl_context: [dump] <nodeId=0x16 (FDNode) NO-INIT>
07-25 21:40:08.748   723  4812 I MtkCam/ppl_context: [dump]     In: .AppImage={ } .HalImage={ 0x100000013 } .AppMeta={ 0x80000000 } .HalMeta={ 0x10000001e }
07-25 21:40:08.748   723  4812 I MtkCam/ppl_context: [dump]    Out: .AppImage={ } .HalImage={ } .AppMeta={ 0x100000029 } .HalMeta={ }
07-25 21:40:08.748   723  4812 I MtkCam/ppl_context: [dump] <nodeId=0x23 (JpegNode) NO-INIT>
07-25 21:40:08.748   723  4812 I MtkCam/ppl_context: [dump]     In: .AppImage={ } .HalImage={ 0x100000010 0x100000011 } .AppMeta={ 0x80000000 } .HalMeta={ 0x10000001e 0x10000001f }
07-25 21:40:08.748   723  4812 I MtkCam/ppl_context: [dump]    Out: .AppImage={ 0x1 } .HalImage={ } .AppMeta={ 0x10000002a } .HalMeta={ }
07-25 21:40:08.748   723  4812 I MtkCam/ppl_context: [dump] <image streams>
07-25 21:40:08.748   723  4812 I MtkCam/ppl_context: [dump]     [IMAGE-APP-PROVIDER]0  320x240  OUT ImgFormat:0x11(NV21) BufPlanes(strides/sizeInBytes):[ 320/76800 320/54784 ] startOffset:0 bufStep:0 t:0/r:0 maxBuffers:12 d/s:0x00000000(UNKNOWN) s0:d0:App:YCrCb_420_SP:0|HW_TEXTURE AllocImgFormat:0x11(NV21) AllocBufPlanes(strides/sizeInBytes):[ 320/76800 320/54784 ] Real:0x11(YCrCb_420_SP) Request:0x22(IMPLEMENTATION_DEFINED) Override:0x11(YCrCb_420_SP) Hal-Client-usage:0x100(0|HW_TEXTURE) Hal-usage:0x20033(0|SW_READ_OFTEN|SW_WRITE_OFTEN|HW_CAMERA_WRITE) HalStream::(consumer/producer)Usage:0/0x20033 0xb400007e2e81dbd0 phy:-1
07-25 21:40:08.749   723  4812 I MtkCam/ppl_context: [dump]     [IMAGE-APP-PROVIDER]0x1 1920x1080 OUT ImgFormat:0x2300(JPEG) BufPlanes(strides/sizeInBytes):[ 3378951/3379008 ] startOffset:0 bufStep:0 t:0/r:0 maxBuffers:6 d/s:0x08c20000(V0_JFIF|STANDARD_BT601_625|TRANSFER_SMPTE_170M|RANGE_FULL) s1:d0:App:BLOB:0|SW_READ_OFTEN AllocImgFormat:0x21(BLOB) AllocBufPlanes(strides/sizeInBytes):[ 3378951/3379008 ] Real:0x21(BLOB) Request:0x21(BLOB) Override:0x21(BLOB) Hal-Client-usage:0x3(0|SW_READ_OFTEN) Hal-usage:0x20033(0|SW_READ_OFTEN|SW_WRITE_OFTEN|HW_CAMERA_WRITE) HalStream::(consumer/producer)Usage:0/0x20033 0xb400007e2e827b10 phy:-1
07-25 21:40:08.749   723  4812 I MtkCam/ppl_context: [dump]     [IMAGE-APP-PROVIDER]0x2 1920x1080 OUT ImgFormat:0x32315659(YV12) BufPlanes(strides/sizeInBytes):[ 1920/2073600 960/518400 960/544320 ] startOffset:0 bufStep:0 t:0/r:0 maxBuffers:12 d/s:0x00000104(BT709) s2:d0:App:YV12:0|HW_VIDEO_ENCODER AllocImgFormat:0x32315659(YV12) AllocBufPlanes(strides/sizeInBytes):[ 1920/2073600 960/518400 960/544320 ] Real:0x32315659(YV12) Request:0x22(IMPLEMENTATION_DEFINED) Override:0x22(IMPLEMENTATION_DEFINED) Hal-Client-usage:0x10000(0|HW_VIDEO_ENCODER) Hal-usage:0x20003(0|SW_READ_OFTEN|HW_CAMERA_WRITE) HalStream::(consumer/producer)Usage:0/0x20003 0xb400007e2e816d90 phy:-1
07-25 21:40:08.749   723  4812 I MtkCam/ppl_context: [dump]     [IMAGE-HAL-RUNTIME ]0x100000001 2016x1136 ImgFormat:0x2201(BAYER10) BufPlanes(strides/sizeInBytes):[ 2520/2862720 ] startOffset:0 bufStep:0 t:0 maxBufNum:10 minInitBufNum:0 Hal:Image:P1:Fullraw_main1 AllocImgFormat:0x21(BLOB) AllocBufPlanes(strides/sizeInBytes):[ 2862720/2862720 ] Private{exist?0 id:0}
07-25 21:40:08.749   723  4812 I MtkCam/ppl_context: [dump]     [IMAGE-HAL-POOL    ]0x100000003 1920x1088 ImgFormat:0x2205(FG_BAYER10) BufPlanes(strides/sizeInBytes):[ 3600/3916800 ] startOffset:0 bufStep:0 t:0 maxBufNum:12 minInitBufNum:0 Hal:Image:P1:Resizeraw_main1 AllocImgFormat:0x2205(FG_BAYER10) AllocBufPlanes(strides/sizeInBytes):[ 3600/3916800 ] Private{exist?0 id:0}
07-25 21:40:08.749   723  4812 I MtkCam/ppl_context: [dump]     [IMAGE-HAL-POOL    ]0x100000004 294912x1    ImgFormat:0x21(BLOB) BufPlanes(strides/sizeInBytes):[ 294912/294912 ] startOffset:0 bufStep:0 t:0 maxBufNum:12 minInitBufNum:1 Hal:Image:STT_main1 AllocImgFormat:0x21(BLOB) AllocBufPlanes(strides/sizeInBytes):[ 294912/294912 ] Private{exist?1 id:2}
07-25 21:40:08.749   723  4812 I MtkCam/ppl_context: [dump]     [IMAGE-HAL-RUNTIME ]0x100000010 1920x1080 ImgFormat:0x11(NV21) BufPlanes(strides/sizeInBytes):[ 1920/2088960 1920/1044480 ] startOffset:0 bufStep:0 t:0 maxBufNum:6 minInitBufNum:0 Hal:Image:JpegYuv AllocImgFormat:0x11(NV21) AllocBufPlanes(strides/sizeInBytes):[ 1920/2088960 1920/1044480 ] Private{exist?0 id:0}
07-25 21:40:08.749   723  4812 I MtkCam/ppl_context: [dump]     [IMAGE-HAL-RUNTIME ]0x100000011   -1x-1   ImgFormat:0x14(YUY2) BufPlanes(strides/sizeInBytes):[ 0/0 ] startOffset:0 bufStep:0 t:0 maxBufNum:6 minInitBufNum:0 Hal:Image:ThumbnailYuv AllocImgFormat:0x14(YUY2) AllocBufPlanes(strides/sizeInBytes):[ 0/0 ] Private{exist?0 id:0}
07-25 21:40:08.749   723  4812 I MtkCam/ppl_context: [dump]     [IMAGE-HAL-POOL    ]0x100000013  640x480  ImgFormat:0x14(YUY2) BufPlanes(strides/sizeInBytes):[ 1280/614400 ] startOffset:0 bufStep:0 t:0 maxBufNum:5 minInitBufNum:1 Hal:Image:FD AllocImgFormat:0x14(YUY2) AllocBufPlanes(strides/sizeInBytes):[ 1280/614400 ] Private{exist?0 id:0}
07-25 21:40:08.749   723  4812 I MtkCam/ppl_context: [dump] <meta streams>
07-25 21:40:08.749   723  4812 I MtkCam/ppl_context: [dump]     [META -APP-USER    ]0x80000000 maxBuffers:0 minInitBufNum:0 Meta:App:Control phy:0
07-25 21:40:08.749   723  4812 I MtkCam/ppl_context: [dump]     [META -HAL-USER    ]0x100000018 maxBuffers:10 minInitBufNum:1 Hal:Meta:Control_main1 phy:-1
07-25 21:40:08.749   723  4812 I MtkCam/ppl_context: [dump]     [META -HAL-USER    ]0x10000001b maxBuffers:10 minInitBufNum:1 Hal:Meta:P1:Dynamic_main1 phy:-1
07-25 21:40:08.749   723  4812 I MtkCam/ppl_context: [dump]     [META -HAL-USER    ]0x10000001e maxBuffers:10 minInitBufNum:1 Hal:Meta:P2:Dynamic phy:-1
07-25 21:40:08.749   723  4812 I MtkCam/ppl_context: [dump]     [META -HAL-USER    ]0x10000001f maxBuffers:10 minInitBufNum:1 Hal:Meta:P2C:Dynamic phy:-1
07-25 21:40:08.749   723  4812 I MtkCam/ppl_context: [dump]     [META -APP-USER    ]0x100000024 maxBuffers:10 minInitBufNum:1 App:Meta:DynamicP1_main1 phy:-1
07-25 21:40:08.749   723  4812 I MtkCam/ppl_context: [dump]     [META -APP-USER    ]0x100000027 maxBuffers:10 minInitBufNum:1 App:Meta:DynamicP2 phy:-1
07-25 21:40:08.749   723  4812 I MtkCam/ppl_context: [dump]     [META -APP-USER    ]0x100000028 maxBuffers:10 minInitBufNum:1 App:Meta:DynamicP2Cap phy:-1
07-25 21:40:08.749   723  4812 I MtkCam/ppl_context: [dump]     [META -APP-USER    ]0x100000029 maxBuffers:10 minInitBufNum:1 App:Meta:FD phy:-1
07-25 21:40:08.749   723  4812 I MtkCam/ppl_context: [dump]     [META -APP-USER    ]0x10000002a maxBuffers:10 minInitBufNum:1 App:Meta:Jpeg phy:-1
07-25 21:40:08.749   723  4812 I MtkCam/ppl_context: [dump] <image buffer pool>
07-25 21:40:08.749   723  4812 I mtkcam-fbm_producer: [dump] Producer(0xb400007e1e80bcb0) stream(0x100000003:Hal:Image:P1:Resizeraw_main1) pool(0xb400007e2e814390) size(0) [Heap]{SB}
07-25 21:40:08.750   723  4812 I mtkcam-fbm_pool: [dumpPool] [Hal:Image:P1:Resizeraw_main1]
07-25 21:40:08.750   723  4812 I mtkcam-fbm_pool: [dumpPool] logLevel:0 pIonDevice:0xb400007dbe818de8 Max:12 Min:0 future:1 inUse:0 available:12
07-25 21:40:08.750   723  4812 I mtkcam-fbm_pool: [dumpPool] Available Buffer: 0xb400007e4e8321d0; 0xb400007e4e815670; 0xb400007e4e826970; 0xb400007e4e8143b0; 0xb400007e4e82e350; 0xb400007e4e81a170; 0xb400007e4e8178d0; 0xb400007e4e830f10; 0xb400007e4e834a70; 0xb400007e4e81ca10; 0xb400007e4e815350; 0xb400007e4e812dd0; 
07-25 21:40:08.750   723  4812 I mtkcam-fbm_pool: [dumpPool] Inuse Buffer: 
07-25 21:40:08.750   723  4812 I mtkcam-fbm_producer: [dump] Producer(0xb400007e1e805170) stream(0x100000004:Hal:Image:STT_main1) pool(0xb400007e2e81ca50) size(0) [Heap]{SB}
07-25 21:40:08.750   723  4812 I mtkcam-fbm_pool: [dumpPool] [Hal:Image:STT_main1]
07-25 21:40:08.750   723  4812 I mtkcam-fbm_pool: [dumpPool] logLevel:0 pIonDevice:0xb400007dbe818988 Max:12 Min:1 future:1 inUse:0 available:12
07-25 21:40:08.750   723  4812 I mtkcam-fbm_pool: [dumpPool] Available Buffer: 0xb400007e4e821e70; 0xb400007e4e83ae70; 0xb400007e4e8111b0; 0xb400007e4e827910; 0xb400007e4e8224b0; 0xb400007e4e82d090; 0xb400007e4e811b10; 0xb400007e4e836ff0; 0xb400007e4e80d970; 0xb400007e4e810530; 0xb400007e4e82c410; 0xb400007e4e838c10; 
07-25 21:40:08.750   723  4812 I mtkcam-fbm_pool: [dumpPool] Inuse Buffer: 
07-25 21:40:08.750   723  4812 I mtkcam-fbm_producer: [dump] Producer(0xb400007e1e80bf70) stream(0x100000013:Hal:Image:FD) pool(0xb400007e2e823890) size(0) [Heap]{SB}
07-25 21:40:08.750   723  4812 I mtkcam-fbm_pool: [dumpPool] [Hal:Image:FD]
07-25 21:40:08.750   723  4812 I mtkcam-fbm_pool: [dumpPool] logLevel:0 pIonDevice:0xb400007dbe810bf8 Max:5 Min:1 future:1 inUse:0 available:5
07-25 21:40:08.750   723  4812 I mtkcam-fbm_pool: [dumpPool] Available Buffer: 0xb400007e4e829b70; 0xb400007e4e839ed0; 0xb400007e4e81cd30; 0xb400007e4e8385d0; 0xb400007e4e820570; 
07-25 21:40:08.750   723  4812 I mtkcam-fbm_pool: [dumpPool] Inuse Buffer: 
07-25 21:40:08.750   723  4812 I MtkCam/ppl_context: [dump] <InFlightList>
07-25 21:40:08.750   723  4812 I MtkCam/ppl_context: [dump] <ReadyList>
07-25 21:40:08.750   723  4812 I MtkCam/ppl_context: [dump] mReadyStreamCounters: 
07-25 21:40:08.750   723  4812 I MtkCam/ppl_context: [dump] mInSelect(0)
07-25 21:40:08.750   723  4812 I MtkCam/ppl_context: [dump]  
07-25 21:40:08.750   723  4812 I MtkCam/ppl_context: [dump] mConfigInitFrameCount=0
07-25 21:40:08.750   723  4812 I MtkCam/ppl_context: [dump] mFrameCountQueued=0
07-25 21:40:08.750   723  4812 I MtkCam/ppl_context: [dump] RequestNo:[-1,-1] (being) queued!
07-25 21:40:08.750   723  4812 I MtkCam/ppl_context: [dump] RequestNo<=-1 (being) flushed! No flush
07-25 21:40:08.750   723  4812 D mtkcam-PipelineModelSessionBasic: [onConfig_BuildingPipelineContext] set map root(0x1) openId(0)
07-25 21:40:08.750   723  5040 D MtkCam/ppl_context: [configureNodes] +
07-25 21:40:08.750   723  4812 D mtkcam-PipelineModelSessionBasic: [onConfig_BuildingPipelineContext] mpSessionLifeHolder:0xb400007d8e843e68 
07-25 21:40:08.750   723  5040 D MtkCam/ppl_context: [configureNodes] init-order:-1 { P1Node JpegNode FDNode }
07-25 21:40:08.750   723  5040 D MtkCam/ppl_context: [configureNodes] init-order: 1 { P2StreamNode }
07-25 21:40:08.750   723  4812 D mtkcam-pipelinemodel: [configure] - err:0
07-25 21:40:08.750   723  5040 D MtkCam/ppl_context: [configureNodes] init-order: 2 { P2CaptureNode }
07-25 21:40:08.750   723  4812 D mtkcam-dev3: [0-session::onConfigureStreamsLocked] halMaxBufferSize=12 HalStream.maxBuffers=12
07-25 21:40:08.750   723  4812 D mtkcam-dev3: [0-session::onConfigureStreamsLocked] halMaxBufferSize=6 HalStream.maxBuffers=6
07-25 21:40:08.750   723  4812 D mtkcam-dev3: [0-session::onConfigureStreamsLocked] halMaxBufferSize=12 HalStream.maxBuffers=12
07-25 21:40:08.750   723  4812 D mtkcam-dev3: [0-session::onConfigureStreamsLocked] [setConfigMap] mImageConfigMap.size()=3, mMetaConfigMap.size()=1
07-25 21:40:08.751   723  4812 D mtkcam-AppStreamMgr: [setConfigMap] [debug] imageConfigMap.size()=3, metaConfigMap.size()=1
07-25 21:40:08.751   723  4812 D mtkcam-AppStreamMgr: [0-FrameHandler::setConfigMap] [debug] imageConfigMap.size()=3, metaConfigMap.size()=1
07-25 21:40:08.751   723  5041 D MtkCam/P1NodeImp: [init] +
07-25 21:40:08.751   723  4812 D mtkcam-AppStreamMgr: [0-FrameHandler::setConfigMap] [debug] mImageConfigMap.size()=3
07-25 21:40:08.751   723  5041 D MtkCam/P1NodeImp: [init] [Cam::0] [0] count:1 Selected CamIO Version:0x1000000
07-25 21:40:08.751   723  4812 I mtkcam-AppStreamMgr: [0-FrameHandler::setOperationMode] operationMode change: 0xffffffff -> 0
07-25 21:40:08.751   723  4812 D mtkcam-AppStreamMgr: [AppMgr-configureStreams]  0  320x240  OUT ImgFormat:0x11(NV21) BufPlanes(strides/sizeInBytes):[ 320/76800 320/54784 ] startOffset:0 bufStep:0 t:0/r:0 maxBuffers:12 d/s:0x00000000(UNKNOWN) s0:d0:App:YCrCb_420_SP:0|HW_TEXTURE AllocImgFormat:0x11(NV21) AllocBufPlanes(strides/sizeInBytes):[ 320/76800 320/54784 ] Real:0x11(YCrCb_420_SP) Request:0x22(IMPLEMENTATION_DEFINED) Override:0x11(YCrCb_420_SP) Hal-Client-usage:0x100(0|HW_TEXTURE) Hal-usage:0x20033(0|SW_READ_OFTEN|SW_WRITE_OFTEN|HW_CAMERA_WRITE) HalStream::(consumer/producer)Usage:0/0x20033 0xb400007e2e81dbd0 phy:-1
07-25 21:40:08.751   723  4812 D mtkcam-AppStreamMgr: [AppMgr-configureStreams]  0x1 1920x1080 OUT ImgFormat:0x2300(JPEG) BufPlanes(strides/sizeInBytes):[ 3378951/3379008 ] startOffset:0 bufStep:0 t:0/r:0 maxBuffers:6 d/s:0x08c20000(V0_JFIF|STANDARD_BT601_625|TRANSFER_SMPTE_170M|RANGE_FULL) s1:d0:App:BLOB:0|SW_READ_OFTEN AllocImgFormat:0x21(BLOB) AllocBufPlanes(strides/sizeInBytes):[ 3378951/3379008 ] Real:0x21(BLOB) Request:0x21(BLOB) Override:0x21(BLOB) Hal-Client-usage:0x3(0|SW_READ_OFTEN) Hal-usage:0x20033(0|SW_READ_OFTEN|SW_WRITE_OFTEN|HW_CAMERA_WRITE) HalStream::(consumer/producer)Usage:0/0x20033 0xb400007e2e827b10 phy:-1
07-25 21:40:08.751   723  4812 D mtkcam-AppStreamMgr: [0:BatchHandler::checkStreamUsageforBatchMode] Stream 0x2 is registered to Batch Stream
07-25 21:40:08.751   723  4812 D mtkcam-AppStreamMgr: [AppMgr-configureStreams]  0x2 1920x1080 OUT ImgFormat:0x32315659(YV12) BufPlanes(strides/sizeInBytes):[ 1920/2073600 960/518400 960/544320 ] startOffset:0 bufStep:0 t:0/r:0 maxBuffers:12 d/s:0x00000104(BT709) s2:d0:App:YV12:0|HW_VIDEO_ENCODER AllocImgFormat:0x32315659(YV12) AllocBufPlanes(strides/sizeInBytes):[ 1920/2073600 960/518400 960/544320 ] Real:0x32315659(YV12) Request:0x22(IMPLEMENTATION_DEFINED) Override:0x22(IMPLEMENTATION_DEFINED) Hal-Client-usage:0x10000(0|HW_VIDEO_ENCODER) Hal-usage:0x20003(0|SW_READ_OFTEN|HW_CAMERA_WRITE) HalStream::(consumer/producer)Usage:0/0x20003 0xb400007e2e816d90 phy:-1
07-25 21:40:08.751   723  4812 I mtkcam-AppStreamMgr: [configure] condition to turn on camera hal dejitter is not satisfied
07-25 21:40:08.751   723  4812 D mtkcam-dev3: [0-session::onConfigureStreamsLocked] -
07-25 21:40:08.751   723  5042 D MtkCam/JpegNode: [JpgLog] [init] +
07-25 21:40:08.751   723  4812 D mtkcam-dev3: [0-session::operator()] halstream.maxBuffers(12)
07-25 21:40:08.751   723  5042 D MtkCam/JpegNode: [init] OpenId 0, nodeId 0x23, name JpegNode
07-25 21:40:08.751   723  4812 D mtkcam-dev3: [0-session::operator()] halstream.maxBuffers(6)
07-25 21:40:08.751   723  5041 D MtkCam/P1NodeImp: [init] -
07-25 21:40:08.751   723  5041 D MtkCam/P1NodeImp: [config] [Cam::0] API +
07-25 21:40:08.751   723  4812 D mtkcam-dev3: [0-session::operator()] halstream.maxBuffers(12)
07-25 21:40:08.751   723  4812 I mtkcam-dev3: [0-session::tryRunCommandLocked] Run command onConfigureStreamsLocked -
07-25 21:40:08.751   723  4812 D mtkcam-dev3-utils: [-BufferHandleCacheMgr::configBufferCacheMap] mBufferHandleCacheMap.size()=3
07-25 21:40:08.751   723  4812 D mtkcam-dev3-hidl: [0-hidl-session::convertHalStreamConfigurationToHidl] HalStream.id(0) HalStream.maxBuffers(12)
07-25 21:40:08.751   723  4812 D mtkcam-dev3-hidl: [0-hidl-session::convertHalStreamConfigurationToHidl] srcHalStream.id(0) srcHalStream.maxBuffers(12)
07-25 21:40:08.751   723  5041 E cam_capibitiliy: cam_capibitiliy[GetCapibility]ERR(  145):some query cmd(0x20000) is not supported. valid cmd(0x7300327f)
07-25 21:40:08.751   723  4812 D mtkcam-dev3-hidl: [0-hidl-session::convertHalStreamConfigurationToHidl] HalStream.id(1) HalStream.maxBuffers(6)
07-25 21:40:08.751   723  5041 E cam_capi: cam_capi[GetCapibility]ERR(  309):user:NormalPipe query fail(module:0)
07-25 21:40:08.751   723  4812 D mtkcam-dev3-hidl: [0-hidl-session::convertHalStreamConfigurationToHidl] srcHalStream.id(1) srcHalStream.maxBuffers(6)
07-25 21:40:08.751   723  5041 E NormalPipe: [query] some query op fail
07-25 21:40:08.751   723  5041 E NormalPipe:  (query){#279:vendor/mediatek/proprietary/hardware/mtkcam/drv/src/isp/mt6768/iopipe/CamIO/NormalPipeModule.cpp}
07-25 21:40:08.751   723  4812 D mtkcam-dev3-hidl: [0-hidl-session::convertHalStreamConfigurationToHidl] HalStream.id(2) HalStream.maxBuffers(12)
07-25 21:40:08.751   723  4812 D mtkcam-dev3-hidl: [0-hidl-session::convertHalStreamConfigurationToHidl] srcHalStream.id(2) srcHalStream.maxBuffers(12)
07-25 21:40:08.751   723  4812 D mtkcam-dev3-hidl: [0-hidl-session::configureStreams_3_6] -
07-25 21:40:08.752   723  5045 D MtkCam/P2/StreamingNode: [init+] P2S cam 0: 
07-25 21:40:08.752   723  5045 I MtkCam/P2/StreamingNode: [init] P2S cam 0: init lock +
07-25 21:40:08.752   723  5045 I MtkCam/P2/StreamingNode: [init] P2S cam 0: init lock -
07-25 21:40:08.752   723  5045 D MtkCam/P2/DispatchProcessor: [onInit+] P2S cam 0: 
07-25 21:40:08.752   723  5045 I MtkCam/P2/DispatchProcessor: [onInit]Enable Basic/Streaming (0/1)
07-25 21:40:08.752   723  5045 D MtkCam/P2/StreamingProcessor: [onInit+] P2S cam 0: 
07-25 21:40:08.752   723  5043 D MtkCam/fdNodeImp: [init] FdNode Initial !!!
07-25 21:40:08.752   723  5045 D MtkCam/P2/Streaming_DSDN: [queryDSDNParam]dsdn30 gyro enable: 0
07-25 21:40:08.752   723  5043 D Hal3Av3 : [createInstance] sensorIdx(0) FDNode
07-25 21:40:08.752   723  5045 D MtkCam/P2/StreamingProcessor: [getFeatureUsageHint]p2rb: ReadbackMask(0x0)
07-25 21:40:08.752   723  5043 D Hal3Av3 : [init] sensorDev(1), sensorIdx(0), Still 4 users
07-25 21:40:08.752   723  5043 D Hal3Av3 : [init] sensorDev(1), sensorIdx(0), Done m_rConfigInfo.i4SubsampleCount(1), User.count(5), User init(FDNode)
07-25 21:40:08.752   723  5043 D HalIspImp: [createInstance] sensorIdx(0) FDNode
07-25 21:40:08.752   723  5043 D HalIspImp: [init] m_Users: 1, SensorDev 1, index 0 
07-25 21:40:08.752   723  5043 D HalIspImp: [init] 1 has created 
07-25 21:40:08.752   723  5041 I MtkCam/P1NodeUtility: [clusterCfgDecision] [Cam::0] [Hal:Image:P1:Fullraw_main1] UseCluster Pool[Multiple:1-WM(8:16)] Cluster[BufNum:8-MinCnt:1-Cfg:0] ImgBufInfo[Cnt:8-Step:2528-Size:2016x1-Fmt:x2201-Plane(1)(2520.0.0)(2520+0+0)]
07-25 21:40:08.752   723  5041 I MtkCam/P1NodeUtility: [StuffBufferPool] [Cam::0] [Hal:Image:P1:Fullraw_main1] [0x2201-2016x1-2520.0.0 (8:16) *1 +0] (8:16) {C:0-8-1} (Ux60003) <S:0-0>
07-25 21:40:08.752   723  5042 D MtkCam/JpegNode: [init] active array(0, 0, 2016x1512), facing 1
07-25 21:40:08.752   723  5042 D MtkCam/JpegNode: [~JpgLog] [init] -
07-25 21:40:08.752   723  5042 D MtkCam/JpegNode: [JpgLog] [config] +
07-25 21:40:08.752   723  5041 D MtkCam/ImgBuf: [IonHeap::onCreate] IonHeap@ this:0xb400007e0e82d9d0 2016x1, fmt(0x2201), secType(0), plane(0) bit(10), buf offset(0), stride(2520), bufSize(2520); 
07-25 21:40:08.752   723  5042 D MtkCam/JpegNode: [verifyConfigParams] stream: [meta] in app 0x80000000, out app 0x10000002a
07-25 21:40:08.752   723  5042 D MtkCam/JpegNode: [verifyConfigParams] stream: [meta] in hal capture 0x10000001f
07-25 21:40:08.752   723  5041 D MtkCam/ImgBuf: [IonHeap::onCreate] IonHeap@ this:0xb400007e0e817f50 2016x1, fmt(0x2201), secType(0), plane(0) bit(10), buf offset(2528), stride(2520), bufSize(2520); 
07-25 21:40:08.752   723  5042 D MtkCam/JpegNode: [verifyConfigParams] stream: [meta] in hal streaming 0x10000001e
07-25 21:40:08.752   723  5042 D MtkCam/JpegNode: [verifyConfigParams] stream: [img] in main 0x100000010
07-25 21:40:08.752   723  5041 D MtkCam/ImgBuf: [IonHeap::onCreate] IonHeap@ this:0xb400007e0e80f070 2016x1, fmt(0x2201), secType(0), plane(0) bit(10), buf offset(5056), stride(2520), bufSize(2520); 
07-25 21:40:08.752   723  5042 D MtkCam/JpegNode: [verifyConfigParams] stream: [img] in thumbnail 0x100000011
07-25 21:40:08.752   723  5042 D MtkCam/JpegNode: [verifyConfigParams] stream: [img] out Jpeg 0x1
07-25 21:40:08.752   723  5041 D MtkCam/ImgBuf: [IonHeap::onCreate] IonHeap@ this:0xb400007e0e824e50 2016x1, fmt(0x2201), secType(0), plane(0) bit(10), buf offset(7584), stride(2520), bufSize(2520); 
07-25 21:40:08.752   723  5042 D MtkCam/JpegNode: [JpgLog] [flush] +
07-25 21:40:08.752   723  5041 D MtkCam/ImgBuf: [IonHeap::onCreate] IonHeap@ this:0xb400007e0e820d10 2016x1, fmt(0x2201), secType(0), plane(0) bit(10), buf offset(10112), stride(2520), bufSize(2520); 
07-25 21:40:08.752   723  5042 D MtkCam/JpegNode: [JpgLog] [waitForRequestDrained] +
07-25 21:40:08.752   723  5045 I MtkCam/StreamingPipe/MDPWrapper: [MDPWrapper][p2s] out port count=2, mUseIONFD=0
07-25 21:40:08.752   723  5042 D MtkCam/JpegNode: [waitForRequestDrained] wait for request drained + 
07-25 21:40:08.752   723  5041 D MtkCam/ImgBuf: [IonHeap::onCreate] IonHeap@ this:0xb400007e0e815910 2016x1, fmt(0x2201), secType(0), plane(0) bit(10), buf offset(12640), stride(2520), bufSize(2520); 
07-25 21:40:08.752   723  5042 D MtkCam/JpegNode: [waitForRequestDrained] wait for request drained - 
07-25 21:40:08.752   723  5042 D MtkCam/JpegNode: [~JpgLog] [waitForRequestDrained] -
07-25 21:40:08.752   723  5041 D MtkCam/ImgBuf: [IonHeap::onCreate] IonHeap@ this:0xb400007e0e81ccf0 2016x1, fmt(0x2201), secType(0), plane(0) bit(10), buf offset(15168), stride(2520), bufSize(2520); 
07-25 21:40:08.752   723  5042 D MtkCam/JpegNode: [flush] wait mReqWaitDoneQueueIdleCond + 
07-25 21:40:08.752   723  5042 D MtkCam/JpegNode: [flush] wait mReqWaitDoneQueueIdleCond - 
07-25 21:40:08.752   723  5041 D MtkCam/ImgBuf: [IonHeap::onCreate] IonHeap@ this:0xb400007e0e81c3f0 2016x1, fmt(0x2201), secType(0), plane(0) bit(10), buf offset(17696), stride(2520), bufSize(2520); 
07-25 21:40:08.752   723  5042 D MtkCam/JpegNode: [~JpgLog] [flush] -
07-25 21:40:08.752   723  5042 D MtkCam/JpegNode: [config] debug capture InHalMeta streamId : 0x10000001f
07-25 21:40:08.752   723  5042 D MtkCam/JpegNode: [config] debug streaming InHalMeta streamId : 0x10000001e
07-25 21:40:08.752   723  5043 D AppFDFT_SW: Face Detection Version: 2211201, [83]s102s103 [87]s107s108
07-25 21:40:08.752   723  5043 D AppFDFT_SW: Facial Landmark Detection Version: 878 / 856 (Front/Profile)
07-25 21:40:08.753   723  5041 D MtkCam/BaseHeap: [IonHeap::helpMapPhyAddrIon] [Hal:Image:P1:Fullraw_main1:Size2016x1:Stride2520.0.0:Sn1] mID(0x5e),size(20224),VA(0x7f779bc000),PA(0x4f00000),S/C(0/0)
07-25 21:40:08.753   723  5046 D MtkCam/JpegNode: [JpgLog] [extractRequestLoop] +
07-25 21:40:08.753   723  5041 D MtkCam/BaseHeap: [IonHeap::unlockBufLocked] Hal:Image:P1:Fullraw_main1:Size2016x1:Stride2520.0.0:Sn1@ still locked (1)
07-25 21:40:08.753   723  5041 I MtkCam/P1NodeUtility: [clusterCfgDecision] [Cam::0] [Hal:Image:P1:Resizeraw_main1] UseCluster Pool[Multiple:1-WM(8:16)] Cluster[BufNum:4-MinCnt:2-Cfg:0] ImgBufInfo[Cnt:4-Step:576000-Size:1920x160-Fmt:x2205-Plane(1)(3600.0.0)(576000+0+0)]
07-25 21:40:08.753   723  5041 I MtkCam/P1NodeUtility: [StuffBufferPool] [Cam::0] [Hal:Image:P1:Resizeraw_main1] [0x2205-1920x160-3600.0.0 (8:16) *1 +0] (8:16) {C:0-4-2} (Ux60003) <S:0-0>
07-25 21:40:08.753   723  5043 D FD_CORE : [AppFDFT_SW] g_maxExtra: 3
07-25 21:40:08.753  4539  4573 I BufferQueueProducer: [SurfaceTexture-0-4539-0](id:11bb00000001,api:4,p:687,c:4539) connect: api=4 producerControlledByApp=true
07-25 21:40:08.753   723  5041 D MtkCam/ImgBuf: [IonHeap::onCreate] IonHeap@ this:0xb400007e0e81fe70 1920x160, fmt(0x2205), secType(0), plane(0) bit(15), buf offset(0), stride(3600), bufSize(576000); 
07-25 21:40:08.753   723  5041 D MtkCam/ImgBuf: [IonHeap::onCreate] IonHeap@ this:0xb400007e0e828570 1920x160, fmt(0x2205), secType(0), plane(0) bit(15), buf offset(576000), stride(3600), bufSize(576000); 
07-25 21:40:08.753   723  5041 D MtkCam/ImgBuf: [IonHeap::onCreate] IonHeap@ this:0xb400007e0e82e990 1920x160, fmt(0x2205), secType(0), plane(0) bit(15), buf offset(1152000), stride(3600), bufSize(576000); 
07-25 21:40:08.753   723  5041 D MtkCam/ImgBuf: [IonHeap::onCreate] IonHeap@ this:0xb400007e0e81b550 1920x160, fmt(0x2205), secType(0), plane(0) bit(15), buf offset(1728000), stride(3600), bufSize(576000); 
07-25 21:40:08.753   723  5041 D MtkCam/BaseHeap: [IonHeap::helpMapPhyAddrIon] [Hal:Image:P1:Resizeraw_main1:Size1920x160:Stride3600.0.0:Sn1] mID(0x60),size(2304000),VA(0x7c8d0ac000),PA(0x8d00000),S/C(0/0)
07-25 21:40:08.753   723  5043 D MtkCam/ImgBuf: [IonHeap::onCreate] IonHeap@ this:0xb400007e0e82adf0 819200x1, fmt(0x21), secType(0), plane(0) bit(8), buf offset(0), stride(819200), bufSize(819200); 
07-25 21:40:08.753   723  5041 D MtkCam/BaseHeap: [IonHeap::unlockBufLocked] Hal:Image:P1:Resizeraw_main1:Size1920x160:Stride3600.0.0:Sn1@ still locked (1)
07-25 21:40:08.753   723  5041 I MtkCam/P1NodeUtility: [clusterCfgDecision] [Cam::0] [Hal:Image:STT_main1] UseCluster Pool[Multiple:1-WM(8:16)] Cluster[BufNum:4-MinCnt:2-Cfg:0] ImgBufInfo[Cnt:4-Step:294912-Size:294912x1-Fmt:x21-Plane(1)(294912.0.0)(294912+0+0)]
07-25 21:40:08.753   723  5041 I MtkCam/P1NodeUtility: [StuffBufferPool] [Cam::0] [Hal:Image:STT_main1] [0x21-294912x1-294912.0.0 (8:16) *1 +0] (8:16) {C:0-4-2} (Ux60003) <S:0-0>
07-25 21:40:08.753   723  5045 I MtkCam/StreamingPipe/MDPWrapper: [MDPWrapper][p2s] out port count=2, mUseIONFD=0
07-25 21:40:08.753   723  5043 D MtkCam/BaseHeap: [IonHeap::helpMapPhyAddrIon] [FDTempBuf] mID(0x63),size(819200),VA(0x7c8cfe4000),PA(0x5000000),S/C(0/0)
07-25 21:40:08.753   723  5043 D MtkCam/fdNodeImp: [init] allocator buffer : 7C8CFE4000
07-25 21:40:08.753   723  5043 D MtkCam/BaseHeap: [IonHeap::helpFlushCacheIon] ctrl(1), num[0]: mID(0x63),size(819200),VA(0x7c8cfe4000),PA(0x5000000)
07-25 21:40:08.753   723  5041 D MtkCam/ImgBuf: [IonHeap::onCreate] IonHeap@ this:0xb400007e0e816e70 294912x1, fmt(0x21), secType(0), plane(0) bit(8), buf offset(0), stride(294912), bufSize(294912); 
07-25 21:40:08.753   723  5041 D MtkCam/ImgBuf: [IonHeap::onCreate] IonHeap@ this:0xb400007e0e8118f0 294912x1, fmt(0x21), secType(0), plane(0) bit(8), buf offset(294912), stride(294912), bufSize(294912); 
07-25 21:40:08.753   723  5041 D MtkCam/ImgBuf: [IonHeap::onCreate] IonHeap@ this:0xb400007e0e819030 294912x1, fmt(0x21), secType(0), plane(0) bit(8), buf offset(589824), stride(294912), bufSize(294912); 
07-25 21:40:08.753   723  5041 D MtkCam/ImgBuf: [IonHeap::onCreate] IonHeap@ this:0xb400007e0e8195d0 294912x1, fmt(0x21), secType(0), plane(0) bit(8), buf offset(884736), stride(294912), bufSize(294912); 
07-25 21:40:08.753   723  5042 D MtkCam/JpegNode: [config] debug InOutMeta streamId : 0x10000002a
07-25 21:40:08.753   723  5045 I MtkCam/StreamingPipe/MDPWrapper: [MDPWrapper][p2s] out port count=2, mUseIONFD=0
07-25 21:40:08.753   723  5042 D MtkCam/JpegNode: [config] mPropPreReleaseMode 0, bIsPreReleaseEnable 0, mIsPreReleaseEnable:0 !
07-25 21:40:08.753   723  5042 D MtkCam/JpegNode: [config] mpInYuv_main:1920x1080
07-25 21:40:08.753   723  5042 D MtkCam/JpegNode: [config] mpInYuv_thumbnail:-1x-1
07-25 21:40:08.753   723  5041 D MtkCam/BaseHeap: [IonHeap::helpMapPhyAddrIon] [Hal:Image:STT_main1:Size294912x1:Stride294912.0.0:Sn1] mID(0x65),size(1179648),VA(0x7c8cdc7000),PA(0x5d00000),S/C(0/0)
07-25 21:40:08.753   723  5042 D MtkCam/JpegNode: [config] mpOutJpeg:1920x1080
07-25 21:40:08.753   723  5042 D MtkCam/JpegNode: [config] defaultAsync 1, mbAppnOnly 0, propSwMode 0, propAsync 0, Level 4, AsyncEnable:1 !
07-25 21:40:08.753   723  5042 D MtkCam/JpegNode: [~JpgLog] [config] -
07-25 21:40:08.753   723  5041 D MtkCam/BaseHeap: [IonHeap::unlockBufLocked] Hal:Image:STT_main1:Size294912x1:Stride294912.0.0:Sn1@ still locked (1)
07-25 21:40:08.753   723  5042 D MtkCam/ppl_context: [launchOneNode]   2ms: JpegNode
07-25 21:40:08.753   723  5041 I MtkCam/P1NodeImp: [check_config] [Cam::0]  - AppMeta[3] [TAG:0x10011 _0 #1]={ 0 } [TAG:0x80070000 _1 #1]={ 0 } [TAG:0x80080008 _1 #2]={ 0 1 }  - HalMeta[5] [TAG:0xC000001C _7 #1]={ 1920x1080 } [TAG:0xC003000A _1 #1]={ 0 } [TAG:0xC003001C _1 #1]={ 0 } [TAG:0xC003001E _1 #1]={ 0 } [TAG:0xC0090004 _1 #1]={ 0 } 
07-25 21:40:08.753   723  5041 I MtkCam/P1NodeImp: [check_config] [Cam::0] Cam::0 Param[N:m0,p1,c3,q2,t2,b0,a0,i0,r0,w1,g0,s0,v10001000_B:p1,b0,t1,h0,u0,e1,l1,r0,f1,d0,q0,c0,f0,v0,s0,LL0,SSC0,SE0,ST0,SB0x0,O:1,OI:0] S(2,30,1,0,x3,2016x1136) R(0x2201-2520-2862720,1-1-1,1-0x3) D(b0,t1,h0) E(e1,l1,r0,u0,d0,q0,c0,f0,s0,p0,a0) M(m0x0,p0x1,c0x3,q2,t2,b1,a1,u1,d1,r0,i0,g0,s0,k0,v10001000,f0) Dm(1) Rc(0x0) Sh(0x0) SenCfg(0,0,0) Pool(IMG0x0,RRZ0x0,LCS0x0,RSS0x0,YUV0x0,CRZ10x0,CRZ20x0) MetaInAPP_0:0x80000000 MetaInHAL_1:0x100000018 MetaOutAPP_2:0x100000024 MetaOutHAL_3:0x10000001b ImgOutIMG_5:0x100000001(2016x1136)[0x2201] ImgOutRRZ_7:0x100000003(1920x1088)[0x2205] ImgOutLCS_8:0x100000004(384x384)[0x2401] Meta(APP:3=3,HAL:5=5) RR(25) AA(0,0-2016x1512) TS(0) 
07-25 21:40:08.753   723  5041 I MtkCam/P1NodeImp: [hardwareOps_start] [Cam::0] HwLockStartWait +++
07-25 21:40:08.753   723  5041 I MtkCam/P1NodeImp: [hardwareOps_start] [Cam::0] HwLockStartWait ---
07-25 21:40:08.753   723  5041 D NormalPipe: [createInstance_INormalPipe] N:0,P1Node,pAllSensorInfo=0x0xb400007ece82a820
07-25 21:40:08.753   723  5041 D NormalPipe: [createInstance_INormalPipe] N:0,SensorName=SENSOR_DRVNAME_IMX563_MIPI_RAW,Type=0,DevId=1
07-25 21:40:08.753   723  5043 D MtkCam/SensorProvider: (5043)[SensorProvider] MtkCam/fdNodeImp SensorProvider constructor
07-25 21:40:08.754   723  5043 D MtkCam/SensorProviderService: (5043)[enableSensor] enableSensor user=MtkCam/fdNodeImp type=1 interval=60
07-25 21:40:08.754   723  5044 I MtkCam/P1NodeUtility: [wait] [Cam::0] StageCtrl waiting(0)
07-25 21:40:08.754   723  5041 D NormalPipe: [createInstance_INormalPipe] N:1,SensorName=SENSOR_DRVNAME_IMX563MAIN2_MIPI_RAW,Type=0,DevId=4
07-25 21:40:08.754   723  5048 D MtkCam/JpegNode: [JpgLog] [waitJpegEncodeReqDone] +
07-25 21:40:08.754   723  5045 I MtkCam/StreamingPipe/MDPWrapper: [MDPWrapper][p2s] out port count=2, mUseIONFD=0
07-25 21:40:08.754   723  5043 D MtkCam/fdNodeImp: enable SensorProvider success
07-25 21:40:08.754   723  5048 I MtkCam/JpegNode: [waitJpegEncodeReqDone] mReqNewTriggerEncodeCond wait + 
07-25 21:40:08.754   723  5041 D NormalPipe: [createInstance_INormalPipe] P1Node NPipe[0]=0x0xb400007e7e81ed80 create
07-25 21:40:08.754   723  5041 D NormalPipe: [addUser] P1Node ++, 1/1
07-25 21:40:08.754   723  5041 I MtkCam/P1NodeImp: [hardwareOps_start] [Cam::0] mpCamIO->init +++
07-25 21:40:08.754   723  5041 D NormalPipe: [init] + SenIdx=0, EnableSec = 0
07-25 21:40:08.754   723  5041 D Drv/IMem: [init] mCount(0)
07-25 21:40:08.754   723  5043 D MtkCam/fdNodeImp: [init] FD Node: active array(0, 0, 2016x1512)
07-25 21:40:08.754   723  5043 D MtkCam/fdNodeImp: [init] FD Node: sensor facing : 1
07-25 21:40:08.754   723  5043 D MtkCam/fdNodeImp: [init] FD Node: sensor orientation : 90
07-25 21:40:08.754   723  5043 D MtkCam/fdNodeImp: [config] EisMargin: 100
07-25 21:40:08.754   723  5043 D HalIspImp: [sendIspCtrl] Unsupport Command(18)
07-25 21:40:08.754   723  5043 I MtkCam/fdNodeImp: [config] is FD in secure mode : 0
07-25 21:40:08.754   723  5041 D Drv/IMem: [init] open ion id(102).
07-25 21:40:08.754   723  5045 I MtkCam/StreamingPipe/MDPWrapper: [MDPWrapper][fpipe.helper] out port count=2, mUseIONFD=0
07-25 21:40:08.754   723  5041 D NormalPipe: [init] mInitCount(0), EnableSec = 0
07-25 21:40:08.754   723  5043 D MtkCam/ppl_context: [launchOneNode]   2ms: FDNode
07-25 21:40:08.754   723  5051 D MtkCam/fdNodeImp: [readyToRun] Tid: 5051, policy: 0, priority: 0
07-25 21:40:08.754   723  5045 I MtkCam/StreamingPipe/MDPWrapper: [MDPWrapper][VMDPNode] out port count=2, mUseIONFD=0
07-25 21:40:08.754   723  5045 I MtkCam/StreamingPipe/MDPWrapper: [MDPWrapper][VMDPNode] out port count=2, mUseIONFD=0
07-25 21:40:08.754   723  5041 I MtkCam/P1NodeImp: [hardwareOps_start] [Cam::0] mpCamIO->init ---
07-25 21:40:08.754   723  5041 I LMVHal  : [CreateInstance]user(MtkCam/P1NodeConnectLMV),sensorId(0)
07-25 21:40:08.754   723  5041 D LMVHal  : [GetInstance]sensorIdx(0)
07-25 21:40:08.754   723  5045 I MtkCam/StreamingPipe/MDPWrapper: [MDPWrapper][XNode] out port count=2, mUseIONFD=0
07-25 21:40:08.754   723  5041 D MtkCam/HalSensor: [destroyInstance] HalSensor destroyInstance count = 3, caller =LMVHal_0
07-25 21:40:08.755   723  5041 I LMVDrv  : [GetInstance]aSensorIdx(0)
07-25 21:40:08.755   723  5041 D LMVDrv  : [Init][Cam::0]count:1 Selected CamIO Version:0x1000000
07-25 21:40:08.755   723  5041 D NormalPipe: [addUser] LMVDrv_0 ++, 1/2
07-25 21:40:08.755   723  5041 D LMVDrv  : [Init][Cam::0]-
07-25 21:40:08.755   723  5041 D LMVHal  : [Init][Cam::0]LMVHal(0xb400007e9e81f1a8)CropRatio(120)
07-25 21:40:08.755   723  5045 I MtkCam/StreamingPipe/Pipe: [StreamingFeaturePipe]create pipe(0xb400007c8d5d7170): SensorIndex=0 sensorNum(1) dualMode(0),UsageMode=4 EisMode=0x0 3DNRMode=67 AISSMode=0 DSDN(mode/m/d/layer/p1ctrl/10bit)=(0/1/2/1/0/0) tsq=0 StreamingSize=1920x1088 Out(max/phy/large/fd/video)=(4/0/0/640x480/1920x1080) In(fps/p1Batch)=(30/1), secType=0 HDR10=(0/0)
07-25 21:40:08.755   723  5045 I MtkCam/StreamingPipe/Pipe: [prepareGeneralPipe]create & init DIPStream ++
07-25 21:40:08.755   723  5045 I DIPStream: [createInstance]createInstance DIPStream_NormalStream
07-25 21:40:08.755   723  5045 D Iop/P2PPWp: [getInstance] &Singleton(0x7cba5fbc90)
07-25 21:40:08.755   723  5045 D Iop/P2NStm: [NormalStream] query from sensor openedSensorIndex (1), eRawPxlID(3)
07-25 21:40:08.755   723  5045 D Iop/P2NStm: [NormalStream] pipeID/sidx/sdev/pxlID(1/0x0/0x1/0x3),swPipe cID(0xb400007e5e812e78)
07-25 21:40:08.755   723  5045 D Iop/P2NStm: [init] +
07-25 21:40:08.755   723  5045 D Iop/P2NStm: [init] sz/pipeID/openedSensor/pixId (StreamingFeature/1/0x1/0x3)
07-25 21:40:08.755   723  5041 D MtkCam/ImgBuf: [IonHeap::onCreate] IonHeap@ this:0xb400007e0e81b790 15616x1, fmt(0x21), secType(0), plane(0) bit(8), buf offset(0), stride(15616), bufSize(15616); 
07-25 21:40:08.755   723  5045 D Iop/P2PPWp: [init] +
07-25 21:40:08.755   723  5045 D Iop/P2PPWp: [init] - E (New) mUCnt(0), cUser(StreamingFeature), pipeID(1)
07-25 21:40:08.755   723  5045 D Iop/P2PPWp: [init] - flag 3 (0/StreamingFeature/1) 
07-25 21:40:08.755   723  5041 D MtkCam/BaseHeap: [IonHeap::helpMapPhyAddrIon] [LMVHal_0] mID(0x68),size(15616),VA(0x7f777e0000),PA(0x9000000),S/C(0/0)
07-25 21:40:08.755   723  5041 D LMVHal  : [CreateMultiMemBuf][Cam::0]IIonImageBufferHeap iVAddr:0x7f777e0000, iPAddr:0x9000000, iHeapId:104. spMainImageBuf iVAddr:0x7f777e0000, iPAddr:0x9000000
07-25 21:40:08.755   723  5045 D PostProcPipe: [init] +, szCallerName(HalPipeWrapper)
07-25 21:40:08.755   723  5041 I mtkcam-IonDevice: [attach] open shared ion device +
07-25 21:40:08.755   723  5045 D iio/ifunc_dip: [init] +, userName(PostProcPipe), mInitCount(0)
07-25 21:40:08.755   723  5041 I mtkcam-IonDevice: [attach] open shared ion device - fd=105
07-25 21:40:08.755   723  5045 D Drv/IMem: [init] mCount(1)
07-25 21:40:08.755   723  5045 D IspDrvDipPhy: [init] +,m_UserCnt(0),curUser(IspDrvShellImp).
07-25 21:40:08.755   723  5045 D Isp_Drv : [init] +,m_UserCnt(0), curUser(isp_drv_dip_phy).
07-25 21:40:08.755   723  5041 D MtkCam/DummyHeap: [DummyHeap::impInit] plane(1), memID(0x68), va(0x7f777e0000/0x0/0x0)
07-25 21:40:08.755   723  5041 D MtkCam/ImgBuf: [DummyHeap::onCreate] DummyHeap@ this:0xb400007e0e8117d0 256x1, fmt(0x21), secType(0), plane(0) bit(8), buf offset(0), stride(256), bufSize(256); 
07-25 21:40:08.755  4539  4573 I BufferQueueProducer: [ImageReader-1920x1080f100m4-4539-3](id:11bb0000000b,api:4,p:687,c:4539) connect: api=4 producerControlledByApp=false
07-25 21:40:08.755   723  5041 D MtkCam/DummyHeap: [DummyHeap::impInit] plane(1), memID(0x68), va(0x7f777e0100/0x0/0x0)
07-25 21:40:08.755   723  5041 D MtkCam/ImgBuf: [DummyHeap::onCreate] DummyHeap@ this:0xb400007e0e826050 256x1, fmt(0x21), secType(0), plane(0) bit(8), buf offset(0), stride(256), bufSize(256); 
07-25 21:40:08.755   723  5041 D MtkCam/DummyHeap: [DummyHeap::impInit] plane(1), memID(0x68), va(0x7f777e0200/0x0/0x0)
07-25 21:40:08.755   723  5041 D MtkCam/ImgBuf: [DummyHeap::onCreate] DummyHeap@ this:0xb400007e0e825f30 256x1, fmt(0x21), secType(0), plane(0) bit(8), buf offset(0), stride(256), bufSize(256); 
07-25 21:40:08.755   723  5041 D MtkCam/DummyHeap: [DummyHeap::impInit] plane(1), memID(0x68), va(0x7f777e0300/0x0/0x0)
07-25 21:40:08.755   723  5041 D MtkCam/ImgBuf: [DummyHeap::onCreate] DummyHeap@ this:0xb400007e0e81b310 256x1, fmt(0x21), secType(0), plane(0) bit(8), buf offset(0), stride(256), bufSize(256); 
07-25 21:40:08.755   723  5041 D MtkCam/DummyHeap: [DummyHeap::impInit] plane(1), memID(0x68), va(0x7f777e0400/0x0/0x0)
07-25 21:40:08.755   723  5045 D IspDrvDipPhy: [loadInitSetting] loadInitSetting size(94)
07-25 21:40:08.755   723  5041 D MtkCam/ImgBuf: [DummyHeap::onCreate] DummyHeap@ this:0xb400007e0e81b0d0 256x1, fmt(0x21), secType(0), plane(0) bit(8), buf offset(0), stride(256), bufSize(256); 
07-25 21:40:08.755   723  5045 D Isp_Drv : [init] +,m_UserCnt(1), curUser(IspDrvShellImp).
07-25 21:40:08.755   723  5041 D MtkCam/DummyHeap: [DummyHeap::impInit] plane(1), memID(0x68), va(0x7f777e0500/0x0/0x0)
07-25 21:40:08.755   723  5045 D Isp_Drv : [init]  - X. m_UserCnt: 2,UserName:IspDrvShellImp
07-25 21:40:08.755   723  5041 D MtkCam/ImgBuf: [DummyHeap::onCreate] DummyHeap@ this:0xb400007e0e82a070 256x1, fmt(0x21), secType(0), plane(0) bit(8), buf offset(0), stride(256), bufSize(256); 
07-25 21:40:08.755   723  5045 D Drv/IMem: [init] mCount(2)
07-25 21:40:08.755   723  5041 D MtkCam/DummyHeap: [DummyHeap::impInit] plane(1), memID(0x68), va(0x7f777e0600/0x0/0x0)
07-25 21:40:08.755   723  5045 D MdpMgr  : [createInstance] +
07-25 21:40:08.755   723  5041 D MtkCam/ImgBuf: [DummyHeap::onCreate] DummyHeap@ this:0xb400007e0e8170b0 256x1, fmt(0x21), secType(0), plane(0) bit(8), buf offset(0), stride(256), bufSize(256); 
07-25 21:40:08.755   723  5045 D MdpMgr  : [createInstance] -
07-25 21:40:08.755   723  5041 D MtkCam/DummyHeap: [DummyHeap::impInit] plane(1), memID(0x68), va(0x7f777e0700/0x0/0x0)
07-25 21:40:08.755   723  5041 D MtkCam/ImgBuf: [DummyHeap::onCreate] DummyHeap@ this:0xb400007e0e835110 256x1, fmt(0x21), secType(0), plane(0) bit(8), buf offset(0), stride(256), bufSize(256); 
07-25 21:40:08.755   723  5041 D MtkCam/DummyHeap: [DummyHeap::impInit] plane(1), memID(0x68), va(0x7f777e0800/0x0/0x0)
07-25 21:40:08.755   687  4136 D Surface : dispatchSetBuffersDimensions w=3378951, h=1
07-25 21:40:08.755   723  5041 D MtkCam/ImgBuf: [DummyHeap::onCreate] DummyHeap@ this:0xb400007e0e81cbd0 256x1, fmt(0x21), secType(0), plane(0) bit(8), buf offset(0), stride(256), bufSize(256); 
07-25 21:40:08.755   687  4136 D Surface : setBuffersDimensions w=3378951, h=1
07-25 21:40:08.755   723  5041 D MtkCam/DummyHeap: [DummyHeap::impInit] plane(1), memID(0x68), va(0x7f777e0900/0x0/0x0)
07-25 21:40:08.755   723  5041 D MtkCam/ImgBuf: [DummyHeap::onCreate] DummyHeap@ this:0xb400007e0e834930 256x1, fmt(0x21), secType(0), plane(0) bit(8), buf offset(0), stride(256), bufSize(256); 
07-25 21:40:08.756   723  5041 D MtkCam/DummyHeap: [DummyHeap::impInit] plane(1), memID(0x68), va(0x7f777e0a00/0x0/0x0)
07-25 21:40:08.756   723  5041 D MtkCam/ImgBuf: [DummyHeap::onCreate] DummyHeap@ this:0xb400007e0e80fdf0 256x1, fmt(0x21), secType(0), plane(0) bit(8), buf offset(0), stride(256), bufSize(256); 
07-25 21:40:08.756   723  5041 D MtkCam/DummyHeap: [DummyHeap::impInit] plane(1), memID(0x68), va(0x7f777e0b00/0x0/0x0)
07-25 21:40:08.756   723  5041 D MtkCam/ImgBuf: [DummyHeap::onCreate] DummyHeap@ this:0xb400007e0e82d550 256x1, fmt(0x21), secType(0), plane(0) bit(8), buf offset(0), stride(256), bufSize(256); 
07-25 21:40:08.756   723  5041 D MtkCam/DummyHeap: [DummyHeap::impInit] plane(1), memID(0x68), va(0x7f777e0c00/0x0/0x0)
07-25 21:40:08.756   723  5041 D MtkCam/ImgBuf: [DummyHeap::onCreate] DummyHeap@ this:0xb400007e0e815a30 256x1, fmt(0x21), secType(0), plane(0) bit(8), buf offset(0), stride(256), bufSize(256); 
07-25 21:40:08.756   723  5041 D MtkCam/DummyHeap: [DummyHeap::impInit] plane(1), memID(0x68), va(0x7f777e0d00/0x0/0x0)
07-25 21:40:08.756   723  5041 D MtkCam/ImgBuf: [DummyHeap::onCreate] DummyHeap@ this:0xb400007e0e830010 256x1, fmt(0x21), secType(0), plane(0) bit(8), buf offset(0), stride(256), bufSize(256); 
07-25 21:40:08.756   723  5041 D MtkCam/DummyHeap: [DummyHeap::impInit] plane(1), memID(0x68), va(0x7f777e0e00/0x0/0x0)
07-25 21:40:08.756   723  5041 D MtkCam/ImgBuf: [DummyHeap::onCreate] DummyHeap@ this:0xb400007e0e8225d0 256x1, fmt(0x21), secType(0), plane(0) bit(8), buf offset(0), stride(256), bufSize(256); 
07-25 21:40:08.756   723  5041 D MtkCam/DummyHeap: [DummyHeap::impInit] plane(1), memID(0x68), va(0x7f777e0f00/0x0/0x0)
07-25 21:40:08.756   723  5041 D MtkCam/ImgBuf: [DummyHeap::onCreate] DummyHeap@ this:0xb400007e0e8292f0 256x1, fmt(0x21), secType(0), plane(0) bit(8), buf offset(0), stride(256), bufSize(256); 
07-25 21:40:08.756   723  5041 D MtkCam/DummyHeap: [DummyHeap::impInit] plane(1), memID(0x68), va(0x7f777e1000/0x0/0x0)
07-25 21:40:08.756   723  5041 D MtkCam/ImgBuf: [DummyHeap::onCreate] DummyHeap@ this:0xb400007e0e8212b0 256x1, fmt(0x21), secType(0), plane(0) bit(8), buf offset(0), stride(256), bufSize(256); 
07-25 21:40:08.756   723  5041 D MtkCam/DummyHeap: [DummyHeap::impInit] plane(1), memID(0x68), va(0x7f777e1100/0x0/0x0)
07-25 21:40:08.756   723  5041 D MtkCam/ImgBuf: [DummyHeap::onCreate] DummyHeap@ this:0xb400007e0e826cb0 256x1, fmt(0x21), secType(0), plane(0) bit(8), buf offset(0), stride(256), bufSize(256); 
07-25 21:40:08.756   723  5041 D MtkCam/DummyHeap: [DummyHeap::impInit] plane(1), memID(0x68), va(0x7f777e1200/0x0/0x0)
07-25 21:40:08.756   723  5041 D MtkCam/ImgBuf: [DummyHeap::onCreate] DummyHeap@ this:0xb400007e0e813870 256x1, fmt(0x21), secType(0), plane(0) bit(8), buf offset(0), stride(256), bufSize(256); 
07-25 21:40:08.756   723  5041 D MtkCam/DummyHeap: [DummyHeap::impInit] plane(1), memID(0x68), va(0x7f777e1300/0x0/0x0)
07-25 21:40:08.756   723  5041 D MtkCam/ImgBuf: [DummyHeap::onCreate] DummyHeap@ this:0xb400007e0e82e1b0 256x1, fmt(0x21), secType(0), plane(0) bit(8), buf offset(0), stride(256), bufSize(256); 
07-25 21:40:08.756   723  5041 D MtkCam/DummyHeap: [DummyHeap::impInit] plane(1), memID(0x68), va(0x7f777e1400/0x0/0x0)
07-25 21:40:08.756   723  5041 D MtkCam/ImgBuf: [DummyHeap::onCreate] DummyHeap@ this:0xb400007e0e823110 256x1, fmt(0x21), secType(0), plane(0) bit(8), buf offset(0), stride(256), bufSize(256); 
07-25 21:40:08.756   723  5041 D MtkCam/DummyHeap: [DummyHeap::impInit] plane(1), memID(0x68), va(0x7f777e1500/0x0/0x0)
07-25 21:40:08.756   723  5041 D MtkCam/ImgBuf: [DummyHeap::onCreate] DummyHeap@ this:0xb400007e0e82c8f0 256x1, fmt(0x21), secType(0), plane(0) bit(8), buf offset(0), stride(256), bufSize(256); 
07-25 21:40:08.756   723  5041 D MtkCam/DummyHeap: [DummyHeap::impInit] plane(1), memID(0x68), va(0x7f777e1600/0x0/0x0)
07-25 21:40:08.756   723  5041 D MtkCam/ImgBuf: [DummyHeap::onCreate] DummyHeap@ this:0xb400007e0e8372d0 256x1, fmt(0x21), secType(0), plane(0) bit(8), buf offset(0), stride(256), bufSize(256); 
07-25 21:40:08.756   723  5041 D MtkCam/DummyHeap: [DummyHeap::impInit] plane(1), memID(0x68), va(0x7f777e1700/0x0/0x0)
07-25 21:40:08.756   723  5041 D MtkCam/ImgBuf: [DummyHeap::onCreate] DummyHeap@ this:0xb400007e0e812550 256x1, fmt(0x21), secType(0), plane(0) bit(8), buf offset(0), stride(256), bufSize(256); 
07-25 21:40:08.756   723  5041 D MtkCam/DummyHeap: [DummyHeap::impInit] plane(1), memID(0x68), va(0x7f777e1800/0x0/0x0)
07-25 21:40:08.756   723  5041 D MtkCam/ImgBuf: [DummyHeap::onCreate] DummyHeap@ this:0xb400007e0e813bd0 256x1, fmt(0x21), secType(0), plane(0) bit(8), buf offset(0), stride(256), bufSize(256); 
07-25 21:40:08.756   723  5041 D MtkCam/DummyHeap: [DummyHeap::impInit] plane(1), memID(0x68), va(0x7f777e1900/0x0/0x0)
07-25 21:40:08.757   723  5041 D MtkCam/ImgBuf: [DummyHeap::onCreate] DummyHeap@ this:0xb400007e0e80df90 256x1, fmt(0x21), secType(0), plane(0) bit(8), buf offset(0), stride(256), bufSize(256); 
07-25 21:40:08.757   723  5041 D MtkCam/DummyHeap: [DummyHeap::impInit] plane(1), memID(0x68), va(0x7f777e1a00/0x0/0x0)
07-25 21:40:08.757   723  5041 D MtkCam/ImgBuf: [DummyHeap::onCreate] DummyHeap@ this:0xb400007e0e819db0 256x1, fmt(0x21), secType(0), plane(0) bit(8), buf offset(0), stride(256), bufSize(256); 
07-25 21:40:08.757   723  5041 D MtkCam/DummyHeap: [DummyHeap::impInit] plane(1), memID(0x68), va(0x7f777e1b00/0x0/0x0)
07-25 21:40:08.757   723  5041 D MtkCam/ImgBuf: [DummyHeap::onCreate] DummyHeap@ this:0xb400007e0e815fd0 256x1, fmt(0x21), secType(0), plane(0) bit(8), buf offset(0), stride(256), bufSize(256); 
07-25 21:40:08.757   723  5041 D MtkCam/DummyHeap: [DummyHeap::impInit] plane(1), memID(0x68), va(0x7f777e1c00/0x0/0x0)
07-25 21:40:08.757   723  5041 D MtkCam/ImgBuf: [DummyHeap::onCreate] DummyHeap@ this:0xb400007e0e82ba50 256x1, fmt(0x21), secType(0), plane(0) bit(8), buf offset(0), stride(256), bufSize(256); 
07-25 21:40:08.757   723  5041 D MtkCam/DummyHeap: [DummyHeap::impInit] plane(1), memID(0x68), va(0x7f777e1d00/0x0/0x0)
07-25 21:40:08.757   723  5041 D MtkCam/ImgBuf: [DummyHeap::onCreate] DummyHeap@ this:0xb400007e0e8277f0 256x1, fmt(0x21), secType(0), plane(0) bit(8), buf offset(0), stride(256), bufSize(256); 
07-25 21:40:08.757   723  5041 D MtkCam/DummyHeap: [DummyHeap::impInit] plane(1), memID(0x68), va(0x7f777e1e00/0x0/0x0)
07-25 21:40:08.757  4539  4573 I BufferQueueProducer: [GraphicBufferSource](id:11bb0000000c,api:4,p:687,c:4539) connect: api=4 producerControlledByApp=false
07-25 21:40:08.757   723  5041 D MtkCam/ImgBuf: [DummyHeap::onCreate] DummyHeap@ this:0xb400007e0e82acd0 256x1, fmt(0x21), secType(0), plane(0) bit(8), buf offset(0), stride(256), bufSize(256); 
07-25 21:40:08.757   723  5041 D MtkCam/DummyHeap: [DummyHeap::impInit] plane(1), memID(0x68), va(0x7f777e1f00/0x0/0x0)
07-25 21:40:08.757   723  5041 D MtkCam/ImgBuf: [DummyHeap::onCreate] DummyHeap@ this:0xb400007e0e834270 256x1, fmt(0x21), secType(0), plane(0) bit(8), buf offset(0), stride(256), bufSize(256); 
07-25 21:40:08.757   723  5041 D MtkCam/DummyHeap: [DummyHeap::impInit] plane(1), memID(0x68), va(0x7f777e2000/0x0/0x0)
07-25 21:40:08.757   723  5041 D MtkCam/ImgBuf: [DummyHeap::onCreate] DummyHeap@ this:0xb400007e0e8357d0 256x1, fmt(0x21), secType(0), plane(0) bit(8), buf offset(0), stride(256), bufSize(256); 
07-25 21:40:08.757   723  5041 D MtkCam/DummyHeap: [DummyHeap::impInit] plane(1), memID(0x68), va(0x7f777e2100/0x0/0x0)
07-25 21:40:08.757   723  5041 D MtkCam/ImgBuf: [DummyHeap::onCreate] DummyHeap@ this:0xb400007e0e8264d0 256x1, fmt(0x21), secType(0), plane(0) bit(8), buf offset(0), stride(256), bufSize(256); 
07-25 21:40:08.757   723  5041 D MtkCam/DummyHeap: [DummyHeap::impInit] plane(1), memID(0x68), va(0x7f777e2200/0x0/0x0)
07-25 21:40:08.757   723  5041 D MtkCam/ImgBuf: [DummyHeap::onCreate] DummyHeap@ this:0xb400007e0e8306d0 256x1, fmt(0x21), secType(0), plane(0) bit(8), buf offset(0), stride(256), bufSize(256); 
07-25 21:40:08.757   723  5041 D MtkCam/DummyHeap: [DummyHeap::impInit] plane(1), memID(0x68), va(0x7f777e2300/0x0/0x0)
07-25 21:40:08.757   723  5041 D MtkCam/ImgBuf: [DummyHeap::onCreate] DummyHeap@ this:0xb400007e0e82bff0 256x1, fmt(0x21), secType(0), plane(0) bit(8), buf offset(0), stride(256), bufSize(256); 
07-25 21:40:08.757   723  5041 D MtkCam/DummyHeap: [DummyHeap::impInit] plane(1), memID(0x68), va(0x7f777e2400/0x0/0x0)
07-25 21:40:08.757   723  5041 D MtkCam/ImgBuf: [DummyHeap::onCreate] DummyHeap@ this:0xb400007e0e818a90 256x1, fmt(0x21), secType(0), plane(0) bit(8), buf offset(0), stride(256), bufSize(256); 
07-25 21:40:08.757   723  5041 D MtkCam/DummyHeap: [DummyHeap::impInit] plane(1), memID(0x68), va(0x7f777e2500/0x0/0x0)
07-25 21:40:08.757   723  5041 D MtkCam/ImgBuf: [DummyHeap::onCreate] DummyHeap@ this:0xb400007e0e82e510 256x1, fmt(0x21), secType(0), plane(0) bit(8), buf offset(0), stride(256), bufSize(256); 
07-25 21:40:08.757   723  5041 D MtkCam/DummyHeap: [DummyHeap::impInit] plane(1), memID(0x68), va(0x7f777e2600/0x0/0x0)
07-25 21:40:08.757   723  5041 D MtkCam/ImgBuf: [DummyHeap::onCreate] DummyHeap@ this:0xb400007e0e8320b0 256x1, fmt(0x21), secType(0), plane(0) bit(8), buf offset(0), stride(256), bufSize(256); 
07-25 21:40:08.757   723  5041 D MtkCam/DummyHeap: [DummyHeap::impInit] plane(1), memID(0x68), va(0x7f777e2700/0x0/0x0)
07-25 21:40:08.757   723  5041 D MtkCam/ImgBuf: [DummyHeap::onCreate] DummyHeap@ this:0xb400007e0e81c870 256x1, fmt(0x21), secType(0), plane(0) bit(8), buf offset(0), stride(256), bufSize(256); 
07-25 21:40:08.757   723  5041 D MtkCam/DummyHeap: [DummyHeap::impInit] plane(1), memID(0x68), va(0x7f777e2800/0x0/0x0)
07-25 21:40:08.757   723  5041 D MtkCam/ImgBuf: [DummyHeap::onCreate] DummyHeap@ this:0xb400007e0e817ad0 256x1, fmt(0x21), secType(0), plane(0) bit(8), buf offset(0), stride(256), bufSize(256); 
07-25 21:40:08.757   723  5041 D MtkCam/DummyHeap: [DummyHeap::impInit] plane(1), memID(0x68), va(0x7f777e2900/0x0/0x0)
07-25 21:40:08.757   723  5041 D MtkCam/ImgBuf: [DummyHeap::onCreate] DummyHeap@ this:0xb400007e0e820bf0 256x1, fmt(0x21), secType(0), plane(0) bit(8), buf offset(0), stride(256), bufSize(256); 
07-25 21:40:08.757   723  5041 D MtkCam/DummyHeap: [DummyHeap::impInit] plane(1), memID(0x68), va(0x7f777e2a00/0x0/0x0)
07-25 21:40:08.757   723  5041 D MtkCam/ImgBuf: [DummyHeap::onCreate] DummyHeap@ this:0xb400007e0e831690 256x1, fmt(0x21), secType(0), plane(0) bit(8), buf offset(0), stride(256), bufSize(256); 
07-25 21:40:08.757   723  5041 D MtkCam/DummyHeap: [DummyHeap::impInit] plane(1), memID(0x68), va(0x7f777e2b00/0x0/0x0)
07-25 21:40:08.758   723  5041 D MtkCam/ImgBuf: [DummyHeap::onCreate] DummyHeap@ this:0xb400007e0e81d3b0 256x1, fmt(0x21), secType(0), plane(0) bit(8), buf offset(0), stride(256), bufSize(256); 
07-25 21:40:08.758   723  5041 D MtkCam/DummyHeap: [DummyHeap::impInit] plane(1), memID(0x68), va(0x7f777e2c00/0x0/0x0)
07-25 21:40:08.758   723  5041 D MtkCam/ImgBuf: [DummyHeap::onCreate] DummyHeap@ this:0xb400007e0e81c990 256x1, fmt(0x21), secType(0), plane(0) bit(8), buf offset(0), stride(256), bufSize(256); 
07-25 21:40:08.758   723  5041 D MtkCam/DummyHeap: [DummyHeap::impInit] plane(1), memID(0x68), va(0x7f777e2d00/0x0/0x0)
07-25 21:40:08.758   723  5041 D MtkCam/ImgBuf: [DummyHeap::onCreate] DummyHeap@ this:0xb400007e0e81c2d0 256x1, fmt(0x21), secType(0), plane(0) bit(8), buf offset(0), stride(256), bufSize(256); 
07-25 21:40:08.758   723  5041 D MtkCam/DummyHeap: [DummyHeap::impInit] plane(1), memID(0x68), va(0x7f777e2e00/0x0/0x0)
07-25 21:40:08.758   723  5041 D MtkCam/ImgBuf: [DummyHeap::onCreate] DummyHeap@ this:0xb400007e0e82dd30 256x1, fmt(0x21), secType(0), plane(0) bit(8), buf offset(0), stride(256), bufSize(256); 
07-25 21:40:08.758   723  5041 D MtkCam/DummyHeap: [DummyHeap::impInit] plane(1), memID(0x68), va(0x7f777e2f00/0x0/0x0)
07-25 21:40:08.758   723  5041 D MtkCam/ImgBuf: [DummyHeap::onCreate] DummyHeap@ this:0xb400007e0e823350 256x1, fmt(0x21), secType(0), plane(0) bit(8), buf offset(0), stride(256), bufSize(256); 
07-25 21:40:08.758   723  5041 D MtkCam/DummyHeap: [DummyHeap::impInit] plane(1), memID(0x68), va(0x7f777e3000/0x0/0x0)
07-25 21:40:08.758   723  5041 D MtkCam/ImgBuf: [DummyHeap::onCreate] DummyHeap@ this:0xb400007e0e820530 256x1, fmt(0x21), secType(0), plane(0) bit(8), buf offset(0), stride(256), bufSize(256); 
07-25 21:40:08.758   723  5041 D MtkCam/DummyHeap: [DummyHeap::impInit] plane(1), memID(0x68), va(0x7f777e3100/0x0/0x0)
07-25 21:40:08.758   723  5041 D MtkCam/ImgBuf: [DummyHeap::onCreate] DummyHeap@ this:0xb400007e0e81b8b0 256x1, fmt(0x21), secType(0), plane(0) bit(8), buf offset(0), stride(256), bufSize(256); 
07-25 21:40:08.758   723  5041 D MtkCam/DummyHeap: [DummyHeap::impInit] plane(1), memID(0x68), va(0x7f777e3200/0x0/0x0)
07-25 21:40:08.758   723  5041 D MtkCam/ImgBuf: [DummyHeap::onCreate] DummyHeap@ this:0xb400007e0e813750 256x1, fmt(0x21), secType(0), plane(0) bit(8), buf offset(0), stride(256), bufSize(256); 
07-25 21:40:08.758   723  5041 D MtkCam/DummyHeap: [DummyHeap::impInit] plane(1), memID(0x68), va(0x7f777e3300/0x0/0x0)
07-25 21:40:08.758   723  5041 D MtkCam/ImgBuf: [DummyHeap::onCreate] DummyHeap@ this:0xb400007e0e816d50 256x1, fmt(0x21), secType(0), plane(0) bit(8), buf offset(0), stride(256), bufSize(256); 
07-25 21:40:08.758   723  5041 D MtkCam/DummyHeap: [DummyHeap::impInit] plane(1), memID(0x68), va(0x7f777e3400/0x0/0x0)
07-25 21:40:08.758   723  5041 D MtkCam/ImgBuf: [DummyHeap::onCreate] DummyHeap@ this:0xb400007e0e82aa90 256x1, fmt(0x21), secType(0), plane(0) bit(8), buf offset(0), stride(256), bufSize(256); 
07-25 21:40:08.758   723  5041 D MtkCam/DummyHeap: [DummyHeap::impInit] plane(1), memID(0x68), va(0x7f777e3500/0x0/0x0)
07-25 21:40:08.758   723  5041 D MtkCam/ImgBuf: [DummyHeap::onCreate] DummyHeap@ this:0xb400007e0e8214f0 256x1, fmt(0x21), secType(0), plane(0) bit(8), buf offset(0), stride(256), bufSize(256); 
07-25 21:40:08.758   723  5041 D MtkCam/DummyHeap: [DummyHeap::impInit] plane(1), memID(0x68), va(0x7f777e3600/0x0/0x0)
07-25 21:40:08.758   723  5041 D MtkCam/ImgBuf: [DummyHeap::onCreate] DummyHeap@ this:0xb400007e0e82c7d0 256x1, fmt(0x21), secType(0), plane(0) bit(8), buf offset(0), stride(256), bufSize(256); 
07-25 21:40:08.758   723  5041 D MtkCam/DummyHeap: [DummyHeap::impInit] plane(1), memID(0x68), va(0x7f777e3700/0x0/0x0)
07-25 21:40:08.758   723  5041 D MtkCam/ImgBuf: [DummyHeap::onCreate] DummyHeap@ this:0xb400007e0e822390 256x1, fmt(0x21), secType(0), plane(0) bit(8), buf offset(0), stride(256), bufSize(256); 
07-25 21:40:08.758   723  5041 D MtkCam/DummyHeap: [DummyHeap::impInit] plane(1), memID(0x68), va(0x7f777e3800/0x0/0x0)
07-25 21:40:08.758   723  5041 D MtkCam/ImgBuf: [DummyHeap::onCreate] DummyHeap@ this:0xb400007e0e828e70 256x1, fmt(0x21), secType(0), plane(0) bit(8), buf offset(0), stride(256), bufSize(256); 
07-25 21:40:08.758   723  5041 D MtkCam/DummyHeap: [DummyHeap::impInit] plane(1), memID(0x68), va(0x7f777e3900/0x0/0x0)
07-25 21:40:08.758   723  5041 D MtkCam/ImgBuf: [DummyHeap::onCreate] DummyHeap@ this:0xb400007e0e813f30 256x1, fmt(0x21), secType(0), plane(0) bit(8), buf offset(0), stride(256), bufSize(256); 
07-25 21:40:08.758   723  5041 D MtkCam/DummyHeap: [DummyHeap::impInit] plane(1), memID(0x68), va(0x7f777e3a00/0x0/0x0)
07-25 21:40:08.758   723  5041 D MtkCam/ImgBuf: [DummyHeap::onCreate] DummyHeap@ this:0xb400007e0e8144d0 256x1, fmt(0x21), secType(0), plane(0) bit(8), buf offset(0), stride(256), bufSize(256); 
07-25 21:40:08.758   723  5041 D MtkCam/DummyHeap: [DummyHeap::impInit] plane(1), memID(0x68), va(0x7f777e3b00/0x0/0x0)
07-25 21:40:08.758   723  5041 D MtkCam/ImgBuf: [DummyHeap::onCreate] DummyHeap@ this:0xb400007e0e8329b0 256x1, fmt(0x21), secType(0), plane(0) bit(8), buf offset(0), stride(256), bufSize(256); 
07-25 21:40:08.758   723  5041 D MtkCam/DummyHeap: [DummyHeap::impInit] plane(1), memID(0x68), va(0x7f777e3c00/0x0/0x0)
07-25 21:40:08.758   723  5041 D MtkCam/ImgBuf: [DummyHeap::onCreate] DummyHeap@ this:0xb400007e0e825750 256x1, fmt(0x21), secType(0), plane(0) bit(8), buf offset(0), stride(256), bufSize(256); 
07-25 21:40:08.758   723  5041 D LMVHal  : [CreateMultiMemBuf][Cam::0]-
07-25 21:40:08.758   723  5041 D LMVHal  : [Init][Cam::0]-
07-25 21:40:08.759   723  5041 D Hal3Av3 : [createInstance] sensorIdx(0) P1Node
07-25 21:40:08.759   723  5041 D Hal3Av3 : [init] sensorDev(1), sensorIdx(0), Still 5 users
07-25 21:40:08.759   723  5041 D Hal3Av3 : [init] sensorDev(1), sensorIdx(0), Done m_rConfigInfo.i4SubsampleCount(1), User.count(6), User init(P1Node)
07-25 21:40:08.759   723  5041 D ae_mgr  : [getAEInitExpoSetting()] m_eSensorDev: 1 u4SensorMode: 2 u4AETargetMode: 0
07-25 21:40:08.759   723  5041 D ae_mgr  : [setSensorMode()] m_eSensorDev: 1 i4NewSensorMode: 2
07-25 21:40:08.759   723  5041 D ae_mgr  : [setSensorMode()] m_eSensorMode/Hbinwidth/Hbinheight: 2/1008/1136 -> 2/0/0 , u4BlocksizeX/Y/Shift = 0/0/0 
07-25 21:40:08.759   723  5041 D ae_mgr  : [getAEInitExpoSetting()-getEVIdxInfo_v4p0] FinerEVIdxBase: 1 MaxIdx/MinIdx/Idx/MaxIdxF/MinIdxF/IdxF :146/0/113/146/0/113 
07-25 21:40:08.759   723  5041 D ae_mgr  : [setAETable()] i/ePreviewPLineTableID/TotalIdx:2/2/147
07-25 21:40:08.759   723  5041 D ae_mgr  : [setAETable()] i/eCapturePLineTableID/TotalIdx:2/2/147
07-25 21:40:08.759   723  5041 D ae_mgr  : [searchPreviewIndexLimit] m_u4FinerEVIdxBase:1 m_u4Index/m_u4IndexF:113/113 ZSD delta Idx:0 NewBV:104 OldBV:104 AEScene:1 u4Cap2PreRatio:1024
07-25 21:40:08.759   723  5041 D ae_mgr  : [setAEMinMaxFrameRatePlineIdx:e] m_u4FinerEVIdxBase: 1 MinFps/MaxIdx/MinIdx/Idx/MaxIdxF/MinIdxF/IdxF/SearchIdx/Searchfps: 50/146/0/113/146/0/113/147/249 
07-25 21:40:08.759   723  5041 D ae_mgr  : [searchPreviewIndexLimit] Preview table index normal/finerEV:0~146/0~146 m_u4FinerEVIdxBase:1 m_u4Index/m_u4IndexF:113/113 Delta:0 itemp:146 
07-25 21:40:08.759   723  5041 D ae_mgr  : [setAETable()] i/ePreviewPLineTableID/TotalIdx:2/2/147
07-25 21:40:08.759   723  5041 D ae_mgr  : [setAETable()] i/eCapturePLineTableID/TotalIdx:2/2/147
07-25 21:40:08.759   723  5041 D ae_mgr  : [searchPreviewIndexLimit] m_u4FinerEVIdxBase:1 m_u4Index/m_u4IndexF:113/113 ZSD delta Idx:0 NewBV:104 OldBV:104 AEScene:1 u4Cap2PreRatio:1024
07-25 21:40:08.759   723  5041 D ae_mgr  : [setAEMinMaxFrameRatePlineIdx:e] m_u4FinerEVIdxBase: 1 MinFps/MaxIdx/MinIdx/Idx/MaxIdxF/MinIdxF/IdxF/SearchIdx/Searchfps: 50/146/0/113/146/0/113/147/249 
07-25 21:40:08.759   723  5041 D ae_mgr  : [searchPreviewIndexLimit] Preview table index normal/finerEV:0~146/0~146 m_u4FinerEVIdxBase:1 m_u4Index/m_u4IndexF:113/113 Delta:0 itemp:146 
07-25 21:40:08.759   723  5041 D ae_mgr  : [setAEMinMaxFrameRatePlineIdx:e] m_u4FinerEVIdxBase: 1 MinFps/MaxIdx/MinIdx/Idx/MaxIdxF/MinIdxF/IdxF/SearchIdx/Searchfps: 50/146/0/113/146/0/113/147/249 
07-25 21:40:08.759   723  5041 D ae_mgr  : [getAEInitExpoSetting()-setEVIdxInfo_v4p0] FinerEVIdxBase: 1 MaxIdx/MinIdx/Idx/MaxIdxF/MinIdxF/IdxF :146/0/113/146/0/113 
07-25 21:40:08.759   723  5041 D ae_mgr  : [updateAEidxtoExpsetting:e] m_u4Index/m_u4IndexF/Exp/Afe/Isp/ISO : 113/113/30003/9040/1024/750 
07-25 21:40:08.759   723  5041 D ae_mgr  : [getAEInitExpoSetting()] u4Eposuretime(30003) u4AfeGain(9040) u4Eposuretime_se(0) u4AfeGain_se(0) 
07-25 21:40:08.759   723  5041 D Hal3ARaw: [send3ACtrl()] E3ACtrl_GetInitExpoSetting: u4SensorMode(2) u4AETargetMode(0) u4Eposuretime(30003) u4AfeGain(9040) u4Eposuretime_se(0) u4AfeGain_se(0) u4Eposuretime_me(0) u4AfeGain_me(0) u4Eposuretime_vse(0) u4AfeGain_vse(0)
07-25 21:40:08.759   723  5041 I MtkCam/P1NodeImp: [setAaaInitSensorCfg] [Cam::0] SensorCfg(T:0 i:0 2016x1136 s:2 b:0 c:1 h:0 f:30 t:0 d:0 cfg:0) AE(E:30003-G:9040 SE_E:0-G:0 ME_E:0-G:0 VSE_E:0-G:0)
07-25 21:40:08.759   723  5041 D HalIspImp: [createInstance] sensorIdx(0) P1Node
07-25 21:40:08.759   723  5041 D HalIspImp: [init] m_Users: 2, SensorDev 1, index 0 
07-25 21:40:08.759   723  5041 D HalIspImp: [init] 2 has created 
07-25 21:40:08.759   723  5041 D LCSHal  : [CreateInstance]MtkCam/P1NodeImp
07-25 21:40:08.759   723  5041 D LCSHal  : [GetInstance]aSensorIdx(0)
07-25 21:40:08.759   723  5041 I LCSHal  : [Init]mSensorIdx(0)  init
07-25 21:40:08.759   723  5041 D LCSHal  : [Init]debug dump = 0
07-25 21:40:08.759   723  5041 D LCSDrv  : [GetInstance]aSensorIdx(0)
07-25 21:40:08.759   723  5041 D MtkCam/P1NodeImp: [hardwareOps_start] [Cam::0] ConfigPipe-Bit(1)-ResCfg(0x3)-N3d(0)-Uni(0)-Qlv(1)-Func(0x30)-sec(0-0-0)-resolution(2016x1136)
07-25 21:40:08.759   723  5041 I MtkCam/P1NodeImp: [hardwareOps_start] [Cam::0] mpCamIO->configPipe +++
07-25 21:40:08.759   723  5041 D NormalPipe: [configPipe] +, SenIdx=0
07-25 21:40:08.759   723  5041 D MtkCam/HalSensor: [configure] configure Scenario=2, FPSx10=300 isBridgeIC: 0
07-25 21:40:08.759   723  5041 D MtkCam/HalSensor: [configure] isPDAFsupport = 0, pdaf type =0
07-25 21:40:08.759   723  5041 D MtkCam/HalSensor: [configure] SenDev=0, scenario=2, HDR=0, fps=300, twopix=0
07-25 21:40:08.761   687  4136 D Camera3-Device: Set real time priority for request queue thread (tid 5031)
07-25 21:40:08.762   723  5045 D iio/ifunc_dip: [init] secure Tag(0, 0)
07-25 21:40:08.762   723  5045 D Drv/IMem: [init] mCount(3)
07-25 21:40:08.763  4539  4573 D SyncCaptureSessionImpl: [androidx.camera.camera2.internal.SynchronizedCaptureSessionImpl@ac1210e] Session onConfigured()
07-25 21:40:08.763  4539  4573 D CaptureSession: Attempting to send capture request onConfigured
07-25 21:40:08.763  4539  4573 D CaptureSession: Issuing request for session.
07-25 21:40:08.763  4539  4573 D Camera2CaptureRequestBuilder: createCaptureRequest
07-25 21:40:08.763   723  5045 D iio/ifunc_dip: [init] dip ring buffer init done!!mInitCount(1)
07-25 21:40:08.763   723  5045 D CrzDrv  : [Init]  - E. mInitCount: 0. mSysramUsageCount: 0. 
07-25 21:40:08.763   723  5045 D CrzDrv  : [ProfilingPrint] [Event_CrzDrv_Init] atomic_inc:(0-th) ===> [start-->now: 0.024000 ms]
07-25 21:40:08.763   723  5045 D CrzDrv  : [Init]  - X. Result: 1. mInitCount: 1. mFdSysram: 0. mSysramUsageCount: 0.
07-25 21:40:08.763   723  5045 D CrzDrv  : [ProfilingPrint] [Event_CrzDrv_Init] Exit:(1-th) ===> [start-->now: 0.063000 ms] [last-->now: 0.039000 ms]
07-25 21:40:08.763   723  5045 D iio/ifunc_dip: [init] gFrameCQCfgInfoList size(0)
07-25 21:40:08.763   723  5045 D iio/ifunc_dip: [init] -,ret(1),mInitCount(1)
07-25 21:40:08.763   723  5045 D Iop/P2PPWp: [HalPipeWrapper_Thread] + thread type/property (0_0)
07-25 21:40:08.764   723  5045 D PostProcPipe: [init] +, szCallerName(HPTD_EQ_DIP1)
07-25 21:40:08.764   723  5045 D iio/ifunc_dip: [init] +, userName(PostProcPipe), mInitCount(1)
07-25 21:40:08.764   723  5045 D iio/ifunc_dip: [init] -,ret(1),mInitCount(2)
07-25 21:40:08.764   723  5045 D Iop/P2PPWp: [HalPipeWrapper_Thread] - tp(0_0) createThread
07-25 21:40:08.764   723  5045 D Iop/P2PPWp: [HalPipeWrapper_Thread] + thread type/property (1_0)
07-25 21:40:08.764   723  5045 D PostProcPipe: [init] +, szCallerName(HPTD_MDPST_DIP1)
07-25 21:40:08.764   723  5045 D iio/ifunc_dip: [init] +, userName(PostProcPipe), mInitCount(2)
07-25 21:40:08.764   723  5045 D iio/ifunc_dip: [init] -,ret(1),mInitCount(3)
07-25 21:40:08.764   723  5045 D Iop/P2PPWp: [HalPipeWrapper_Thread] - tp(1_0) createThread
07-25 21:40:08.764   723  5045 D Iop/P2PPWp: [HalPipeWrapper_Thread] + thread type/property (2_0)
07-25 21:40:08.764   723  5045 D PostProcPipe: [init] +, szCallerName(HPTD_DQ_DIP1)
07-25 21:40:08.764   723  5045 D iio/ifunc_dip: [init] +, userName(PostProcPipe), mInitCount(3)
07-25 21:40:08.764   723  5045 D iio/ifunc_dip: [init] -,ret(1),mInitCount(4)
07-25 21:40:08.764   723  5045 D Iop/P2PPWp: [HalPipeWrapper_Thread] - tp(2_0) createThread
07-25 21:40:08.764   723  5045 D Iop/P2PPWp: [init] - X. mUCnt(1), cUser(StreamingFeature), pipeID(1)
07-25 21:40:08.764   723  5045 D Iop/P2NStm: [init] -
07-25 21:40:08.764   723  5045 I MtkCam/StreamingPipe/Pipe: [prepareGeneralPipe]create & init DIPStream(0xb400007d7e836fc0) -- secTag(0), #P2EnqueDepth(3), #subFrame(1), #SMVRBatchNum(0)
07-25 21:40:08.764   723  5045 I MtkCam/StreamingPipe/TPI_MGR_Plugin: [createSession]+ sensor(#1:main=0) mask=[0x0000400c00181020] size(raw:1920x1088 app:1920x1080) margin(1.000)
07-25 21:40:08.765   723  5045 D MtkCam/ppl_plugin: [getInstance] Join: uniqueKey:0
07-25 21:40:08.765   723  5045 I MtkCam/ppl_plugin: [PipelinePlugin] Join: ctor(0xb400007dde80bd08), hash:0
07-25 21:40:08.765   723  5045 I MtkCam/ppl_plugin: [getInstance] Join: create plugin(0xb400007dde80bd08), hash:0, uniqueKey:0, mInstances size:1
07-25 21:40:08.765   723  5045 I MtkCam/TPI_S_ASYNC: [S_ASYNC_Plugin] create S_ASYNC plugin
07-25 21:40:08.765   723  5045 I MtkCam/TPI_S_META: [S_META_Plugin] create S_META plugin
07-25 21:40:08.765   723  5045 I MtkCam/TPI_S_Disp: [S_DISP_Plugin] create S_DISP plugin
07-25 21:40:08.765   723  5045 I MtkCam/TPI_S_EISQ: [S_EISQ_Plugin] create S_EISQ plugin
07-25 21:40:08.765   723  5045 I MtkCam/TPI_S_FB: [S_FB_Plugin] create S_FB plugin
07-25 21:40:08.765   723  5045 I MtkCam/TPI_S_Green: [S_GREEN_Plugin] create S_GREEN plugin
07-25 21:40:08.765   723  5045 W StereoSettingProvider: [getStereoSensorIndex] WRN(  208):Cannot get sensor index by logical device ID 0, return 0, 1
07-25 21:40:08.765   723  5045 D MtkCam/Plugin_S_SEMI: create S_SEMI plugin: Tolerence:700000000, DumpBuffer:0
07-25 21:40:08.765   723  5045 D MtkCam/Plugin_S_SEMI: mActiveCropSift 0 189 2016 1134
07-25 21:40:08.765   723  5045 I MtkCam/StreamingPipe/TPI_MGR_Plugin: [createPluginSession]negotiate[ID:1]+ [0x0000000000080000][MTK ASYNC ASD] match=1 isDualPlugin=0
07-25 21:40:08.765   723  5045 D MtkCam/TPI_S_ASYNC: [getConfigSetting] sessionMeta=0xb400007dce858898, delay=80(min/max:15/90)
07-25 21:40:08.765   723  5045 I MtkCam/StreamingPipe/TPI_MGR_Plugin: [createPluginSession]negotiate[ID:1]- name=[MTK ASYNC ASD] match=1 run=0
07-25 21:40:08.765   723  5045 I MtkCam/StreamingPipe/TPI_MGR_Plugin: [createPluginSession]negotiate[ID:2]+ [0x0000000000080000][MTK META only] match=1 isDualPlugin=0
07-25 21:40:08.765   723  5045 D MtkCam/TPI_S_META: [getConfigSetting] run=0 order=101 sessionMeta=0xb400007dce858898
07-25 21:40:08.765   723  5045 I MtkCam/StreamingPipe/TPI_MGR_Plugin: [createPluginSession]negotiate[ID:2]- name=[MTK META only] match=1 run=0
07-25 21:40:08.765   723  5045 I MtkCam/StreamingPipe/TPI_MGR_Plugin: [createPluginSession]negotiate[ID:3]+ [0x0000000000000020][MTK DISP] match=1 isDualPlugin=0
07-25 21:40:08.765   723  5045 D MtkCam/TPI_S_Disp: [getConfigSetting] sessionMeta=0xb400007dce858898
07-25 21:40:08.765   723  5045 I MtkCam/StreamingPipe/TPI_MGR_Plugin: [createPluginSession]negotiate[ID:3]- name=[MTK DISP] match=1 run=0
07-25 21:40:08.765   723  5045 I MtkCam/StreamingPipe/TPI_MGR_Plugin: [createPluginSession]negotiate[ID:4]+ [0x0000000000001000][MTK EISQ] match=1 isDualPlugin=0
07-25 21:40:08.765   723  5045 I MtkCam/TPI_S_EISQ: [getConfigSetting] max out size(1920x1080)
07-25 21:40:08.765   723  5045 D MtkCam/TPI_S_EISQ: [getConfigSetting] sessionMeta=0xb400007dce858898
07-25 21:40:08.765   723  5045 I MtkCam/StreamingPipe/TPI_MGR_Plugin: [createPluginSession]negotiate[ID:4]- name=[MTK EISQ] match=1 run=0
07-25 21:40:08.765   723  5045 I MtkCam/StreamingPipe/TPI_MGR_Plugin: [createPluginSession]negotiate[ID:5]+ [0x0000000000000020][MTK FB] match=1 isDualPlugin=0
07-25 21:40:08.765   723  5045 I MtkCam/TPI_S_FB: [getConfigSetting] max out size(1920x1080), StreamingSize (1920x1088), AllSensorSize is 1, first sensor is 0, Timestamp: 947367952286
07-25 21:40:08.765   723  5045 D MtkCam/TPI_S_FB: [getConfigSetting] sessionMeta=0xb400007dce858898
07-25 21:40:08.765   723  5045 I MtkCam/StreamingPipe/TPI_MGR_Plugin: [createPluginSession]negotiate[ID:5]- name=[MTK FB] match=1 run=0
07-25 21:40:08.765   723  5045 I MtkCam/StreamingPipe/TPI_MGR_Plugin: [createPluginSession]negotiate[ID:6]+ [0x0000000000000020][MTK GREEN] match=1 isDualPlugin=0
07-25 21:40:08.765   723  5045 D MtkCam/TPI_S_Green: [getConfigSetting] sessionMeta=0xb400007dce858898
07-25 21:40:08.765   723  5045 I MtkCam/StreamingPipe/TPI_MGR_Plugin: [createPluginSession]negotiate[ID:6]- name=[MTK GREEN] match=1 run=0
07-25 21:40:08.765   723  5045 I MtkCam/StreamingPipe/TPI_MGR_Plugin: [createPluginSession]negotiate[ID:7]+ [0x0000000000008000][MTK TK_3rdPartyPlugin] match=0 isDualPlugin=1
07-25 21:40:08.765   723  5045 I MtkCam/StreamingPipe/TPI_MGR_Plugin: [createPluginSession]negotiate[ID:7]- name=[MTK TK_3rdPartyPlugin] match=0 run=0
07-25 21:40:08.765   723  5045 D MtkCam/StreamingPipe/TPI_MGR: [print]Session:19(0xb400007f5e850060) sensor:0 scenario:1(streaming single) cookie:0x0
07-25 21:40:08.765   723  5045 I MtkCam/StreamingPipe/TPI_MGR_Plugin: [createSession]- ret=1
07-25 21:40:08.766   723  5045 I MtkCam/StreamingPipe/PipeUsage: [config]config usage : mSuppoRtSharedInput(1),supportSlaveNR(0), supportPhysicalNR(0)
07-25 21:40:08.766   723  5045 D Hal3Av3 : [createInstance] sensorIdx(0) P2G_MGR
07-25 21:40:08.766   723  5045 D Hal3Av3 : [init] sensorDev(1), sensorIdx(0), Still 6 users
07-25 21:40:08.766   723  5045 D Hal3Av3 : [init] sensorDev(1), sensorIdx(0), Done m_rConfigInfo.i4SubsampleCount(1), User.count(7), User init(P2G_MGR)
07-25 21:40:08.766   723  5045 D HalIspImp: [createInstance] sensorIdx(0) P2G_MGR
07-25 21:40:08.766   723  5045 D HalIspImp: [init] m_Users: 3, SensorDev 1, index 0 
07-25 21:40:08.766   723  5045 D HalIspImp: [init] 3 has created 
07-25 21:40:08.766   723  5045 E MtkCam/StreamingPipe/DcesoHal: [init]missing isp buffer info (init){#72:vendor/mediatek/proprietary/hardware/mtkcam3/feature/core/featurePipe/streaming/DcesoHal.cpp}
07-25 21:40:08.766   723  5045 I MtkCam/StreamingPipe/DreHal: [init]info=0 infoSize=0 debugSize=0 usedSize=0
07-25 21:40:08.766   723  5045 D TimgoHal/TimgoHal: [init]Not Support This Dip Timgo Dump Type(0). Ignore It.
07-25 21:40:08.766   723  5045 D TimgoHal/TimgoHal: [init]Timgo enable(0) type(NONE:0) size(256x256) fmt(0x2201)
07-25 21:40:08.766   723  5045 D MtkCam/StreamingPipe/DsdnHal: [init]mode=dsdn_off layer=0 fmt(full/ds/dn)=UNKNOW/UNKNOW/UNKNOW dsdn20Prof(-1), ver(0), forceLoopValid(0)
07-25 21:40:08.766   723  5045 I MtkCam/StreamingPipe/SMVRHal: [init]SMVR enable=0 size=(1920x1088) p1=1 p2=1->1 recover=0
07-25 21:40:08.766   723  5045 D MtkCam/FeaturePipe/TuningBufferPool: [create]TuningBufPool(fpipe.p2g.tuning) created. size(12124), protect(1)
07-25 21:40:08.766   723  5045 D MtkCam/FeaturePipe/TuningBufferPool: [create]TuningBufPool(fpipe.p2g.syncTuning) created. size(256), protect(1)
07-25 21:40:08.766   723  5045 D MtkCam/FeaturePipe/TuningBufferPool: [create]TuningBufPool(fpipe.p2g.dreTuning) created. size(256), protect(1)
07-25 21:40:08.766   723  5045 D MtkCam/FeaturePipe/GraphicBufferPool: [initConfig]fpipe.p2g.fullImg: 1920x1088, fmt(0x32315659/yv12)
07-25 21:40:08.766   723  5045 D MtkCam/FeaturePipe/TuningBufferPool: [create]TuningBufPool(fpipe.p2g.msftun) created. size(256), protect(1)
07-25 21:40:08.766   723  5045 D MtkCam/FeaturePipe/TuningBufferPool: [create]TuningBufPool(fpipe.p2g.msfsram) created. size(256), protect(1)
07-25 21:40:08.766   723  5045 D MtkCam/FeaturePipe/TuningBufferPool: [create]TuningBufPool(fpipe.p2g.omctun) created. size(256), protect(1)
07-25 21:40:08.766   723  5045 I MtkCam/StreamingPipe/P2G_MGR: [printBufferPool]BufferPool: fat[1],tun[6]sync[0]dre_tun[0]msftun[0]msfSram[0]omctun[0]dce[4]timg[3]full[6]conf[0]idi[0]omc[0]ds[0x0=>0]dn[0x0=>0]pds[0x0=>0]wei[0x0=>0]dsw[0x0=>0]
07-25 21:40:08.766   723  5045 I MtkCam/StreamingPipe/EISQControl: [init]useQ=0 tsQ=0 pSize=1 qSize=0
07-25 21:40:08.766   723  5045 I MtkCam/StreamingPipe/Pipe: [onInit]+
07-25 21:40:08.766   723  5045 D MtkCam/StreamingPipe/Pipe: [prepareDebugSetting]forceOnMask=0x0000, forceOffMask=0x3fe1
07-25 21:40:08.767   723  5045 D MtkCam/StreamingPipe/Pipe: [prepareBuffer]sensor(0) StreamingSize=(1920x1088) align64=(1920x1088)
07-25 21:40:08.767   723  5045 D MtkCam/FeaturePipe/GraphicBufferPool: [initConfig]fpipe.fullImg: 1920x1088, fmt(0x32315659/yv12)
07-25 21:40:08.767   723  5045 D MtkCam/StreamingPipe/Pipe: [createFullImgPool]sensor(0) size=(1920x1088) format(842094169) GraphicBuffer
07-25 21:40:08.767   723  5045 I MtkCam/StreamingPipe/Pipe: [onInit]-
07-25 21:40:08.767   723  5045 I MtkCam/StreamingPipe/Node: [enableDumpMask]fpipe.p2amdp current dumpMask(0xcff) prop(vendor.debug.mask.fpipe.p2amdp)
07-25 21:40:08.767   723  5045 D Hal3Av3 : [createInstance] sensorIdx(0) p2_streaming
07-25 21:40:08.767   723  5045 D Hal3Av3 : [init] sensorDev(1), sensorIdx(0), Still 7 users
07-25 21:40:08.767   723  5045 D Hal3Av3 : [init] sensorDev(1), sensorIdx(0), Done m_rConfigInfo.i4SubsampleCount(1), User.count(8), User init(p2_streaming)
07-25 21:40:08.767   723  5045 D HalIspImp: [createInstance] sensorIdx(0) p2_streaming
07-25 21:40:08.767   723  5045 D HalIspImp: [init] m_Users: 4, SensorDev 1, index 0 
07-25 21:40:08.768   723  5045 D HalIspImp: [init] 4 has created 
07-25 21:40:08.768   723  5045 D util_3dnr: [Util3dnr] s(0)
07-25 21:40:08.768   723  5045 D util_3dnr: [init] DebugEnable(0), LogLevel(0)
07-25 21:40:08.768   723  5045 D MtkCam/SensorProvider: (5045)[SensorProvider] Util3dnr SensorProvider constructor
07-25 21:40:08.768   723  5045 D MtkCam/SensorProviderService: (5045)[enableSensor] enableSensor user=Util3dnr type=0 interval=10
07-25 21:40:08.768  1103  2755 W SensorService: sensor 00000004 already enabled in connection 0xb400006f950bbe90 (ignoring)
07-25 21:40:08.768  4539  4573 D CaptureSession: CameraCaptureSession.onConfigured() mState=OPENED
07-25 21:40:08.768   723  5045 D MtkCam/BaseHeap: [IonHeap::helpMapPhyAddrIon] [rsso_cache] mID(0x6d),size(262144),VA(0x0),PA(0x9900000),S/C(0/0)
07-25 21:40:08.768   723  5045 D MtkCam/ImgBuf: [IonHeap::onCreate] IonHeap@ this:0xb400007e0e81b430 512x512, fmt(0x2400), secType(0), plane(0) bit(8), buf offset(0), stride(512), bufSize(262144); 
07-25 21:40:08.769   723  5045 D MtkCam/P2/StreamingProcessor: [init]triger: cache=0xb400007e0e81b430
07-25 21:40:08.769   538   538 I Gyroscope: batch: handle:3, flag:0,samplingPeriodNs:10000000 maxBatchReportLatencyNs:0

07-25 21:40:08.769   723  5045 D MtkCam/P2/StreamingProcessor: [onInit-] P2S cam 0: 
07-25 21:40:08.769  4539  4573 D CaptureSession: CameraCaptureSession.onReady() OPENED
07-25 21:40:08.769   723  5045 I MtkCam/P2/P2DumpPlugin: [P2DumpPlugin]mode/start/count(0/0/0) mask: in/out(0x0/0x0)
07-25 21:40:08.769   723  5045 D MtkCam/P2/DispatchProcessor: [onInit-] P2S cam 0: 
07-25 21:40:08.769   723  5062 D MtkCam/P2/StreamingProcessor: [onThreadStart+] P2S cam 0: 
07-25 21:40:08.769   723  5045 D MtkCam/P2/DispatchProcessor: [onThreadStart+] P2S cam 0: 
07-25 21:40:08.769   723  5062 D MtkCam/P2/StreamingProcessor: [onThreadStart-] P2S cam 0: 
07-25 21:40:08.769   723  5045 D MtkCam/P2/DispatchProcessor: [onThreadStart-] P2S cam 0: 
07-25 21:40:08.769   723  5045 D MtkCam/P2/StreamingNode: [init-] P2S cam 0: 
07-25 21:40:08.769   723  5045 D MtkCam/P2/StreamingNode: [config+] P2S cam 0: 
07-25 21:40:08.769   723  5045 D MtkCam/P2/MWInfo: [print] P2S cam 0: StreamInfo: [img:0x100000013] (A/C:0x000000000/0x000000000) outFD[0]/NA streamSize(640x480) (fmt:0x00000014) type(fd) phy(-1)
07-25 21:40:08.769   723  5045 D MtkCam/P2/MWInfo: [print] P2S cam 0: StreamInfo: [img:0x100000001] (A/C:0x000000000/0x000000000) inFull_1[0]/NA streamSize(2016x1136) (fmt:0x00002201) type(extra) phy(-1)
07-25 21:40:08.769   723  5045 D MtkCam/P2/MWInfo: [print] P2S cam 0: StreamInfo: [img:0x100000004] (A/C:0x000000000/0x000000000) inLCSO_1[0]/NA streamSize(294912x1) (fmt:0x00000021) type(extra) phy(-1)
07-25 21:40:08.769   723  5045 D MtkCam/P2/MWInfo: [print] P2S cam 0: StreamInfo: [img:0x100000003] (A/C:0x000000000/0x000000000) inResized_1[0]/NA streamSize(1920x1088) (fmt:0x00002205) type(extra) phy(-1)
07-25 21:40:08.769   723  5045 D MtkCam/P2/MWInfo: [print] P2S cam 0: StreamInfo: [img:0x000000002] (A/C:0x000030003/0x000010000) outYUV[0]/NA streamSize(1920x1080) (fmt:0x32315659) type(rec) phy(-1)
07-25 21:40:08.769   723  5045 D MtkCam/P2/MWInfo: [print] P2S cam 0: StreamInfo: [img:0x000000000] (A/C:0x000020133/0x000000100) outYUV[1]/NA streamSize(320x240) (fmt:0x00000011) type(disp) phy(-1)
07-25 21:40:08.769   723  5045 D MtkCam/P2/MWInfo: [print] P2S cam 0: StreamInfo: [img:0x100000010] (A/C:0x000000000/0x000000000) outYUV[2]/NA streamSize(1920x1080) (fmt:0x00000011) type(extra) phy(-1)
07-25 21:40:08.769   723  5045 D MtkCam/P2/MWInfo: [print] P2S cam 0: StreamInfo: [img:0x100000011] (A/C:0x000000000/0x000000000) outYUV[3]/NA streamSize(-1x-1) (fmt:0x00000014) type(extra) phy(-1)
07-25 21:40:08.769   723  5045 D MtkCam/P2/MWInfo: [print] P2S cam 0: StreamInfo: [img:0x100000004] (A/C:0x000000000/0x000000000) inLCSHO_1[0]/NA streamSize(294912x1) (fmt:0x00000021) type(extra) phy(-1)
07-25 21:40:08.769   723  5045 D MtkCam/P2/MWInfo: [print] P2S cam 0: StreamInfo: [meta:0x10000001b] inP1Hal_1[0]/Hal:Meta:P1:Dynamic_main1
07-25 21:40:08.769   723  5045 D MtkCam/P2/MWInfo: [print] P2S cam 0: StreamInfo: [meta:0x10000001e] outHal[0]/Hal:Meta:P2:Dynamic
07-25 21:40:08.769   723  5045 D MtkCam/P2/MWInfo: [print] P2S cam 0: StreamInfo: [meta:0x100000024] inP1App_1[0]/App:Meta:DynamicP1_main1
07-25 21:40:08.769   723  5045 D MtkCam/P2/MWInfo: [print] P2S cam 0: StreamInfo: [meta:0x100000027] outApp[0]/App:Meta:DynamicP2
07-25 21:40:08.769   723  5045 D MtkCam/P2/MWInfo: [print] P2S cam 0: StreamInfo: [meta:0x080000000] inApp[0]/Meta:App:Control
07-25 21:40:08.769   723  5045 D MtkCam/P2/StreamingNode: [getP2PQIndex]MDPPQ: PQIdx(preset(12)(pq_ven_pip_1st), final(12)(pq_ven_pip_1st)), hasVideo=1, eisInfo(previewEIS=0, mode=0x0, videoConfig=0)
07-25 21:40:08.769   723  5045 D MtkCam/P2/DispatchProcessor: [onConfig+] P2S cam 0: 
07-25 21:40:08.769   723  5045 D MtkCam/P2/StreamingProcessor: [onConfig+] P2S cam 0: 
07-25 21:40:08.770   723  5045 I MtkCam/P2/StreamingProcessor: [needReConfig] P2S cam 0: re-config=0, EISMode(0=>0), EISFactor(100=>100), Size(1920x1088=>1920x1088)
07-25 21:40:08.770   723  5045 D MtkCam/P2/StreamingProcessor: [onConfig] P2S cam 0: supportPQ=0, supportClearZoom=2, supportDRE=0, supportHFG=0
07-25 21:40:08.770   723  5045 D MtkCam/P2/StreamingProcessor: [onConfig-] P2S cam 0: 
07-25 21:40:08.770   723  5045 D MtkCam/P2/DispatchProcessor: [onConfig-] P2S cam 0: 
07-25 21:40:08.770   723  5045 D MtkCam/P2/StreamingNode: [config-] P2S cam 0: 
07-25 21:40:08.770   723  5045 D MtkCam/ppl_context: [launchOneNode]  18ms: P2StreamNode
07-25 21:40:08.771   723  1126 D mtkcam-dev3-utils: [-BufferHandleCache::importBuffer] bufferId 1: 0xb400007e2e818450 119 - 1st imported
07-25 21:40:08.771   723  1126 D ULog    : R AppRequest:0 M[CameraDevice:187001] +  :mtkcam-dev3 #38202
07-25 21:40:08.771   723  1126 D mtkcam-dev3-utils: [capture intent: 3] +  ULog#38203
07-25 21:40:08.771   723  1126 D mtkcam-dev3-utils: [capture intent: 3] -  ULog#38204
07-25 21:40:08.771   723  5029 D MtkCam/SensorProviderService: (5029)[doEnableSensor] Sensor enabled, interval=10 ms, type=0
07-25 21:40:08.771   723  1126 D mtkcam-dev3-utils: [0-AppRequestUtil::createOneRequest] requestNumber[0]:StreamBuffer:0xb400007dbe81b060 streamId:0 bufferId:1 buffer:0xb400007e2e818450 status:OK acquireFenceOp.hdl:0x0 releaseFenceOp.hdl:0x0 acquireFenceOp.fd:-1 releaseFenceOp.fd:-1 appBufferHandleHolder:0xb400007d8e857928 freeByOthers:0 / 
07-25 21:40:08.771   723  5063 D MtkCam/P2/CaptureNode: [init+] P2C cam 0: 
07-25 21:40:08.772   723  5063 I MtkCam/P2/CaptureProcessor: [onInit] P2C cam 0: (0xb400007e4e82cde0) uniqueKey:214008736
07-25 21:40:08.772   723  5063 I MtkCam/P2/CaptureProcessor: [onInit] P2C cam 0: create captureFeaturePipe, isDualCam:0, sensor count:1
07-25 21:40:08.772   723  5063 I MtkCam/P2/CaptureProcessor: [onInit] P2C cam 0: supportSceneroiFeatures:0x1000100f5 dualMode:0
07-25 21:40:08.772   723  5063 D MtkCam/CapturePipe/Inference: [CaptureFeatureInference]mLogLevel=0  DataItem logLevel=0
07-25 21:40:08.772   723  5063 D MtkCam/CapturePipe/RootNode: [RootNode]mDebugDump=0 mEnableBSSOrdering=1 mDebugDrop=-1 mDebugLoadIn=-1
07-25 21:40:08.772   723  5063 I MtkCam/CapturePipe/RAWNode: [RAWNode](0xb400007e6e8184e0) ctor
07-25 21:40:08.772   723  5063 I MtkCam/CapturePipe/MultiFrameNode: [MultiFrameNode](0xb400007e6e811de0) ctor
07-25 21:40:08.772   723  1126 I mtkcam-PipelineModelSession: [submitRequest] <Default/0> requestNo:0 { repeating:0 control.aeTargetFpsRange:30,30 control.captureIntent:3 control.enableZsl:0 control.processRawEn:0 control.mode:1 control.sceneMode:0 control.videoStabilizationMode:0 edge.mode:1 }
07-25 21:40:08.772   723  5063 I MtkCam/CapturePipe/YUVNode: [YUVNode](0xb400007e6e824600) ctor
07-25 21:40:08.772   723  5063 D MtkCam/CapturePipe/Util: [CropCalculator]Active Array(0,0)(2016x1512)
07-25 21:40:08.772   723  5063 D MtkCam/CapturePipe/Pipe: [CaptureFeaturePipe]this:0xb400007e4e833490 UsageHint mDualMode=0 mIsHidlIsp=0
07-25 21:40:08.772   723  1126 I mtkcam-FeatureSettingPolicy: [collectDefaultSensorInfo] keep the first request config as default config
07-25 21:40:08.772   723  5041 D MtkCam/HalSensorList: [querySecureState] Secure State is 0
07-25 21:40:08.772   723  5063 D MtkCam/CapturePipe/Util: [FovCalculator]ctor:0xb400007d8e848dd0, isDualCam:0, enable:1
07-25 21:40:08.772   723  5041 D MtkCam/HalSensor: [seninfControl] seninfControl sensorIdx = 0, enable = 1 sensorPara.inSrcTypeSel = 8
07-25 21:40:08.772   723  5063 D MtkCam/CapturePipe/Util: [init] +
07-25 21:40:08.772   723  1126 I mtkcam-FeatureSettingPolicy: [updateStreamData] AppInfo changed:appMode(0=>1),recordState(-1=>-1),eisOn(0=>0)
07-25 21:40:08.772   723  5063 D MtkCam/CapturePipe/Util: [init] -
07-25 21:40:08.772   723  5041 D HW_INTEG: [190310] Config sensor index = 0, mux = 0
07-25 21:40:08.772   723  5041 D HW_INTEG: [190310] Integration = (8, 0)
07-25 21:40:08.772   723  5041 D SeninfDrvImp: [configInputForCSI]sensor index = 0, psensorDynamicInfo->TgInfo = 1; mSeninfMuxUsed[SENINF_MUX1] =0, mSeninfMuxUsed[SENINF_MUX2] = -1
07-25 21:40:08.772   723  5041 D SeninfDrvImp: [setSeninfCSI2]mipi_type 0 CSI2_IP 3
07-25 21:40:08.772   723  1126 D mtkcam-HDRPolicyHelper: [getSeamlessSmoothResult][Cam::0]frameType[3] requestAETargetMode=0 requestExpNum=0
07-25 21:40:08.772   723  5063 I MtkCam/CapturePipe/MultiFrameNode: [onInit](0xb400007e6e811de0) uniqueKey:214008736
07-25 21:40:08.772   723  5063 D MtkCam/ppl_plugin: [getInstance] MultiFrame: uniqueKey:214008736
07-25 21:40:08.772   723  5041 D SeninfDrvImp: [Efuse]CSI2 ANA08_CSI2A(0xf0f0e0e) ANA0C_CSI2A(0xe0e) ANA08_CSI2B(0xe0e0f0f) ANA0C_CSI2B(0x1818)
07-25 21:40:08.772   723  5063 D MFNRPlugin: (5063)[property] + 
07-25 21:40:08.772   723  5063 D MFNRPlugin: (5063)[property] -
07-25 21:40:08.772   723  5063 D HalIspImp: [createInstance] sensorIdx(0) CFP0
07-25 21:40:08.772   723  5063 D HalIspImp: [init] m_Users: 5, SensorDev 1, index 0 
07-25 21:40:08.772   723  5063 D HalIspImp: [init] 5 has created 
07-25 21:40:08.772   723  5063 D vsdof_util/P2Operator: [P2Operator]OpenId(0) CreatorName(MtkCam/CapturePipe/P2ANode)
07-25 21:40:08.772   723  5063 D vsdof_util/P2Operator: [create_scope_timer][P2Operator-create normal stream] + 
07-25 21:40:08.772   723  5063 D Iop/P2PPWp: [getInstance] &Singleton(0x7cba5fbc90)
07-25 21:40:08.772   723  5063 D Iop/P2NStm: [NormalStream] query from sensor openedSensorIndex (1), eRawPxlID(3)
07-25 21:40:08.772   723  5063 D Iop/P2NStm: [NormalStream] pipeID/sidx/sdev/pxlID(1/0x0/0x1/0x3),swPipe cID(0xb400007e5e809338)
07-25 21:40:08.772   723  5063 D Iop/P2NStm: [init] +
07-25 21:40:08.772   723  5063 D Iop/P2NStm: [init] sz/pipeID/openedSensor/pixId (vsdof_util/P2Operator/1/0x1/0x3)
07-25 21:40:08.772   723  5060 D MtkCam/GrallocHeap: [GrallocHeap::GrallocImageBufferHeap] 
07-25 21:40:08.772   723  5063 D Iop/P2PPWp: [init] +
07-25 21:40:08.772   723  5063 D Iop/P2PPWp: [init] - E (New) mUCnt(1), cUser(vsdof_util/P2Operator), pipeID(1)
07-25 21:40:08.772   723  5063 D Iop/P2PPWp: [init] - flag 3 (1/vsdof_util/P2Operator/1) 
07-25 21:40:08.772   723  5063 D Iop/P2PPWp: [init] - X. mUCnt(2), cUser(vsdof_util/P2Operator), pipeID(1)
07-25 21:40:08.772   723  5063 D Iop/P2NStm: [init] -
07-25 21:40:08.772   723  5063 D vsdof_util/P2Operator: [operator()][P2Operator-create normal stream] -
07-25 21:40:08.772   723  5063 D MtkCam/CapturePipe/P2ANode: [onInit]support MDP QoS 1
07-25 21:40:08.772   723  5063 D MtkCam/CapturePipe/P2ANode: [onInit]Support CZ(1) DRE(0) HFG(0) DCE(0)
07-25 21:40:08.773   723  1126 I MtkCam/ppl_context: [waitUntilConfigDone] sendFrame: wait for pipeline config done
07-25 21:40:08.773   560   660 E HWComposer: getSupportedContentTypes: getSupportedContentTypes failed for display 0: Unsupported (8)
07-25 21:40:08.773   723  5060 D MtkCam/GrallocHeap: [GrallocHeap::impInit] - ret:1
07-25 21:40:08.773   723  5060 D MtkCam/ImgBuf: [GrallocHeap::onCreate] GrallocHeap@ this:0xb400007e0e818970 1920x1088, fmt(0x32315659), secType(0), plane(0) bit(8), buf offset(0), stride(1920), bufSize(2088960); plane(1) bit(8), buf offset(0), stride(960), bufSize(522240); plane(2) bit(8), buf offset(0), stride(960), bufSize(522240); 
07-25 21:40:08.774   723  5060 D MtkCam/BaseHeap: [GrallocHeap::helpMapPhyAddrIon] [fpipe.p2g.fullImg] mID(0x7c),size(2088960),VA(0x7c864cb000),PA(0x9e00000),S/C(0/0)
07-25 21:40:08.774   723  5060 D MtkCam/GrallocHeap: [GrallocHeap::GrallocImageBufferHeap] 
07-25 21:40:08.775   723  5060 D MtkCam/GrallocHeap: [GrallocHeap::impInit] - ret:1
07-25 21:40:08.775   723  5041 D SeninfDrvImp: [setSeninfCSI2]CSI2 offset calibration end MIPI_RX_ANA48_CSI2A 0x438, MIPI_RX_ANA48_CSI2B 0x38
07-25 21:40:08.775   723  5060 D MtkCam/ImgBuf: [GrallocHeap::onCreate] GrallocHeap@ this:0xb400007e0e82f170 1920x1088, fmt(0x32315659), secType(0), plane(0) bit(8), buf offset(0), stride(1920), bufSize(2088960); plane(1) bit(8), buf offset(0), stride(960), bufSize(522240); plane(2) bit(8), buf offset(0), stride(960), bufSize(522240); 
07-25 21:40:08.775   723  5041 D SeninfDrvImp: [setSeninfCSI2]CSI2-2 TermDelay:0 SettleDelay:85(cnt:21) TermDelay:0 Vsync:1 LaneNum:4 NCSI2_EN:1 HeadOrder:1 ISP_clk:0 dpcm:0 skew:0
07-25 21:40:08.775   723  5041 D SeninfDrvImp: [configInputForCSI]clklevelcnt:3, traget_clk:228, pixel_rate 398400000
07-25 21:40:08.775   723  5041 D SeninfDrvImp: [updateIspClk]target_clk 228, new_dfs 228, original_dfs 228, sensorIdx 0
07-25 21:40:08.775   723  5041 D MtkCam/HalSensor: [seninfControl] Tg usage infomation: CAM = 1, HDR = 0, PDAF = 0
07-25 21:40:08.775   723  5060 D MtkCam/BaseHeap: [GrallocHeap::helpMapPhyAddrIon] [fpipe.p2g.fullImg] mID(0x80),size(2088960),VA(0x7c861cd000),PA(0xa100000),S/C(0/0)
07-25 21:40:08.775   723  5060 D MtkCam/GrallocHeap: [GrallocHeap::GrallocImageBufferHeap] 
07-25 21:40:08.776   723  5063 D AppFDFT_SW: Face Detection Version: 2211201, [83]s102s103 [87]s107s108
07-25 21:40:08.776   723  5063 D AppFDFT_SW: Facial Landmark Detection Version: 878 / 856 (Front/Profile)
07-25 21:40:08.776   723  5063 D FD_CORE : [AppFDFT_SW] g_maxExtra: 3
07-25 21:40:08.776   723  5063 I MtkCam/CapturePipe/RAWNode: [onInit](0xb400007e6e8184e0) uniqueKey:214008736
07-25 21:40:08.776   723  5063 D MtkCam/ppl_plugin: [getInstance] Raw: uniqueKey:214008736
07-25 21:40:08.776   723  5063 D RemosaicProvider: (5063)[property] + 
07-25 21:40:08.776   723  5063 D RemosaicProvider: (5063)[property] -
07-25 21:40:08.776   723  5063 D RemosaicProvider: (5063)[init] + 
07-25 21:40:08.776   723  5063 D RemosaicProvider: (5063)[init] -
07-25 21:40:08.776   723  5063 I MtkCam/CapturePipe/YUVNode: [onInit](0xb400007e6e824600)(9) uniqueKey:214008736
07-25 21:40:08.776   723  5063 D MtkCam/ppl_plugin: [getInstance] Yuv: uniqueKey:214008736
07-25 21:40:08.776   723  5063 D YUVHDRProvider: (5063)[property] property +
07-25 21:40:08.776   723  5063 D YUVHDRProvider: (5063)[property] property -
07-25 21:40:08.776   723  5063 D YUVHDRProvider: (5063)[property] property +
07-25 21:40:08.776   723  5063 D YUVHDRProvider: (5063)[property] property -
07-25 21:40:08.776   723  5063 D YUVHDRProvider: (5063)[property] property +
07-25 21:40:08.777   723  5063 D YUVHDRProvider: (5063)[property] property -
07-25 21:40:08.777   723  5063 D YUVHDRProvider: (5063)[property] property +
07-25 21:40:08.777   723  5063 D YUVHDRProvider: (5063)[property] property -
07-25 21:40:08.777   723  5063 D YUVHDRProvider: (5063)[property] property +
07-25 21:40:08.777   723  5063 D YUVHDRProvider: (5063)[property] property -
07-25 21:40:08.777   723  5060 D MtkCam/GrallocHeap: [GrallocHeap::impInit] - ret:1
07-25 21:40:08.777   723  5063 D YUVHDRProvider: (5063)[property] property +
07-25 21:40:08.777   723  5063 D YUVHDRProvider: (5063)[property] property -
07-25 21:40:08.777   723  5063 D YUVHDRProvider: (5063)[property] property +
07-25 21:40:08.777   723  5063 D YUVHDRProvider: (5063)[property] property -
07-25 21:40:08.777   723  5060 D MtkCam/ImgBuf: [GrallocHeap::onCreate] GrallocHeap@ this:0xb400007e0e832ad0 1920x1088, fmt(0x32315659), secType(0), plane(0) bit(8), buf offset(0), stride(1920), bufSize(2088960); plane(1) bit(8), buf offset(0), stride(960), bufSize(522240); plane(2) bit(8), buf offset(0), stride(960), bufSize(522240); 
07-25 21:40:08.777   723  5060 D MtkCam/BaseHeap: [GrallocHeap::helpMapPhyAddrIon] [fpipe.p2g.fullImg] mID(0x84),size(2088960),VA(0x7c72b2d000),PA(0xa400000),S/C(0/0)
07-25 21:40:08.777   723  5060 D MtkCam/GrallocHeap: [GrallocHeap::GrallocImageBufferHeap] 
07-25 21:40:08.778   723  5063 D MtkCam/P2/CaptureNode: [init]OpenId 0, nodeId 0x14, name P2CaptureNode
07-25 21:40:08.778   723  5063 D MtkCam/P2/CaptureNode: [init-] P2C cam 0: 
07-25 21:40:08.778   723  5063 D MtkCam/P2/CaptureNode: [config+] P2C cam 0: 
07-25 21:40:08.778   723  5063 D MtkCam/P2/MWInfo: [print] P2C cam 0: StreamInfo: [img:0x100000001] (A/C:0x000000000/0x000000000) inFull_1[0]/NA streamSize(2016x1136) (fmt:0x00002201) type(extra) phy(-1)
07-25 21:40:08.778   723  5060 D MtkCam/GrallocHeap: [GrallocHeap::impInit] - ret:1
07-25 21:40:08.778   723  5063 D MtkCam/P2/MWInfo: [print] P2C cam 0: StreamInfo: [img:0x100000010] (A/C:0x000000000/0x000000000) outJpegYUV[0]/NA streamSize(1920x1080) (fmt:0x00000011) type(extra) phy(-1)
07-25 21:40:08.778   723  5063 D MtkCam/P2/MWInfo: [print] P2C cam 0: StreamInfo: [img:0x100000004] (A/C:0x000000000/0x000000000) inLCSO_1[0]/NA streamSize(294912x1) (fmt:0x00000021) type(extra) phy(-1)
07-25 21:40:08.778   723  5060 D MtkCam/ImgBuf: [GrallocHeap::onCreate] GrallocHeap@ this:0xb400007e0e832650 1920x1088, fmt(0x32315659), secType(0), plane(0) bit(8), buf offset(0), stride(1920), bufSize(2088960); plane(1) bit(8), buf offset(0), stride(960), bufSize(522240); plane(2) bit(8), buf offset(0), stride(960), bufSize(522240); 
07-25 21:40:08.778   723  5063 D MtkCam/P2/MWInfo: [print] P2C cam 0: StreamInfo: [img:0x100000003] (A/C:0x000000000/0x000000000) inResized_1[0]/NA streamSize(1920x1088) (fmt:0x00002205) type(extra) phy(-1)
07-25 21:40:08.778   723  5063 D MtkCam/P2/MWInfo: [print] P2C cam 0: StreamInfo: [img:0x000000002] (A/C:0x000030003/0x000010000) outYUV[0]/NA streamSize(1920x1080) (fmt:0x32315659) type(rec) phy(-1)
07-25 21:40:08.778   723  5063 D MtkCam/P2/MWInfo: [print] P2C cam 0: StreamInfo: [img:0x000000000] (A/C:0x000020133/0x000000100) outYUV[1]/NA streamSize(320x240) (fmt:0x00000011) type(extra) phy(-1)
07-25 21:40:08.778   723  5063 D MtkCam/P2/MWInfo: [print] P2C cam 0: StreamInfo: [img:0x100000011] (A/C:0x000000000/0x000000000) outThumbnailYUV[0]/NA streamSize(-1x-1) (fmt:0x00000014) type(extra) phy(-1)
07-25 21:40:08.778   723  5063 D MtkCam/P2/MWInfo: [print] P2C cam 0: StreamInfo: [img:0x100000004] (A/C:0x000000000/0x000000000) inLCSHO_1[0]/NA streamSize(294912x1) (fmt:0x00000021) type(extra) phy(-1)
07-25 21:40:08.778   723  5063 D MtkCam/P2/MWInfo: [print] P2C cam 0: StreamInfo: [meta:0x10000001b] inP1Hal_1[0]/Hal:Meta:P1:Dynamic_main1
07-25 21:40:08.778   723  5063 D MtkCam/P2/MWInfo: [print] P2C cam 0: StreamInfo: [meta:0x10000001f] outHal[0]/Hal:Meta:P2C:Dynamic
07-25 21:40:08.778   723  5063 D MtkCam/P2/MWInfo: [print] P2C cam 0: StreamInfo: [meta:0x100000024] inP1App_1[0]/App:Meta:DynamicP1_main1
07-25 21:40:08.778   723  5063 D MtkCam/P2/MWInfo: [print] P2C cam 0: StreamInfo: [meta:0x100000028] outApp[0]/App:Meta:DynamicP2Cap
07-25 21:40:08.778   723  5063 D MtkCam/P2/MWInfo: [print] P2C cam 0: StreamInfo: [meta:0x080000000] inApp[0]/Meta:App:Control
07-25 21:40:08.778   723  5063 D MtkCam/P2/CaptureNode: [config-] P2C cam 0: 
07-25 21:40:08.778   723  5063 D MtkCam/ppl_context: [launchOneNode]   6ms: P2CaptureNode
07-25 21:40:08.779   723  5060 D MtkCam/BaseHeap: [GrallocHeap::helpMapPhyAddrIon] [fpipe.p2g.fullImg] mID(0x88),size(2088960),VA(0x7c72241000),PA(0xa700000),S/C(0/0)
07-25 21:40:08.779   723  5060 D MtkCam/GrallocHeap: [GrallocHeap::GrallocImageBufferHeap] 
07-25 21:40:08.779   723  5060 D MtkCam/GrallocHeap: [GrallocHeap::impInit] - ret:1
07-25 21:40:08.779   723  5060 D MtkCam/ImgBuf: [GrallocHeap::onCreate] GrallocHeap@ this:0xb400007e0e828d50 1920x1088, fmt(0x32315659), secType(0), plane(0) bit(8), buf offset(0), stride(1920), bufSize(2088960); plane(1) bit(8), buf offset(0), stride(960), bufSize(522240); plane(2) bit(8), buf offset(0), stride(960), bufSize(522240); 
07-25 21:40:08.780   723  5060 D MtkCam/BaseHeap: [GrallocHeap::helpMapPhyAddrIon] [fpipe.p2g.fullImg] mID(0x8c),size(2088960),VA(0x7c85b2d000),PA(0xaa00000),S/C(0/0)
07-25 21:40:08.780   723  5060 D MtkCam/GrallocHeap: [GrallocHeap::GrallocImageBufferHeap] 
07-25 21:40:08.780   723  5060 D MtkCam/GrallocHeap: [GrallocHeap::impInit] - ret:1
07-25 21:40:08.780   723  5060 D MtkCam/ImgBuf: [GrallocHeap::onCreate] GrallocHeap@ this:0xb400007e0e81a6b0 1920x1088, fmt(0x32315659), secType(0), plane(0) bit(8), buf offset(0), stride(1920), bufSize(2088960); plane(1) bit(8), buf offset(0), stride(960), bufSize(522240); plane(2) bit(8), buf offset(0), stride(960), bufSize(522240); 
07-25 21:40:08.781   723  5060 D MtkCam/BaseHeap: [GrallocHeap::helpMapPhyAddrIon] [fpipe.p2g.fullImg] mID(0x90),size(2088960),VA(0x7c8582f000),PA(0xad00000),S/C(0/0)
07-25 21:40:08.781   723  5060 I MtkCam/StreamingPipe/Util: [allocate]mFullImg pool allocate: 6/6 buf (0x32315659/YV12)(1920x1088) in 8 ms
07-25 21:40:08.781   723  5060 I MtkCam/StreamingPipe/Util: [allocate]mTuning pool allocate: 6/6 buf (0x21/BLOB)(0x0) in 0 ms
07-25 21:40:08.781   723  5060 D MtkCam/StreamingPipe/P2ANode: [init3A]mSensorIndex=0
07-25 21:40:08.781   723  5060 D Hal3Av3 : [createInstance] sensorIdx(0) P2ANode
07-25 21:40:08.781   723  5060 D Hal3Av3 : [init] sensorDev(1), sensorIdx(0), Still 8 users
07-25 21:40:08.781   723  5060 D Hal3Av3 : [init] sensorDev(1), sensorIdx(0), Done m_rConfigInfo.i4SubsampleCount(1), User.count(9), User init(P2ANode)
07-25 21:40:08.787   723  5041 D ImgSensorDrv: [setScenario][setScenario]DevID = 0, m_LineTimeInus = 6872 Scenario id = 2, PixelClk = -694967296, PixelInLine = 24736, Framelength = 4764
07-25 21:40:08.787   723  5041 D MtkCam/HalSensor: [configure] sensorIdx:0, HDRMode:0, exposureTime:30003, gain:9040, exposureTime_se:0, gain_se:0
07-25 21:40:08.787  1103  1136 W Choreographer: Frame time is 0.197435  now = 947465844594  timestampNanos = 947466042029 ms in the future!  Check that graphics HAL is generating vsync timestamps using the correct timebase.
07-25 21:40:08.789   723  5041 D ImgSensorDrv: [sendCommand]parg1 = NULL
07-25 21:40:08.789   723  5041 D ImgSensorDrv: [sendCommand]SET_STREAMING_RESUME, senDev(0),expTime_us is default, keep original value
07-25 21:40:08.799   723  5041 D MtkCam/HalSensorList: [querySecureState] Secure State is 0
07-25 21:40:08.799   723  5041 D SeninfDrvImp: [calibrateSensor]pixel_rate from driver 398400000, threshold 1500000000, h 1136, w 2016, fps 300,pdaf mode 0
07-25 21:40:08.799   723  5041 D SeninfDrvImp: [calibrateSensor]mipi_pixel_rate 996000000 CSI_DESKEW_THRESHOLD 1500000000
07-25 21:40:08.799   723  5041 D Drv/HWsync: Drv/HWsync[sendCommand] + cmd(HW_SYNC_CMD_SET_MODE)
07-25 21:40:08.799   723  5041 I Drv/HWsync: Drv/HWsync[sendCommand] mSensorIdxList.size(1)
07-25 21:40:08.799   723  5041 W Drv/HWsync: Drv/HWsync[sendCommand] WARNING: NO FrameTimeDelayFrame from sensor_dev:1, set to 1
07-25 21:40:08.799   723  5041 D MtkCam/HalSensorList: [querySecureState] Secure State is 0
07-25 21:40:08.799   723  5041 D MtkCam/HalSensorList: [querySecureState] Secure State is 0
07-25 21:40:08.799   723  5041 I Drv/HWsync: Drv/HWsync[calCurrentFps] idx(0) pclk(-694967296),period(24736,4764), fps(305)
07-25 21:40:08.799   723  5041 I Drv/HWsync: Drv/HWsync[sendCommand] dev(0x1),scen(2) cFps(305), userFps(300), frmTimeDelay(1), hwsync_idx(0)
07-25 21:40:08.799   723  5041 D Drv/HWsync: Drv/HWsync[sendCommand] cursenSce(2), tg_dev info (0x1/0x0)
07-25 21:40:08.799   723  5041 D Drv/HWsync: Drv/HWsync[sendCommand] no need hwsync,size(1)
07-25 21:40:08.799   723  5041 D camiopipe: [Create] :E:user:NormalPipe, with input source:0x0
07-25 21:40:08.800   723  5041 D cam_dfs : [CAM_DFS_Mgr] [0x0]:camiopipe
07-25 21:40:08.800   723  5041 D camiopipe: [init] [0x0]:(NormalPipe):E
07-25 21:40:08.800   723  5041 D MtkCam/HalSensorList: [querySecureState] Secure State is 0
07-25 21:40:08.800   723  5041 D MtkCam/HalSensorList: [querySecureState] Secure State is 0
07-25 21:40:08.800   723  5041 D MtkCam/HalSensorList: [querySecureState] Secure State is 0
07-25 21:40:08.800   723  5041 D MtkCam/HalSensor: [sendCommand] SENSOR_CMD_GET_SENSOR_PIXELMODE:scenario = 2, fps = 398400000, Pixelmode =1
07-25 21:40:08.800   723  5041 D NormalPipe: [configPipe] N:0 TG=1 Scen=2 tgFmt=x2201 devID=1 eRawPxlID=3 PixelMode=1 W/H=[2016,1136] FPSx10=300 Clk=1000khz mipiPixRate=398400000 burst=1
07-25 21:40:08.800   723  5041 D NormalPipe: [configPipe] running in non-D-Twin mode
07-25 21:40:08.800   723  5041 D camiopipe: [configPipe] [0x0]:P1 vInPorts_0:fmt(0x2201),PM(1),w/h(2016_1136),crop(0_0_2016_1136),tg_idx(0),dir(0),fps(300),timeclk(0xa),MIPI_PixRate(0x17bf1a00),subsample(0),bin_off(1),dat_pat(0),sen_num(2),force_clk_level(0)
07-25 21:40:08.800   723  5041 D camiopipe: [configPipe] [0x0]:P1 vOutPorts:[0]:fmt(0x2201),pure(0),w(2016),h(1136),stirde(2520),dmao(6),dir(1)
07-25 21:40:08.800   723  5041 D camiopipe: [getOutPxlByteNFmt] [0x0]:input imgFmt(0x2201),output fmt:0x9,*pPixel_byte(10)
07-25 21:40:08.800   723  5041 D camiopipe: [configPipe] [0x0]:P1 vOutPorts:[1]:fmt(0x2205),pure(0),w(1920),h(1088),stirde(3600),dmao(8),dir(1)
07-25 21:40:08.800   723  5041 D camiopipe: [getOutPxlByteNFmt] [0x0]:input imgFmt(0x2205),output fmt:0x1,*pPixel_byte(10)
07-25 21:40:08.800   723  5041 D CmdQMgr : [CmdQMgr_attach_imp] [0x0]:CmdQMgrImp::CmdQMgr_attach+: fps:300,subsample:0,module:0x0,cq:0
07-25 21:40:08.800   723  5041 D IspDrv_CAM: IspDrv_CAM[createInstance] module:0x0,cq:0x0,pageIdx:0x0,userName:CmdQMgrImp:0
07-25 21:40:08.800   723  5041 D IspDrv_CAM: IspDrv_CAM[ISP_DRV_CAM] getpid[0x000002d3],gettid[0x000013b1]
07-25 21:40:08.800   723  5041 D IspDrv_CAM: IspDrv_CAM[createInstance] module:0x0,cq:0x0,pageIdx:0x3,userName:dummy:0
07-25 21:40:08.800   723  5041 D IspDrv_CAM: IspDrv_CAM[ISP_DRV_CAM] getpid[0x000002d3],gettid[0x000013b1]
07-25 21:40:08.800   723  5041 D IspDrv_CAM: IspDrv_CAM[init] [0x0][0_0]: - E. m_UserCnt(0), curUser(CmdQMgrImp:0),module:0x0,cq:0x0,pageIdx:0x0
07-25 21:40:08.800   723  5041 D Isp_Drv : [init] +,m_UserCnt(2), curUser(CmdQMgrImp:0).
07-25 21:40:08.800   723  5041 D Isp_Drv : [init]  - X. m_UserCnt: 3,UserName:CmdQMgrImp:0
07-25 21:40:08.800   723  5041 D Drv/IMem: [init] mCount(4)
07-25 21:40:08.800   723  5041 D IspDrv_CAM: IspDrv_CAM[CQ_Allocate_method1] [0x0][0_0]:virtIspAddr:virt[0x7f7779e000]/phy[0x9b00000]
07-25 21:40:08.800   723  5041 D IspDrv_CAM: IspDrv_CAM[CQ_Allocate_method1] [0x0][0_0]:CQDescriptor:Virt[0x7f777c2000]/Phy[0x9c00000],size/num(8/202)
07-25 21:40:08.800   723  5041 D IspDrv_CAM: IspDrv_CAM[init] [0x0][0_0]: - X. ret: 1. mInitCount: 1.
07-25 21:40:08.800   723  5041 D IspDrv_CAM: IspDrv_CAM[init] [0x0][0_3]: - E. m_UserCnt(0), curUser(dummy:0),module:0x0,cq:0x0,pageIdx:0x3
07-25 21:40:08.800   723  5041 D Isp_Drv : [init] +,m_UserCnt(3), curUser(dummy:0).
07-25 21:40:08.800   723  5041 D Isp_Drv : [init]  - X. m_UserCnt: 4,UserName:dummy:0
07-25 21:40:08.800   723  5041 D Drv/IMem: [init] mCount(5)
07-25 21:40:08.800   723  5041 D IspDrv_CAM: IspDrv_CAM[CQ_Allocate_method1] [0x0][0_3]:virtIspAddr:virt[0x7f776fa000]/phy[0xb000000]
07-25 21:40:08.800   723  5041 D IspDrv_CAM: IspDrv_CAM[CQ_Allocate_method1] [0x0][0_3]:CQDescriptor:Virt[0x7f7779d000]/Phy[0xb100000],size/num(8/202)
07-25 21:40:08.800   723  5041 D IspDrv_CAM: IspDrv_CAM[init] [0x0][0_3]: - X. ret: 1. mInitCount: 1.
07-25 21:40:08.800   723  5041 D IspDrv_CAM: IspDrv_CAM[createInstance] module:0x0,cq:0x0,pageIdx:0x1,userName:CmdQMgrImp:1
07-25 21:40:08.800   723  5041 D IspDrv_CAM: IspDrv_CAM[ISP_DRV_CAM] getpid[0x000002d3],gettid[0x000013b1]
07-25 21:40:08.800   723  5041 D IspDrv_CAM: IspDrv_CAM[createInstance] module:0x0,cq:0x0,pageIdx:0x4,userName:dummy:1
07-25 21:40:08.800   723  5041 D IspDrv_CAM: IspDrv_CAM[ISP_DRV_CAM] getpid[0x000002d3],gettid[0x000013b1]
07-25 21:40:08.800   723  5041 D IspDrv_CAM: IspDrv_CAM[init] [0x0][0_1]: - E. m_UserCnt(0), curUser(CmdQMgrImp:1),module:0x0,cq:0x0,pageIdx:0x1
07-25 21:40:08.800   723  5041 D Isp_Drv : [init] +,m_UserCnt(4), curUser(CmdQMgrImp:1).
07-25 21:40:08.800   723  5041 D Isp_Drv : [init]  - X. m_UserCnt: 5,UserName:CmdQMgrImp:1
07-25 21:40:08.800   723  5041 D Drv/IMem: [init] mCount(6)
07-25 21:40:08.800   723  5041 D IspDrv_CAM: IspDrv_CAM[CQ_Allocate_method1] [0x0][0_1]:virtIspAddr:virt[0x7f7769a000]/phy[0xb200000]
07-25 21:40:08.800   723  5041 D IspDrv_CAM: IspDrv_CAM[CQ_Allocate_method1] [0x0][0_1]:CQDescriptor:Virt[0x7f776f9000]/Phy[0xb300000],size/num(8/202)
07-25 21:40:08.800   723  5041 D IspDrv_CAM: IspDrv_CAM[init] [0x0][0_1]: - X. ret: 1. mInitCount: 1.
07-25 21:40:08.800   723  5041 D IspDrv_CAM: IspDrv_CAM[init] [0x0][0_4]: - E. m_UserCnt(0), curUser(dummy:1),module:0x0,cq:0x0,pageIdx:0x4
07-25 21:40:08.800   723  5041 D Isp_Drv : [init] +,m_UserCnt(5), curUser(dummy:1).
07-25 21:40:08.800   723  5041 D Isp_Drv : [init]  - X. m_UserCnt: 6,UserName:dummy:1
07-25 21:40:08.800   723  5041 D Drv/IMem: [init] mCount(7)
07-25 21:40:08.801   723  5041 D IspDrv_CAM: IspDrv_CAM[CQ_Allocate_method1] [0x0][0_4]:virtIspAddr:virt[0x7f77637000]/phy[0xb400000]
07-25 21:40:08.801   723  5041 D IspDrv_CAM: IspDrv_CAM[CQ_Allocate_method1] [0x0][0_4]:CQDescriptor:Virt[0x7f7761b000]/Phy[0xb500000],size/num(8/202)
07-25 21:40:08.801   723  5041 D IspDrv_CAM: IspDrv_CAM[init] [0x0][0_4]: - X. ret: 1. mInitCount: 1.
07-25 21:40:08.801   723  5041 D IspDrv_CAM: IspDrv_CAM[createInstance] module:0x0,cq:0x0,pageIdx:0x2,userName:CmdQMgrImp:2
07-25 21:40:08.801   723  5041 D IspDrv_CAM: IspDrv_CAM[ISP_DRV_CAM] getpid[0x000002d3],gettid[0x000013b1]
07-25 21:40:08.801   723  5041 D IspDrv_CAM: IspDrv_CAM[createInstance] module:0x0,cq:0x0,pageIdx:0x5,userName:dummy:2
07-25 21:40:08.801   723  5041 D IspDrv_CAM: IspDrv_CAM[ISP_DRV_CAM] getpid[0x000002d3],gettid[0x000013b1]
07-25 21:40:08.801   723  5041 D IspDrv_CAM: IspDrv_CAM[init] [0x0][0_2]: - E. m_UserCnt(0), curUser(CmdQMgrImp:2),module:0x0,cq:0x0,pageIdx:0x2
07-25 21:40:08.801   723  5041 D Isp_Drv : [init] +,m_UserCnt(6), curUser(CmdQMgrImp:2).
07-25 21:40:08.801   723  5041 D Isp_Drv : [init]  - X. m_UserCnt: 7,UserName:CmdQMgrImp:2
07-25 21:40:08.801   723  5041 D Drv/IMem: [init] mCount(8)
07-25 21:40:08.801   723  5041 D IspDrv_CAM: IspDrv_CAM[CQ_Allocate_method1] [0x0][0_2]:virtIspAddr:virt[0x7f775ce000]/phy[0xb600000]
07-25 21:40:08.801   723  5041 D IspDrv_CAM: IspDrv_CAM[CQ_Allocate_method1] [0x0][0_2]:CQDescriptor:Virt[0x7f7761a000]/Phy[0xb700000],size/num(8/202)
07-25 21:40:08.801  2345  2453 D C2OMXNode: dhy...mOsdPos:,,mOsdText:
07-25 21:40:08.801   723  5041 D IspDrv_CAM: IspDrv_CAM[init] [0x0][0_2]: - X. ret: 1. mInitCount: 1.
07-25 21:40:08.801   723  5041 D IspDrv_CAM: IspDrv_CAM[init] [0x0][0_5]: - E. m_UserCnt(0), curUser(dummy:2),module:0x0,cq:0x0,pageIdx:0x5
07-25 21:40:08.801   723  5041 D Isp_Drv : [init] +,m_UserCnt(7), curUser(dummy:2).
07-25 21:40:08.801   723  5041 D Isp_Drv : [init]  - X. m_UserCnt: 8,UserName:dummy:2
07-25 21:40:08.801   723  5041 D Drv/IMem: [init] mCount(9)
07-25 21:40:08.801   723  5041 D IspDrv_CAM: IspDrv_CAM[CQ_Allocate_method1] [0x0][0_5]:virtIspAddr:virt[0x7f775c8000]/phy[0xb800000]
07-25 21:40:08.801   723  5041 D IspDrv_CAM: IspDrv_CAM[CQ_Allocate_method1] [0x0][0_5]:CQDescriptor:Virt[0x7f775ff000]/Phy[0xb900000],size/num(8/202)
07-25 21:40:08.801   723  5041 D IspDrv_CAM: IspDrv_CAM[init] [0x0][0_5]: - X. ret: 1. mInitCount: 1.
07-25 21:40:08.801   723  5041 D CmdQMgr : [CmdQMgr_attach_imp] [0x0]:CmdQMgrImp::CmdQMgr_attach-: DupQ:0x3,BurstQ:0x1
07-25 21:40:08.801   723  5041 D CmdQMgr : [CmdQMgr_attach_imp] [0x0]:CmdQMgrImp3::CmdQMgr_attach+: fps:300,subsample:0,module:0x0,cq:1
07-25 21:40:08.801   723  5041 D IspDrv_CAM: IspDrv_CAM[createInstance] module:0x0,cq:0x1,pageIdx:0x0,userName:CmdQMgrImp3:1
07-25 21:40:08.801   723  5041 D IspDrv_CAM: IspDrv_CAM[ISP_DRV_CAM] getpid[0x000002d3],gettid[0x000013b1]
07-25 21:40:08.801   723  5041 D IspDrv_CAM: IspDrv_CAM[init] [0x0][1_0]: - E. m_UserCnt(0), curUser(CmdQMgrImp3:1),module:0x0,cq:0x1,pageIdx:0x0
07-25 21:40:08.801   723  5041 D Isp_Drv : [init] +,m_UserCnt(8), curUser(CmdQMgrImp3:1).
07-25 21:40:08.801   723  5041 D Isp_Drv : [init]  - X. m_UserCnt: 9,UserName:CmdQMgrImp3:1
07-25 21:40:08.801   723  5041 D Drv/IMem: [init] mCount(10)
07-25 21:40:08.801   723  5041 D IspDrv_CAM: IspDrv_CAM[CQ_Allocate_method1] [0x0][1_0]:virtIspAddr:virt[0x7f775c5000]/phy[0xba00000]
07-25 21:40:08.801   723  5041 D IspDrv_CAM: IspDrv_CAM[CQ_Allocate_method1] [0x0][1_0]:CQDescriptor:Virt[0x7f775fe000]/Phy[0xbb00000],size/num(8/202)
07-25 21:40:08.801   723  5041 D IspDrv_CAM: IspDrv_CAM[init] [0x0][1_0]: - X. ret: 1. mInitCount: 1.
07-25 21:40:08.801   723  5041 D CmdQMgr : [CmdQMgr_attach_imp] [0x0]:CmdQMgrImp3::CmdQMgr_attach-: 
07-25 21:40:08.801   723  5041 D camiopipe: [configPipe] [0x0]:Frontal binning is forced to disable
07-25 21:40:08.801   723  5041 D cam_dfs : [CAM_DFS_setLv] [0x0]:isp clk lv switching to 546Mhz
07-25 21:40:08.801   723  5041 D cam_dfs : [CAM_DFS_setLv] [0x0]:isp clk lv init to 546Mhz
07-25 21:40:08.801   723  5041 D RlbMgr  : [acquire] [0x0]RLB acquired at 0 size 1920 left:2816
07-25 21:40:08.801   723  5041 D camiopipe: [configPipe] [0x0]:acquired offset:0 size:1920
07-25 21:40:08.802   723  5041 D ifunc_cam: [_config] [0x0]:CAM_TG_CTRL::_config +:xcropping:(0x0_0x0_0x7e0_0x470),is_continuous(0x1),SubSample(0x0),pixmode(0x1),data-pattern(0x0)
07-25 21:40:08.802   723  5041 D cam_TS  : [TimeStamp_SrcClk] [0x0]:ClkSrc : 1000000Hz
07-25 21:40:08.802   723  5041 D ifunc_cam: [_config] [0x0]:CAM_TOP_CTRL::_config +,path(0x0),en(0x00009401),fmtSel(0x41001097),ctrlsel(0x03825010),intEn(0x63fc19f3),dmaintEn(0x000060ff),SubSample(0x0),cq(0x0),page_num(0x0)
07-25 21:40:08.802   723  5041 D UniDrv  : UniDrv[init]  - E. m_UserCnt(0), curUser(UNI_A_DefConfig).
07-25 21:40:08.802   723  5041 D Isp_Drv : [init] +,m_UserCnt(9), curUser(UNI_A_DRV).
07-25 21:40:08.802   723  5041 D Isp_Drv : [init]  - X. m_UserCnt: 10,UserName:UNI_A_DRV
07-25 21:40:08.802   723  5041 D UniDrv  : UniDrv[init]  - X. ret: 1. mInitCount: 1.
07-25 21:40:08.802   723  5041 D ifunc_cam: [_config] [0x0]:UNI 1st set RLB
07-25 21:40:08.802   723  5041 D UniDrv  : UniDrv[uninit]  - E. m_UserCnt(1), curUser(UNI_A_DefConfig)
07-25 21:40:08.802   723  5041 D Isp_Drv : [uninit] -,m_UserCnt(10),curUser(UNI_A_DRV)
07-25 21:40:08.802   723  5041 D Isp_Drv : [uninit]  - X. ret: 1. m_UserCnt: 9.
07-25 21:40:08.802   723  5041 D Isp_Drv : [uninit] current user[0]: isp_drv_dip_phy, IspDrvShellImp, CmdQMgrImp:0, dummy:0, CmdQMgrImp:1, dummy:1, CmdQMgrImp:2, dummy:2
07-25 21:40:08.802   723  5041 D Isp_Drv : [uninit] current user[8]: CmdQMgrImp3:1, , , , , , , 
07-25 21:40:08.802   723  5041 D UniDrv  : UniDrv[uninit]  - X. ret: 1. m_UserCnt: 0.
07-25 21:40:08.802   723  5041 D UniDrv  : UniDrv[init]  - E. m_UserCnt(0), curUser(UNI_A_DefConfig).
07-25 21:40:08.802   723  5041 D Isp_Drv : [init] +,m_UserCnt(9), curUser(UNI_A_DRV).
07-25 21:40:08.802   723  5041 D Isp_Drv : [init]  - X. m_UserCnt: 10,UserName:UNI_A_DRV
07-25 21:40:08.802   723  5041 D UniDrv  : UniDrv[init]  - X. ret: 1. mInitCount: 1.
07-25 21:40:08.802   723  5041 D UniDrv  : UniDrv[uninit]  - E. m_UserCnt(1), curUser(UNI_A_DefConfig)
07-25 21:40:08.802   723  5041 D Isp_Drv : [uninit] -,m_UserCnt(10),curUser(UNI_A_DRV)
07-25 21:40:08.802   723  5041 D Isp_Drv : [uninit]  - X. ret: 1. m_UserCnt: 9.
07-25 21:40:08.802   723  5041 D Isp_Drv : [uninit] current user[0]: isp_drv_dip_phy, IspDrvShellImp, CmdQMgrImp:0, dummy:0, CmdQMgrImp:1, dummy:1, CmdQMgrImp:2, dummy:2
07-25 21:40:08.802   723  5041 D Isp_Drv : [uninit] current user[8]: CmdQMgrImp3:1, , , , , , , 
07-25 21:40:08.802   723  5041 D UniDrv  : UniDrv[uninit]  - X. ret: 1. m_UserCnt: 0.
07-25 21:40:08.802   723  5041 D UniDrv  : UniDrv[init]  - E. m_UserCnt(0), curUser(UNI_A_DefConfig).
07-25 21:40:08.802   723  5041 D Isp_Drv : [init] +,m_UserCnt(9), curUser(UNI_A_DRV).
07-25 21:40:08.802   723  5041 D Isp_Drv : [init]  - X. m_UserCnt: 10,UserName:UNI_A_DRV
07-25 21:40:08.802   723  5041 D UniDrv  : UniDrv[init]  - X. ret: 1. mInitCount: 1.
07-25 21:40:08.803   723  5041 D UniDrv  : UniDrv[uninit]  - E. m_UserCnt(1), curUser(UNI_A_DefConfig)
07-25 21:40:08.803   723  5041 D Isp_Drv : [uninit] -,m_UserCnt(10),curUser(UNI_A_DRV)
07-25 21:40:08.803   723  5041 D Isp_Drv : [uninit]  - X. ret: 1. m_UserCnt: 9.
07-25 21:40:08.803   723  5041 D Isp_Drv : [uninit] current user[0]: isp_drv_dip_phy, IspDrvShellImp, CmdQMgrImp:0, dummy:0, CmdQMgrImp:1, dummy:1, CmdQMgrImp:2, dummy:2
07-25 21:40:08.803   723  5041 D Isp_Drv : [uninit] current user[8]: CmdQMgrImp3:1, , , , , , , 
07-25 21:40:08.803   723  5041 D UniDrv  : UniDrv[uninit]  - X. ret: 1. m_UserCnt: 0.
07-25 21:40:08.803   723  5041 D NormalPipe: [configPipe] EnablePath: x1 1st-link UNI [auto]
07-25 21:40:08.803   723  5041 D UniMgr  : [UniMgr_attach] UniMgrImp::UniMgr_attach+: module:0xa,connect cam:0x0, IsRawIn= 0
07-25 21:40:08.803   723  5041 D UniDrv  : UniDrv[init]  - E. m_UserCnt(0), curUser(UNI_A_CTRL).
07-25 21:40:08.803   723  5041 D Isp_Drv : [init] +,m_UserCnt(9), curUser(UNI_A_DRV).
07-25 21:40:08.803   723  5041 D Isp_Drv : [init]  - X. m_UserCnt: 10,UserName:UNI_A_DRV
07-25 21:40:08.803   723  5041 D UniDrv  : UniDrv[init]  - X. ret: 1. mInitCount: 1.
07-25 21:40:08.803   723  5041 D ifunc_cam_uni: [_config] [0x0]:UNI_TOP_CTRL::_config +,uni_module(0xa),en(0x00000000),fmtSel(0x00000000),ctrlsel(0x00000000),intEn(0x0000000f),cq(0x0),page_num(0x0)
07-25 21:40:08.803   723  5041 D UniMgr  : [UniMgr_attach] UniMgrImp::UniMgr_attach-
07-25 21:40:08.803   723  5041 I MtkCam/P1NodeImp: [hardwareOps_start] [Cam::0] mpCamIO->configPipe ---
07-25 21:40:08.803   723  5041 D MtkCam/HalSensorList: [querySecureState] Secure State is 0
07-25 21:40:08.803   723  5041 D MtkCam/HalSensor: [destroyInstance] HalSensor destroyInstance count = 4, caller =MtkCam/P1NodeUtility
07-25 21:40:08.803   723  5041 D Hal3Av3 : [notifyP1PwrOn]+ notifyP1PwrOn sensorDev(1), sensorIdx(0)
07-25 21:40:08.803   723  5041 D Hal3ARaw: [notifyP1PwrOn] notifyP1PwrOn
07-25 21:40:08.803   723  5041 I CcuMgr  : [createInstance] CcuMgr User Cnt: 1
07-25 21:40:08.803   723  5041 I CcuMgr  : [ccuInit] +
07-25 21:40:08.804   723  5041 I CcuMgr  : [ccuInit] -
07-25 21:40:08.804   723  5041 D CcuMgr  : [ccuBoot] +:
07-25 21:40:08.804   723  5041 D ccuaee  : [CcuAeeMgrDlInit] aed dl open libaedv.so
07-25 21:40:08.804   723  5041 D ccuaee  : [CcuAeeMgrDlInit] aed dl handle: 0x33e1ade1a1931fb1
07-25 21:40:08.804   723  5041 D ccuaee  : [CcuAeeMgrDlInit] AeeSystemException func ptr: 0x7f72e58710
07-25 21:40:08.804   723  5041 D CcuDrv  : CcuDrv[setCcuPower] setCcuPower: setpower(1) cmd done.
07-25 21:40:08.804   723  5041 D CcuDrv  : CcuDrv[init] +:loadCCUBinKd
07-25 21:40:08.806   723  5041 D CcuDrv  : CcuDrv[init] -:loadCCUBinKd
07-25 21:40:08.806   723  5041 D CcuDrv  : CcuDrv[init] +:_USER_PRINTF_CCU_LOG_ create thread
07-25 21:40:08.807   723  5041 D CcuDrv  : CcuDrv[createThread] ApTaskWorkerThreadLoop start
07-25 21:40:08.807   723  5041 D CcuDrv  : CcuDrv[createThread] ApTaskWorkerThreadLoop duration 160.000000
07-25 21:40:08.807   723  5041 D CcuDrv  : CcuDrv[init] -:_USER_PRINTF_CCU_LOG_ create thread
07-25 21:40:08.807   723  5041 D CcuDrv  : CcuDrv[init] +:setCcuRun
07-25 21:40:08.807   723  5041 D CcuDrv  : CcuDrv[init] -:setCcuRun
07-25 21:40:08.807   723  5041 D CcuMgr  : [ccuBoot] -:
07-25 21:40:08.807   723  5041 D Hal3ARaw: [notifyP1PwrOn] m_pICcuMgr->ccuBoot() and m_pICcuMgr->ccuInit() success return true
07-25 21:40:08.807   723  5041 D Hal3Av3 : [notifyP1PwrOn]- sensorDev(1), sensorIdx(0)
07-25 21:40:08.807   723  5041 D aaa_hal_sttCtrl: [setSensorMode] i4SensorMode(2)
07-25 21:40:08.807   723  5041 D Hal3ARaw: [setSensorMode] mode(2)
07-25 21:40:08.807   723  5041 D Hal3Av3 : [setSensorMode] mi4SensorMode = 2
07-25 21:40:08.807   723  5041 D HalIspImp: [setSensorMode] not support before isp60
07-25 21:40:08.807   723  5041 D MtkCam/HalSensor: [destroyInstance] HalSensor destroyInstance count = 4, caller =LMVHal_0
07-25 21:40:08.807   723  5041 D LMVHal  : [ConfigLMV][Cam::0]TG(1)
07-25 21:40:08.807   723  5041 I LMVTuning: [LMVTuning][Cam::0]LMV(1/0xb400007d6e8141b0@0xb400007e1e809210),SGG2(1@0xb400007d6e81a4d0),isHalBypassControl(1)
07-25 21:40:08.807   723  5041 D LMVDrv  : [ConfigLMVReg][Cam::0]- TG(1)
07-25 21:40:08.807   723  5041 I fsc_hal : [CreateInstance]MtkCam/P1NodeImp sensorIdx 0
07-25 21:40:08.807   723  5041 D AppFSC  : Version (1.0.3)
07-25 21:40:08.807   723  5041 I fsc_hal : [FSCHalImp]sensorIdx(0) mDebugLevel(0)
07-25 21:40:08.807   723  5041 I MtkCam/P1NodeUtility: [done] [Cam::0] StageCtrl signal(0)
07-25 21:40:08.807   723  5044 I MtkCam/P1NodeUtility: [wait] [Cam::0] StageCtrl wait(0) OK
07-25 21:40:08.808   723  5041 I fsc_hal : [Init]sensorIdx(0) size(2016,1136)
07-25 21:40:08.808   723  5041 I MtkCam/P1NodeImp: [hardwareOps_start] [Cam::0] mp3A->config +++
07-25 21:40:08.808   723  5041 D Hal3Av3 : [config]+ i4SubsampleCount(1) RequestCount(1)
07-25 21:40:08.808   723  5041 D Hal3Av3 : [config] lockConfigSend3ACtrl done
07-25 21:40:08.808   723  5041 D ResultPool: [config]+ SensorIdx:0, SensorDev:1, SensorMode:2
07-25 21:40:08.808   723  5041 D ResultPool: [config]- 
07-25 21:40:08.808   723  5044 E camiopipe: [vendor/mediatek/proprietary/hardware/mtkcam/drv/src/isp/mt6768/imageio/pipe/CamIOPipe/CamIOPipe.cpp, sendCommand, line3805] ERROR: [0x0]:NOT support command! (sendCommand){#3805:vendor/mediatek/proprietary/hardware/mtkcam/drv/src/isp/mt6768/imageio/pipe/CamIOPipe/CamIOPipe.cpp}
07-25 21:40:08.808   723  5041 D Hal3Av3 : [config] u3AOpenId = 0
07-25 21:40:08.808   723  5041 D Hal3Av3 : [getStaticMeta] Done - get Static Meta SensorIdx(0)
07-25 21:40:08.808   723  5044 E camiopipe: [vendor/mediatek/proprietary/hardware/mtkcam/drv/src/isp/mt6768/imageio/pipe/CamIOPipe/CamIOPipe.cpp, sendCommand, line3812] ERROR: [0x0]:sendCommand(0x1500) error! (sendCommand){#3812:vendor/mediatek/proprietary/hardware/mtkcam/drv/src/isp/mt6768/imageio/pipe/CamIOPipe/CamIOPipe.cpp}
07-25 21:40:08.808   723  5041 D ResultPool: [setMetaStaticInfo]+ 
07-25 21:40:08.808   723  5041 D ResultPool: [setMetaStaticInfo]- 
07-25 21:40:08.808   723  5044 E NormalPipe: [vendor/mediatek/proprietary/hardware/mtkcam/drv/src/isp/mt6768/iopipe/CamIO/NormalPipe.cpp, sendCommand, line3773] ERROR: error: sendCommand fail: (cmd,arg1,arg2,arg3)=(0x00001500,0x7C8D95BF50,0x7C8D95BF54,0xB400007ECE80E9AC) (sendCommand){#3773:vendor/mediatek/proprietary/hardware/mtkcam/drv/src/isp/mt6768/iopipe/CamIO/NormalPipe.cpp}
07-25 21:40:08.808   723  5041 D Hal3Av3 : [setupStaticInfo] +
07-25 21:40:08.808   723  5041 D Hal3Av3 : [buildSceneModeOverride] +
07-25 21:40:08.808   723  5041 D Hal3Av3 : [buildSceneModeOverride] -
07-25 21:40:08.808   723  5044 I MtkCam/P1NodeImp: [createAction] [Cam::0 R0 S0 E0 D0 O0 #0] [P1::REQ][Num Q:1 M:0 F:-1 R:-1 @0][Type:2 Out:x8A Rec:x0 Raw:1 Cap:0 Exe:1 Flush:x0] [META ze:-1 ci:-1 rt:-1 tn:-1 qc:-1 fi:-1 fr:-1] [New-Dummy][2] [0] [IMGO:1 (-1,-1)] [Gp:255/0] 
07-25 21:40:08.808   723  5041 D Hal3Av3 : [setupStaticInfo] -
07-25 21:40:08.808   723  5041 D Hal3Av3 : [parseConfig] Config Params: HDR mode 0, IspProf 0, MinFps 5000, MaxFps 30000, CamSv 0, i4CamFeatureMode (-1 -1) CamPhysicalNums(0)
07-25 21:40:08.808   723  5041 D ae_mgr  : [Flicker] AEFlickerMode: 3 old:2 (0->60Hz;1->50Hz;2->Auto;3->Off)
07-25 21:40:08.808   723  5041 D ae_mgr  : [setAEFlickerModePlineIdx] Set Flicker value 3 
07-25 21:40:08.808   723  5041 D ae_mgr  : [setAETable()] i/ePreviewPLineTableID/TotalIdx:2/2/147
07-25 21:40:08.808   723  5041 D ae_mgr  : [setAETable()] i/eCapturePLineTableID/TotalIdx:2/2/147
07-25 21:40:08.808   723  5041 D ae_mgr  : [searchPreviewIndexLimit] m_u4FinerEVIdxBase:1 m_u4Index/m_u4IndexF:113/113 ZSD delta Idx:0 NewBV:104 OldBV:104 AEScene:1 u4Cap2PreRatio:1024
07-25 21:40:08.808   723  5041 D ae_mgr  : [setAEMinMaxFrameRatePlineIdx:e] m_u4FinerEVIdxBase: 1 MinFps/MaxIdx/MinIdx/Idx/MaxIdxF/MinIdxF/IdxF/SearchIdx/Searchfps: 50/146/0/113/146/0/113/147/249 
07-25 21:40:08.808   723  5044 I MtkCam/P1NodeUtility: [clusterCfgDecision] [Cam::0] [Hal:Image:STT_main1] UseCluster Pool[Multiple:1-WM(8:16)] Cluster[BufNum:8-MinCnt:1-Cfg:0] ImgBufInfo[Cnt:8-Step:294912-Size:384x384-Fmt:x2401-Plane(1)(768.0.0)(294912+0+0)]
07-25 21:40:08.808   723  5041 D ae_mgr  : [searchPreviewIndexLimit] Preview table index normal/finerEV:0~146/0~146 m_u4FinerEVIdxBase:1 m_u4Index/m_u4IndexF:113/113 Delta:0 itemp:146 
07-25 21:40:08.808   723  5044 I MtkCam/P1NodeUtility: [StuffBufferPool] [Cam::0] [Hal:Image:STT_main1] [0x2401-384x384-768.0.0 (8:16) *1 +0] (8:16) {C:0-8-1} (Ux60003) <S:0-0>
07-25 21:40:08.808   723  5041 D ae_mgr  : [updateISPNvramOBCTable()] m_i4SensorDev:1 i4OBCtableidx: 48->8 [0][1][2][3](offset/gain) = [7936/547][7936/547][7936/547][7936/547] 
07-25 21:40:08.808   723  5041 I FlashMgrM: setManualExposureTime(): manualExp(0).
07-25 21:40:08.808   723  5041 I FlashMgrM: setManualSensitivity(): ISO(0)
07-25 21:40:08.808   723  5041 I FlickerHal: setFlickerMode(): mode change(3->0).
07-25 21:40:08.808   723  5041 D aaa_sensor_mgr: setFlickerFrameRateActive en=0
07-25 21:40:08.808   723  5041 D MtkCam/HalSensorList: [querySecureState] Secure State is 0
07-25 21:40:08.808   723  5041 D aaa_hal_sttCtrl: [setSensorMode] i4SensorMode(2)
07-25 21:40:08.808   723  5041 D Hal3ARaw: [setSensorMode] mode(2)
07-25 21:40:08.808   723  5041 D PDTblGen: dev[1] Not supported pd sensor type(0)
07-25 21:40:08.808   723  5041 D PDTblGen: dev[1] module is not started!!
07-25 21:40:08.808   723  5041 D aaa_hal_sttCtrl: [setSensorDevInfo] i4SensorDevId(1), i4SensorOpenIndex(0)
07-25 21:40:08.808   723  5041 D PDTblGen: dev[1] Not supported pd sensor type(0)
07-25 21:40:08.808   723  5041 D PDTblGen: dev[1] module is not started!!
07-25 21:40:08.808   723  5041 D pd_mgr  : [getPDInfoForSttCtrl] + sensor_idx(0), sensor_mode(2)
07-25 21:40:08.808   723  5041 D NormalPipe: [addUser] pd_mgr ++, 1/3
07-25 21:40:08.808   723  5041 D NormalPipe: [destroyInstance] + : pd_mgr
07-25 21:40:08.808   723  5041 D NormalPipe: [delUser] pd_mgr --, 0/2
07-25 21:40:08.808   723  5044 D MtkCam/ImgBuf: [IonHeap::onCreate] IonHeap@ this:0xb400007e0e8333d0 384x384, fmt(0x2401), secType(0), plane(0) bit(16), buf offset(0), stride(768), bufSize(294912); 
07-25 21:40:08.808   723  5041 D NormalPipe: [destroyInstance] Skip destory NPipe[0] - users(2)
07-25 21:40:08.808   723  5041 D MtkCam/HalSensor: [onCreate] + #Sensor:1
07-25 21:40:08.808   723  5041 D MtkCam/HalSensorList: [querySecureState] Secure State is 0
07-25 21:40:08.808   723  5044 D MtkCam/ImgBuf: [IonHeap::onCreate] IonHeap@ this:0xb400007e0e81afb0 384x384, fmt(0x2401), secType(0), plane(0) bit(16), buf offset(294912), stride(768), bufSize(294912); 
07-25 21:40:08.808   723  5041 D MtkCam/HalSensor: [onCreate] - ret:1
07-25 21:40:08.808   723  5041 D MtkCam/HalSensorList: [openSensor] <pd_mgr> 1st user
07-25 21:40:08.808   723  5041 D MtkCam/HalSensorList: [querySecureState] Secure State is 0
07-25 21:40:08.808   723  5044 D MtkCam/ImgBuf: [IonHeap::onCreate] IonHeap@ this:0xb400007e0e81ff90 384x384, fmt(0x2401), secType(0), plane(0) bit(16), buf offset(589824), stride(768), bufSize(294912); 
07-25 21:40:08.808   723  5041 D MtkCam/HalSensorList: [querySecureState] Secure State is 0
07-25 21:40:08.808   723  5041 D MtkCam/HalSensorList: [querySecureState] Secure State is 0
07-25 21:40:08.808   723  5041 D MtkCam/HalSensorList: [querySecureState] Secure State is 0
07-25 21:40:08.808   723  5044 D MtkCam/ImgBuf: [IonHeap::onCreate] IonHeap@ this:0xb400007e0e81baf0 384x384, fmt(0x2401), secType(0), plane(0) bit(16), buf offset(884736), stride(768), bufSize(294912); 
07-25 21:40:08.808   723  5041 D MtkCam/HalSensorList: [querySecureState] Secure State is 0
07-25 21:40:08.808   723  5041 D MtkCam/HalSensorList: [querySecureState] Secure State is 0
07-25 21:40:08.808   723  5044 D MtkCam/ImgBuf: [IonHeap::onCreate] IonHeap@ this:0xb400007e0e823c50 384x384, fmt(0x2401), secType(0), plane(0) bit(16), buf offset(1179648), stride(768), bufSize(294912); 
07-25 21:40:08.808   723  5041 D pd_mgr  : [getPDInfoForSttCtrl] SensorMode(2), SensorInfo:pixel clock(-694967296)/line length(24736)/frame length(4764), PD block info:offset(0,0)/pitch(0,0)/pairNum(0)/subBlkSz(0,0)/blockNum(0,0)/longExpFirst(0)/mirrorFlip(0), pd Info:DataType(0x0)/ID(0x0)/SIZEH(0x0 BYTE)/SIZEV(0x0), win Info:FullImgSz(4032,3024)/Crop(0, 376, 4032, 2272)
07-25 21:40:08.808   723  5041 D pd_mgr  : [getPDInfoForSttCtrl] SensorMode(2), PDAF_Support(0), bSensorModeSupportPDAF(0), Info for 3A framework to Cfg sttPipe :PDAFStatus(0), PDOSzW(0 PIXELS), PDOSzH(0)
07-25 21:40:08.808   723  5041 D pd_mgr  : [getPDInfoForSttCtrl] - 0 : PDO size(0, 0), PDAFStatus(0)
07-25 21:40:08.808   723  5044 D MtkCam/ImgBuf: [IonHeap::onCreate] IonHeap@ this:0xb400007e0e81f450 384x384, fmt(0x2401), secType(0), plane(0) bit(16), buf offset(1474560), stride(768), bufSize(294912); 
07-25 21:40:08.808   723  5041 D aaa_hal_sttCtrl: [getPdInfoForSttCtrl] SensorDev(1), SensorOpenIdx(0), SensorMode(2), PDAFStatus(0), PDOSizeW(0), PDOSizeH(0)
07-25 21:40:08.808   723  5044 D MtkCam/ImgBuf: [IonHeap::onCreate] IonHeap@ this:0xb400007e0e8213d0 384x384, fmt(0x2401), secType(0), plane(0) bit(16), buf offset(1769472), stride(768), bufSize(294912); 
07-25 21:40:08.808   723  5044 D MtkCam/ImgBuf: [IonHeap::onCreate] IonHeap@ this:0xb400007e0e8194b0 384x384, fmt(0x2401), secType(0), plane(0) bit(16), buf offset(2064384), stride(768), bufSize(294912); 
07-25 21:40:08.809   723  5041 D MtkCam/HalSensor: [destroyInstance] HalSensor destroyInstance count = 5, caller =Hal3AFlowQueryTG
07-25 21:40:08.809   723  5041 D Hal3AFlowCtrl: [updateTGInfo] m_i4SensorDev = 1, sensorDevId = 1, senInfo.TgInfo = 1
07-25 21:40:08.809   723  5041 D Hal3ARaw: [config]+ sensorDev(1), Mode(2)
07-25 21:40:08.809   723  5041 D NormalPipe: [addUser] Hal3ARaw ++, 1/3
07-25 21:40:08.809   723  5044 D MtkCam/BaseHeap: [IonHeap::helpMapPhyAddrIon] [Hal:Image:STT_main1:Size384x384:Stride768.0.0:Sn1] mID(0xa8),size(2359296),VA(0x7c852f2000),PA(0xbd00000),S/C(0/0)
07-25 21:40:08.809   723  5041 D awb_mgr : [setSensorMode()] m_eSensorDev: 1
07-25 21:40:08.809   723  5041 D awb_mgr : i4NewSensorMode: 2
07-25 21:40:08.809   723  5041 D af_mgr_v3: cmd-setSensorMode Dev 1, Mode 2, BINSZ(2016, 1136)
07-25 21:40:08.809   723  5044 D MtkCam/BaseHeap: [IonHeap::unlockBufLocked] Hal:Image:STT_main1:Size384x384:Stride768.0.0:Sn1@ still locked (1)
07-25 21:40:08.809   723  5041 I FlickerHal: setSensorMode(): m_sensorDev(1) sensorMode(2) width(1008) height(1136)
07-25 21:40:08.809   723  5044 I MtkCam/P1NodeImp: [setupAction] [Cam::0 R1 S0 E1 D0 O0 #0] [P1::ENQ][Num Q:1 M:1 F:-1 R:-1 @0][Type:2 Out:x8A Rec:x0 Raw:1 Cap:0 Exe:1 Flush:x0] [Exp:0ns] [MetaCtrl][SCALER_CROP(0)][SENSOR_CROP(0)][RESIZER_SET(0)]
07-25 21:40:08.809   723  5041 D lsc_mgr_dft: [setSensorMode] Check sensor mode index and sensor crop pre-check rules passed
07-25 21:40:08.809   723  5075 D ae_mgr  : [setSensorMode()] m_eSensorDev: 1 i4NewSensorMode: 2
07-25 21:40:08.809   723  5075 D ae_mgr  : [setSensorMode()] m_eSensorMode/Hbinwidth/Hbinheight: 2/0/0 -> 2/1008/1136 , u4BlocksizeX/Y/Shift = 8/12/0 
07-25 21:40:08.809   723  5075 D ae_mgr  : [setAAOMode] m_i4AAOmode: 0 -> 0 (0:8/12bits, 1:14bits)
07-25 21:40:08.809   723  5075 D ae_mgr  : [Start()] m_eSensorDev: 1, m_i4SensorIdx = 0, m_eSensorMode = 2 CamMode:0
07-25 21:40:08.809   723  5041 D lsc_mgr_dft: [setSensorMode] update config for eLscScn(2 -> 2): m_fgInit(0), fgForce(0), P1BinWxH(2016x1136 -> 2016x1136)
07-25 21:40:08.809   723  5074 D aaa_hal_sttCtrl: [initStt] i4SensorDevId(1), i4SensorOpenIndex(0)
07-25 21:40:08.809   723  5075 D aaa_sensor_mgr: [getSensorMaxFrameRate] SensorDev(1) Mode(0) MaxFPS(300)
07-25 21:40:08.809   723  5075 D aaa_sensor_mgr: [getSensorMaxFrameRate] SensorDev(1) Mode(1) MaxFPS(300)
07-25 21:40:08.809   723  5075 D aaa_sensor_mgr: [getSensorMaxFrameRate] SensorDev(1) Mode(2) MaxFPS(300)
07-25 21:40:08.809   723  5075 D aaa_sensor_mgr: [getSensorMaxFrameRate] SensorDev(1) Mode(3) MaxFPS(1200)
07-25 21:40:08.809   723  5075 D aaa_sensor_mgr: [getSensorMaxFrameRate] SensorDev(1) Mode(4) MaxFPS(300)
07-25 21:40:08.809   723  5075 D aaa_sensor_mgr: [getSensorMaxFrameRate] SensorDev(1) Mode(5) MaxFPS(300)
07-25 21:40:08.809   723  5075 D aaa_sensor_mgr: [getSensorMaxFrameRate] SensorDev(1) Mode(6) MaxFPS(300)
07-25 21:40:08.809   723  5074 D ae_mgr  : [getTgIntAEInfo()] m_bTgIntAEEn:0, m_bPerframeAEFlag:1, TG_INT_AE_RATIO:0.600000
07-25 21:40:08.809   723  5075 D aaa_sensor_mgr: [getSensorMaxFrameRate] SensorDev(1) Mode(7) MaxFPS(300)
07-25 21:40:08.809   723  5041 D lsc_mgr_dft: [setSensorMode] Trfm(2)[4032x3024 -> 2016x1512, crop(0,188,2016,1136)]
07-25 21:40:08.809   723  5075 D aaa_sensor_mgr: [getSensorMaxFrameRate] SensorDev(1) Mode(8) MaxFPS(0)
07-25 21:40:08.809   723  5074 D aaa_hal_sttCtrl: [querySensorStaticInfo] SensorDev(1), SensorOpenIdx(0), mvHDR_Status(0), SensorMode(2), PDAFStatus(0), PDOSizeW(0), PDOSizeH(0)
07-25 21:40:08.809   723  5041 D lsc_mgr_dft: [doShadingTrfm +] MTK 1-to-3 Crop Transform
07-25 21:40:08.809   723  5075 D aaa_sensor_mgr: [getSensorMaxFrameRate] SensorDev(1) Mode(9) MaxFPS(0)
07-25 21:40:08.809   723  5041 D lsc_mgr_dft: [doShadingTrfm] Input (4032 x 3024) -> Output (2016 x 1512) -> Grid(17x17), Crop(0,188,2016,1136)
07-25 21:40:08.809   723  5075 D aaa_sensor_mgr: [getSensorWidthHeight] Sensor id:1 Prv:2016 1512 Video:2016 1136 Cap:2016 1512 Video1:2016 1136 Video2:2016 1512
07-25 21:40:08.809   723  5074 D aaa_hal_sttCtrl: [initStt:TgIntAEInfo] m_i4SensorDev:1, m_u4TGSizeH:0, m_bTgIntAEEn:0, m_fTgIntAERatio:0.600000
07-25 21:40:08.809   723  5075 D MtkCam/HalSensor: [destroyInstance] HalSensor destroyInstance count = 5, caller =ae_mgr
07-25 21:40:08.809   723  5074 D aaa_hal_sttCtrl: [initStt] Statistic Pipe createInstance and init
07-25 21:40:08.809   723  5075 D ae_mgr  : TG = 1, pixel mode = 1 
07-25 21:40:08.809   723  5075 D AeSettingCPU: [start():1]
07-25 21:40:08.809   723  5075 D AeSettingDefault: [start():1]
07-25 21:40:08.809   723  5074 D NormalPipe: [addUser] StatisticPipe ++, 1/4
07-25 21:40:08.809   723  5075 D AeSettingDefault: [start()] Sensor gain thread status Flg/Thread : 0/1 
07-25 21:40:08.809   723  5075 D ae_mgr  : [Start] m_eSensorDev:1 m_eSensorTG:1 m_i4SensorIdx:0 m_eISPProfile:0 
07-25 21:40:08.809   723  5074 D NormalPipe: [sendCommand] set idle hold cb: 0x7cba5d66a8
07-25 21:40:08.809   723  5074 D NormalPipe: [sendCommand] set suspend state cb: 0x7cba5d67f8
07-25 21:40:08.809   723  5075 D isp_mgr_ae_stat: [AEconfig] u4NumW/u4NumH/bHDR/bOverCnt/bTSF/bPixel/thr/shift = 120/90/1/1/1/0/254/0 -> 120/90/1/1/1/0/254/0 
07-25 21:40:08.809   723  5075 D isp_mgr_ae_stat: [AEAEYCoef] u4AEYCoefR/G/B = 5/9/2
07-25 21:40:08.809   723  5074 D StatisticPipe: [init] + SenIdx[0]
07-25 21:40:08.809   723  5075 D ae_mgr  : [UpdateSensorISPParams()] i4SensorDev:1 Exp Mode: 0 Shutter:30003 Sensor Gain:9040 Isp Gain:1024 Flare:512 0 
07-25 21:40:08.809   723  5075 D aaa_sensor_mgr: [setPreviewParams] Id:1 Shutter:30003 Sensor Gain:9040 
07-25 21:40:08.809   723  5074 D Drv/IMem: [init] mCount(11)
07-25 21:40:08.809   723  5074 D NormalPipe: [addUser] FlickerPlatformAdapter ++, 1/5
07-25 21:40:08.809   723  5075 D AeFlowDefault: [updateAECycleInfo()] m_i4CycleVDNum:3 m_i4ShutterDelayFrames:2 m_i4GainDelayFrames:2 m_i4IspGainDelayFrames:2 m_i4FrameCnt:0
07-25 21:40:08.809   723  5075 D AeFlowDefault: [start():1] LongCaptureThres:200000 MiniISOGain:85
07-25 21:40:08.809   723  5074 D NormalPipe: [destroyInstance] + : FlickerPlatformAdapter
07-25 21:40:08.809   723  5074 D NormalPipe: [delUser] FlickerPlatformAdapter --, 0/4
07-25 21:40:08.809   723  5074 D NormalPipe: [destroyInstance] Skip destory NPipe[0] - users(4)
07-25 21:40:08.809   723  5074 D isp_mgr_af_stat: [isCCUSupport] (0) Dev(1) Idx(0) 
07-25 21:40:08.809   723  5074 D isp_mgr_af_stat: [isCCUSupport] Enable CCU_AF(0)
07-25 21:40:08.809   723  5076 D af_mgr_v3: #(  785,  783) setCamScenarioMode 0 -> 1
07-25 21:40:08.809   723  5074 D aaa_hal_sttCtrl: [isAFOEnable] IsCCUSupport(0)
07-25 21:40:08.809   723  5076 D af_mgr_v3: #(  785,  783) setCamScenarioMode NVRAM is not initialized, update m_eCamScenarioMode only, no need update to algo
07-25 21:40:08.810   723  5074 D aaa_hal_sttCtrl: [initStt] Statistic Pipe config, enable_AFO = 1, enable_FLK = 1, SensorIdx = 0
07-25 21:40:08.810   723  5076 D af_mgr_v3: AF-Start          : + Dev 1
07-25 21:40:08.810   723  5074 D StatisticPipe: [configPipe] + SenIdx[0]
07-25 21:40:08.810   723  5041 D lsc_tbl : [cropOut] shading_transform Lock +
07-25 21:40:08.810   723  5076 D af_mgr_v3: AF-Start          : Dev(0x0001), set CurAFMode to EDOF to enable LaunchCamTrigger
07-25 21:40:08.810   723  5041 D lsc_tbl : [cropOut] shading_transform +
07-25 21:40:08.810   723  5074 D sttiopipe: [Create] :E:user:StatisticPipe, with input source:0x0
07-25 21:40:08.810   723  5076 D LensDrv : [lensSearch] Dev(1) , SensorId(0x0563), ModuleId(0x0000), m_McuDevIdx(0x0000)
07-25 21:40:08.810   723  5074 D sttiopipe: [init] [0x0]:(StatisticPipe):E
07-25 21:40:08.810   723  5076 D LensDrv : [lensSearch] Dev(1) , ListIdx(0x000d), ListSensorID(0x0563), ListModuleID(0x0000), ListLensName(DW9800WAF)
07-25 21:40:08.810   723  5076 D LensDrv : [lensSearch] Dev(1) , LensIdx(0x000d)
07-25 21:40:08.810   723  5076 D LensDrv : [init] Dev(1) Idx(0) , InitPos(0x0000)
07-25 21:40:08.810   723  5074 D sttiopipe: [configPipe] [0x0]:statistic vOutPorts:[0]:
07-25 21:40:08.810   723  5074 D CmdQMgr : [CmdQMgr_attach_imp] [0x0]:CmdQMgrImp2::CmdQMgr_attach+: fps:0,subsample:0,module:0x0,cq:4
07-25 21:40:08.810   723  5074 D IspDrv_CAM: IspDrv_CAM[createInstance] module:0x0,cq:0x4,pageIdx:0x0,userName:CmdQMgrImp2:4
07-25 21:40:08.810   723  5076 D LensDrv : [init] Dev(1) , pthread_create(0)
07-25 21:40:08.810   723  5074 D IspDrv_CAM: IspDrv_CAM[ISP_DRV_CAM] getpid[0x000002d3],gettid[0x000013d2]
07-25 21:40:08.810   723  5076 D LensDrv : [init] Dev(1) , pthread_create sucess
07-25 21:40:08.810   723  5074 D IspDrv_CAM: IspDrv_CAM[init] [0x0][4_0]: - E. m_UserCnt(0), curUser(CmdQMgrImp2:4),module:0x0,cq:0x4,pageIdx:0x0
07-25 21:40:08.810   723  5076 D af_mgr_v3: AF-Start          : Dev(0x0001), PixId (3)(0:B, 1:GB, 2:GR, 3:R), SensorID (0x0563), ModuleId (0x0000), LensId (0x9800), EnableAF (1), IsAFSupport(1), PD_Support(0)
07-25 21:40:08.810   723  5076 D MtkCam/HalSensorList: [querySecureState] Secure State is 0
07-25 21:40:08.810   723  5074 D Isp_Drv : [init] +,m_UserCnt(10), curUser(CmdQMgrImp2:4).
07-25 21:40:08.810   723  5077 D LensDrv : [initMCU] Dev(1) , [Lens Driver] DW9800WAF [m_userCnt] 0 +
07-25 21:40:08.810   723  5074 D Isp_Drv : [init]  - X. m_UserCnt: 11,UserName:CmdQMgrImp2:4
07-25 21:40:08.810   723  5076 D MtkCam/HalSensorList: [querySecureState] Secure State is 0
07-25 21:40:08.810   723  5074 D Drv/IMem: [init] mCount(12)
07-25 21:40:08.810   723  5076 D LensDrv : [setLensNvramIdx] Dev(1) , LensIdx(0x000d)
07-25 21:40:08.810   723  5076 W nvbuf_util.cpp: [getInstance:408] getInstance, bInit(1)
07-25 21:40:08.810   723  5076 W nvbuf_util.cpp: [getBufAndReadNoLock:698] ramId(3), sensorDev(1), p(0x0), bForceRead(0) +
07-25 21:40:08.810   723  5076 D nvbuf_util.cpp: [getBufAndReadNoLock:710] getMem , p(0xb400007cdb2beff0), err(0)
07-25 21:40:08.810   723  5041 D SHADING_TRANS_UTIL: [compute_spline] STEP_OK
07-25 21:40:08.810   723  5076 D af_mgr_v3: AF-Start          : Dev(0x0001), Scenario Mode(1), NVRAM File Path vendor/mediatek/proprietary/custom/mt6768/hal/lens/dw9800waf/lens_para_DW9800WAF_vdo.cpp
07-25 21:40:08.810   723  5041 D lsc_tbl : [cropOut] shading_transform -
07-25 21:40:08.810   723  5076 D af_mgr_v3: AF-Start          : Dev(0x0001), ParamInfo : CamScenarioMode(1), [nvram] ver(1), Sz(225280, 4, 8, 10216, 2592, 4104, 208356),Normal Num(17) Macro Num(17) Normal min step(4) Macro min step(4)
07-25 21:40:08.810   723  5041 D lsc_tbl : [cropOut] shading_transform Lock -
07-25 21:40:08.810   723  5076 D af_mgr_v3: AF-Start          : Dev(0x0001), needCheckSendCallback 1, CallbackInfo.Targets: PDCL 100, FPS 0, ISO 0
07-25 21:40:08.810   723  5076 D NormalPipe: [addUser] af_mgr_v3 ++, 1/5
07-25 21:40:08.810   723  5074 D IspDrv_CAM: IspDrv_CAM[CQ_Allocate_method2] [0x0][4_0]:CQDescriptor:Virt[0x7f775c1000]/Phy[0xc000000],size/num(8/202)
07-25 21:40:08.810   723  5076 D NormalPipe: [destroyInstance] + : af_mgr_v3
07-25 21:40:08.810   723  5076 D NormalPipe: [delUser] af_mgr_v3 --, 0/4
07-25 21:40:08.810   723  5076 D NormalPipe: [destroyInstance] Skip destory NPipe[0] - users(4)
07-25 21:40:08.810   723  5076 D NormalPipe: [addUser] af_mgr_v3 ++, 1/5
07-25 21:40:08.810   723  5076 D NormalPipe: [destroyInstance] + : af_mgr_v3
07-25 21:40:08.810   723  5074 D IspDrv_CAM: IspDrv_CAM[init] [0x0][4_0]: - X. ret: 1. mInitCount: 1.
07-25 21:40:08.810   723  5076 D NormalPipe: [delUser] af_mgr_v3 --, 0/4
07-25 21:40:08.810   723  5076 D NormalPipe: [destroyInstance] Skip destory NPipe[0] - users(4)
07-25 21:40:08.810   723  5041 D lsc_mgr_dft: [doShadingTrfm] Input (4032 x 3024) -> Output (2016 x 1512) -> Grid(17x17), Crop(0,188,2016,1136)
07-25 21:40:08.810   723  5076 D af_mgr_v3: AF-Start          : Dev(0x0001), TGSZ: W 2016, H 1136, BINSZ: W 2016, H 1136
07-25 21:40:08.810   723  5074 D CmdQMgr : [CmdQMgr_attach_imp] [0x0]:CmdQMgrImp2::CmdQMgr_attach-: DupQ:0x0,BurstQ:0x0,CQ_PA:0x4,
07-25 21:40:08.810   723  5076 D af_tuning_custom: _getAFParam : use default setting, 0xc9d16ac0, tbl_size(9)
07-25 21:40:08.810   723  5074 D sttiopipe: [configPipe] [0x0]:statistic vOutPorts:[1]:
07-25 21:40:08.810   723  5076 D af_tuning_custom: _getAFConfig : use default setting, 0xc9e56ab0, AF_EXT_ENABLE(1)
07-25 21:40:08.810   723  5076 D af_mgr_v3: AF-Start          : Dev(0x0001), [AFParam] AFS_MODE(1), AFC_MODE(1), VAFC_MODE(2), TBLL(9), [DefAFConfig] AF_EXT_ENABLE(1)
07-25 21:40:08.810   723  5074 D CmdQMgr : [CmdQMgr_attach_imp] [0x0]:CmdQMgrImp2::CmdQMgr_attach+: fps:0,subsample:0,module:0x0,cq:12
07-25 21:40:08.810   723  5076 D af_mgr_v3: AF-SDAF_Start     : default data [af_dac_inf]200 [af_dac_marco]800 [af_dac_min]200 [af_dac_max]800 [af_distance_inf]0 [af_distance_marco]0
07-25 21:40:08.810   723  5074 D IspDrv_CAM: IspDrv_CAM[createInstance] module:0x0,cq:0xc,pageIdx:0x0,userName:CmdQMgrImp2:12
07-25 21:40:08.810   723  5076 D isp_mgr_pdo: [start] +
07-25 21:40:08.810   723  5074 D IspDrv_CAM: IspDrv_CAM[ISP_DRV_CAM] getpid[0x000002d3],gettid[0x000013d2]
07-25 21:40:08.810   723  5076 D isp_mgr_pdo: [start] -
07-25 21:40:08.810   723  5076 D pd_mgr  : [config] Current sensor mode is not support PD
07-25 21:40:08.810   723  5074 D IspDrv_CAM: IspDrv_CAM[init] [0x0][12_0]: - E. m_UserCnt(0), curUser(CmdQMgrImp2:12),module:0x0,cq:0xc,pageIdx:0x0
07-25 21:40:08.810   723  5076 D pd_mgr  : [config] SensorID(0x563), PDAF_Support(0), SensorModeSupportPD(0), BufType(0x00) Note:(NOTDEF[0x00] VC[0x01] VC_OPEN[0x11] RAW_LEGACY[0x02] RAW_LEGACY_OPEN[0x12] PDO[0x04] PDO_OPEN[0x14] DUALPD_VC[0x21] DUALPD_RAW[0x24]
07-25 21:40:08.810   723  5074 D Isp_Drv : [init] +,m_UserCnt(11), curUser(CmdQMgrImp2:12).
07-25 21:40:08.810   723  5076 D af_mgr_v3: AF-Start          : Dev(0x0001), config PD HAL done, PD version 0.0
07-25 21:40:08.810   723  5074 D Isp_Drv : [init]  - X. m_UserCnt: 12,UserName:CmdQMgrImp2:12
07-25 21:40:08.810   723  5076 D pd_mgr  : [isModuleEnable] PD Flow is not enabled!! Please checking configuration (0/0x0)
07-25 21:40:08.810   723  5076 D af_mgr_v3: #(    0,    0) SetCropRegionInfo (x,y,w,h)=(0, 0, 2016, 1136), dzX(100), dzY(100), Fac(100)
07-25 21:40:08.810   723  5074 D Drv/IMem: [init] mCount(13)
07-25 21:40:08.810   723  5076 D af_mgr_v3: UpdateCenterROI 37 38 37 39 18 24 - scale 18 24, ROI-C [X]827 [Y]432 [W]362 [H]272
07-25 21:40:08.810   723  5076 I AfAlgoC : [initAF] version .4 21504001 9392005 8225007 9335003 8042003, param 2021071902
07-25 21:40:08.810   723  5074 D IspDrv_CAM: IspDrv_CAM[CQ_Allocate_method2] [0x0][12_0]:CQDescriptor:Virt[0x7f775c0000]/Phy[0xc100000],size/num(8/202)
07-25 21:40:08.810   723  5041 D lsc_tbl : [cropOut] shading_transform Lock +
07-25 21:40:08.810   723  5041 D lsc_tbl : [cropOut] shading_transform +
07-25 21:40:08.810   723  5074 D IspDrv_CAM: IspDrv_CAM[init] [0x0][12_0]: - X. ret: 1. mInitCount: 1.
07-25 21:40:08.811   723  5074 D CmdQMgr : [CmdQMgr_attach_imp] [0x0]:CmdQMgrImp2::CmdQMgr_attach-: DupQ:0x0,BurstQ:0x0,CQ_PA:0xc,
07-25 21:40:08.811   723  5074 D sttiopipe: [configPipe] [0x0]:statistic vOutPorts:[2]:
07-25 21:40:08.811   723  5074 D CmdQMgr : [CmdQMgr_attach_imp] [0x0]:CmdQMgrImp2::CmdQMgr_attach+: fps:0,subsample:0,module:0x0,cq:5
07-25 21:40:08.811   723  5074 D IspDrv_CAM: IspDrv_CAM[createInstance] module:0x0,cq:0x5,pageIdx:0x0,userName:CmdQMgrImp2:5
07-25 21:40:08.811   723  5076 D af_mgr_v3: AF-IspMgrAFStatStart: ReadOutTimePerLine(0), P1DoneTime(0)
07-25 21:40:08.811   723  5074 D IspDrv_CAM: IspDrv_CAM[ISP_DRV_CAM] getpid[0x000002d3],gettid[0x000013d2]
07-25 21:40:08.811   723  5076 D isp_mgr_af_stat: [start] Support AF
07-25 21:40:08.811   723  5074 D IspDrv_CAM: IspDrv_CAM[init] [0x0][5_0]: - E. m_UserCnt(0), curUser(CmdQMgrImp2:5),module:0x0,cq:0x5,pageIdx:0x0
07-25 21:40:08.811   723  5074 D Isp_Drv : [init] +,m_UserCnt(12), curUser(CmdQMgrImp2:5).
07-25 21:40:08.811   723  5076 D isp_mgr_af_stat: [start] SensorDev(1) SensorIdx(0) -
07-25 21:40:08.811   723  5041 D SHADING_TRANS_UTIL: [compute_spline] STEP_OK
07-25 21:40:08.811   723  5077 D CamCalHelper: CamCalHelper Get cal data.
07-25 21:40:08.811   723  5074 D Isp_Drv : [init]  - X. m_UserCnt: 13,UserName:CmdQMgrImp2:5
07-25 21:40:08.811   723  5074 D Drv/IMem: [init] mCount(14)
07-25 21:40:08.811   723  5076 D isp_mgr_af_stat: sendAFConfigCtrl : ReadOutTimePerLine(0), P1ReadOutTime(0)
07-25 21:40:08.811   723  5074 D IspDrv_CAM: IspDrv_CAM[CQ_Allocate_method2] [0x0][5_0]:CQDescriptor:Virt[0x7f7757c000]/Phy[0xc200000],size/num(8/202)
07-25 21:40:08.811   723  5076 D af_mgr_v3: AF-Start          : -
07-25 21:40:08.811   723  5074 D IspDrv_CAM: IspDrv_CAM[init] [0x0][5_0]: - X. ret: 1. mInitCount: 1.
07-25 21:40:08.811   723  5074 D CmdQMgr : [CmdQMgr_attach_imp] [0x0]:CmdQMgrImp2::CmdQMgr_attach-: DupQ:0x0,BurstQ:0x0,CQ_PA:0x5,
07-25 21:40:08.811   723  5041 D lsc_tbl : [cropOut] shading_transform -
07-25 21:40:08.811   723  5074 D sttiopipe: [configPipe] [0x0]:statistic vOutPorts:[3]:
07-25 21:40:08.811   723  5074 D CmdQMgr : [CmdQMgr_attach_imp] [0x0]:CmdQMgrImp2::CmdQMgr_attach+: fps:0,subsample:0,module:0x0,cq:8
07-25 21:40:08.811   723  5074 D IspDrv_CAM: IspDrv_CAM[createInstance] module:0x0,cq:0x8,pageIdx:0x0,userName:CmdQMgrImp2:8
07-25 21:40:08.811   723  5041 D lsc_tbl : [cropOut] shading_transform Lock -
07-25 21:40:08.811   723  5074 D IspDrv_CAM: IspDrv_CAM[ISP_DRV_CAM] getpid[0x000002d3],gettid[0x000013d2]
07-25 21:40:08.811   723  5074 D IspDrv_CAM: IspDrv_CAM[init] [0x0][8_0]: - E. m_UserCnt(0), curUser(CmdQMgrImp2:8),module:0x0,cq:0x8,pageIdx:0x0
07-25 21:40:08.811   723  5074 D Isp_Drv : [init] +,m_UserCnt(13), curUser(CmdQMgrImp2:8).
07-25 21:40:08.811   723  5074 D Isp_Drv : [init]  - X. m_UserCnt: 14,UserName:CmdQMgrImp2:8
07-25 21:40:08.811   723  5074 D Drv/IMem: [init] mCount(15)
07-25 21:40:08.811   723  5077 I CamCalCamCal: ver0723 pCamCalData->deviceID=1
07-25 21:40:08.811   723  5077 I CamCalCamCal: ver0723 result = 8fffffff, LayoutType = 8
07-25 21:40:08.811   723  5041 D lsc_mgr_dft: [doShadingTrfm] Input (4032 x 3024) -> Output (2016 x 1512) -> Grid(17x17), Crop(0,188,2016,1136)
07-25 21:40:08.812   723  5074 D IspDrv_CAM: IspDrv_CAM[CQ_Allocate_method2] [0x0][8_0]:CQDescriptor:Virt[0x7f7757b000]/Phy[0xc300000],size/num(8/202)
07-25 21:40:08.812   723  5074 D IspDrv_CAM: IspDrv_CAM[init] [0x0][8_0]: - X. ret: 1. mInitCount: 1.
07-25 21:40:08.812   723  5074 D CmdQMgr : [CmdQMgr_attach_imp] [0x0]:CmdQMgrImp2::CmdQMgr_attach-: DupQ:0x0,BurstQ:0x0,CQ_PA:0x8,
07-25 21:40:08.812   723  5074 D ifunc_cam_dmax: [Init] [0x0]:DMAO_B::Init+[CAM_DMA_AAO]:cq(0x4),page(0x0)
07-25 21:40:08.812   723  5074 D ifunc_cam_dmax: [Init] [0x0]:DMAO_B::Init+[CAM_DMA_AFO]:cq(0x5),page(0x0)
07-25 21:40:08.812   723  5074 D ifunc_cam_dmax: [Init] [0x0]:DMAO_B::Init+[UNI_DMA_FLKO]:cq(0x8),page(0x0)
07-25 21:40:08.812   723  5074 D ifunc_cam_dmax: [Init] [0x0]:DMAO_B::Init+[CAM_DMA_PSO]:cq(0xc),page(0x0)
07-25 21:40:08.812   723  5074 D sttiopipe: [configPipe] [0x0]:-
07-25 21:40:08.812   723  5074 D NormalPipe: [addUser] aao_buf_mgr ++, 1/5
07-25 21:40:08.812   723  5041 D lsc_tbl : [cropOut] shading_transform Lock +
07-25 21:40:08.812   723  5074 D aao_buf_mgr: [AAOBufMgrImp]  i(0), BitMode(1) 
07-25 21:40:08.812   723  5041 D lsc_tbl : [cropOut] shading_transform +
07-25 21:40:08.812   723  5074 D aao_buf_mgr: [AAOBufMgrImp]  i(1), BitMode(1) 
07-25 21:40:08.812   723  5078 D StatisticPipe: [configPipe_bh] ImgHeader allocate+
07-25 21:40:08.812   723  5074 D aao_buf_mgr: [AAOBufMgrImp]  i(2), BitMode(1) 
07-25 21:40:08.812   723  5074 D aao_buf_mgr: [AAOBufMgrImp]  i(3), BitMode(1) 
07-25 21:40:08.812   723  5078 D StatisticPipe: [configPipe_bh] ImgHeader allocate-
07-25 21:40:08.812   723  5078 D StatisticPipe: [configPipe_bh] ImgBuf allocate+
07-25 21:40:08.812   723  5078 D StatisticPipe: [configPipe_bh] ImgBuf allocate-
07-25 21:40:08.812   723  5078 D StatisticPipe: [configPipe_bh] ImgBuf allocate+
07-25 21:40:08.812   723  5074 D isp_mgr_af_stat: [isCCUSupport] (0) Dev(1) Idx(0) 
07-25 21:40:08.812   723  5074 D isp_mgr_af_stat: [isCCUSupport] Enable CCU_AF(0)
07-25 21:40:08.812   723  5078 D StatisticPipe: [configPipe_bh] ImgBuf allocate-
07-25 21:40:08.812   723  5074 I afo_buf_mgr: [AFOBufMgrImp] IsCCUSupport(0)
07-25 21:40:08.812   723  5078 D StatisticPipe: [configPipe_bh] ImgBuf allocate+
07-25 21:40:08.812   723  5074 I afo_buf_mgr: [AFOBufMgrImp] SensorDev(1) -
07-25 21:40:08.812   723  5078 D StatisticPipe: [configPipe_bh] ImgBuf allocate-
07-25 21:40:08.812   723  5074 D NormalPipe: [addUser] pso_buf_mgr ++, 1/6
07-25 21:40:08.812   723  5078 D StatisticPipe: [configPipe_bh] ImgBuf allocate+
07-25 21:40:08.812   723  5078 D StatisticPipe: [configPipe_bh] ImgBuf allocate-
07-25 21:40:08.812   723  5074 D pso_buf_mgr: [PSOBufMgrImp]  i(0), BitMode(1) 
07-25 21:40:08.812   723  5078 D StatisticPipe: [configPipe_bh] ImgBuf allocate+
07-25 21:40:08.812   723  5074 D pso_buf_mgr: [PSOBufMgrImp]  i(1), BitMode(1) 
07-25 21:40:08.812   723  5078 D StatisticPipe: [configPipe_bh] ImgBuf allocate-
07-25 21:40:08.812   723  5078 D StatisticPipe: [configPipe_bh] ImgBuf allocate+
07-25 21:40:08.812   723  5074 I FLKOBufMgr: FLKOBufMgr(): Expo type = FLK_SENSOR_TYPE_NORMAL
07-25 21:40:08.812   723  5078 D StatisticPipe: [configPipe_bh] ImgBuf allocate-
07-25 21:40:08.812   723  5078 D StatisticPipe: [configPipe_bh] ImgBuf allocate+
07-25 21:40:08.812   723  5077 D LensDrv : [initMCU] Dev(1) , Init Pos(0) Done
07-25 21:40:08.812   723  5077 D LensDrv : [initMCU] Dev(1) , [m_InitDone] 1 [m_userCnt] 1 -
07-25 21:40:08.812   723  5078 D StatisticPipe: [configPipe_bh] ImgBuf allocate-
07-25 21:40:08.812   723  5078 D StatisticPipe: [configPipe_bh] ImgBuf allocate+
07-25 21:40:08.813   723  5078 D StatisticPipe: [configPipe_bh] ImgBuf allocate-
07-25 21:40:08.813   723  5078 D StatisticPipe: [configPipe_bh] ImgBuf allocate+
07-25 21:40:08.813   723  5041 D SHADING_TRANS_UTIL: [compute_spline] STEP_OK
07-25 21:40:08.813   723  5078 D StatisticPipe: [configPipe_bh] ImgBuf allocate-
07-25 21:40:08.813   723  5078 D StatisticPipe: [configPipe_bh] ImgBuf allocate+
07-25 21:40:08.813   723  5041 D lsc_tbl : [cropOut] shading_transform -
07-25 21:40:08.813   723  5078 D StatisticPipe: [configPipe_bh] ImgBuf allocate-
07-25 21:40:08.813   723  5078 D StatisticPipe: [configPipe_bh] ImgBuf allocate+
07-25 21:40:08.813   723  5041 D lsc_tbl : [cropOut] shading_transform Lock -
07-25 21:40:08.813   723  5041 D lsc_mgr_dft: [doShadingTrfm] Input (4032 x 3024) -> Output (2016 x 1512) -> Grid(17x17), Crop(0,188,2016,1136)
07-25 21:40:08.813   723  5078 D StatisticPipe: [configPipe_bh] ImgBuf allocate-
07-25 21:40:08.813   723  5078 D StatisticPipe: [configPipe_bh] ImgBuf allocate+
07-25 21:40:08.813   723  5078 D StatisticPipe: [configPipe_bh] ImgBuf allocate-
07-25 21:40:08.813   723  5078 D StatisticPipe: [configPipe_bh] ImgBuf allocate+
07-25 21:40:08.813   723  5078 D StatisticPipe: [configPipe_bh] ImgBuf allocate-
07-25 21:40:08.813   723  5078 D StatisticPipe: [configPipe_bh] ImgBuf allocate+
07-25 21:40:08.813   723  5078 D StatisticPipe: [configPipe_bh] ImgBuf allocate-
07-25 21:40:08.813   723  5078 D StatisticPipe: [configPipe_bh] ImgBuf allocate+
07-25 21:40:08.813   723  5078 D StatisticPipe: [configPipe_bh] ImgBuf allocate-
07-25 21:40:08.813   723  5078 D StatisticPipe: [configPipe_bh] ImgBuf allocate+
07-25 21:40:08.813   723  5078 D StatisticPipe: [configPipe_bh] ImgBuf allocate-
07-25 21:40:08.813   723  5078 D StatisticPipe: [configPipe_bh] TG_1 imgHeader alloc x4400/x4408 @x7F7752D000/xC400000
07-25 21:40:08.813   723  5078 D sttiopipe: [sendCommand] [0x0]:statistic vOutPorts:dma:0x3, 0xc500000_0xc400000,0xc600000_0xc400040,0xc700000_0xc400080,0xc800000_0xc4000c0,
07-25 21:40:08.813   723  5078 D sttiopipe: [sendCommand] [0x0]:statistic vOutPorts:dma:0x4, 0xcd00000_0xc400200,0xce00000_0xc401240,0xcf00000_0xc402280,0xd000000_0xc4032c0,
07-25 21:40:08.813   723  5078 D sttiopipe: [sendCommand] [0x0]:statistic vOutPorts:dma:0x8, 0xd100000_0xc404300,0xd200000_0xc404340,0xd300000_0xc404380,0xd400000_0xc4043c0,
07-25 21:40:08.814   723  5041 D lsc_tbl : [cropOut] shading_transform Lock +
07-25 21:40:08.814   723  5078 D sttiopipe: [sendCommand] [0x0]:statistic vOutPorts:dma:0xa, 0xc900000_0xc400100,0xca00000_0xc400140,0xcb00000_0xc400180,0xcc00000_0xc4001c0,
07-25 21:40:08.814   723  5041 D lsc_tbl : [cropOut] shading_transform +
07-25 21:40:08.814   723  5041 D SHADING_TRANS_UTIL: [compute_spline] STEP_OK
07-25 21:40:08.814   723  5041 D lsc_tbl : [cropOut] shading_transform -
07-25 21:40:08.814   723  5041 D lsc_tbl : [cropOut] shading_transform Lock -
07-25 21:40:08.814   723  5041 D lsc_mgr_dft: [doShadingTrfm -] flg(0), failcnt(0)
07-25 21:40:08.815   723  5041 D tsf_dft : [setConfig +] 
07-25 21:40:08.815   723  5041 D tsf_dft : [setConfig] Sensor(1), Scn(2), WxH(2016x1136), Grid(17x17), force(0)
07-25 21:40:08.815   723  5041 D tsf_dft : [setConfig] cur crop ratio (x, y): (0.00, 0.12), to crop ratio (x, y): (0.00, 0.12)
07-25 21:40:08.815   723  5041 D tsf_dft : [setConfig] raw_wd(2016), raw_ht(1136), block_wd(63), block_ht(35), xgrid(17), ygrid(17), wd_last(63), ht_last(43)
07-25 21:40:08.815   723  5041 D tsf_dft : [setConfig] Reinit but no reset table, eSensorMode(2), instance(1), init(0), fgBlkChg(0), fgAspectChg(0), fgForce(0)
07-25 21:40:08.815   723  5041 D tsf_dft : [tsfInit +] Sensor(1)
07-25 21:40:08.815   723  5041 D AppTsf  : [TsfExit] TsfExit; ShadingVersion: 2021.0805.1657 sync codebase and add error handling
07-25 21:40:08.815   723  5041 D tsf_dft : [tsfInit] SensorCrop(2): Full(4032,3024), Resize(2016,1512), Crop(0,188,2016,1136)
07-25 21:40:08.815   723  5041 D tsf_dft : [tsfInit] TSF set SL2 default mode(1)
07-25 21:40:08.815   723  5041 D tsf_dft : [tsfInit] StatOpt(0x7), ImgWidth(120), ImgHeight(90), BayerOrder(0), BaseShadingTbl(0xb400007f3e85b4d0), Raw16_9Mode(0), EnableSL2(1), pLscConfig(0xb400007e8e81b258), DebugAddr(0x0), DebugFlag(0), EnableSL2(1)
07-25 21:40:08.815   723  5041 D AppTsf  : [TsfInit] version: $Id: AppTsf.cpp 14 2020-05-06 08:24:57Z MTK15599 $
07-25 21:40:08.815   723  5041 D utilMetCtrl: MET TAG is Disabled
07-25 21:40:08.815   723  5041 D AppTsf  : [TsfInit][Warning] Not Valid AWB Golden Gain R(0) G(0) B(0), set to 512!
07-25 21:40:08.815   723  5041 D AppTsf  : [TsfInit][Warning] Not Valid AWB Unit Gain R(0) G(0) B(0), set to 512!
07-25 21:40:08.817   723  5041 D tsf_core: [TsfCoreSetEnvInfo] 7365001 5393001 7365001 6161001 7103001 7437001 5393001
07-25 21:40:08.817   723  5041 D AppTsf  : [TsfReset] TsfReset; ShadingVersion: 2021.0805.1657 sync codebase and add error handling
07-25 21:40:08.817   723  5041 D tsf_dft : [tsfInit -] Sensor(1)
07-25 21:40:08.817   723  5041 D tsf_dft : [tsfCfgChg +] Sensor(1)
07-25 21:40:08.817   723  5041 D MtkCam/BaseHeap: [IonHeap::helpFlushCacheIon] ctrl(0), num[0]: mID(0x2a),size(24576),VA(0x7f776b1000),PA(0x5600000)
07-25 21:40:08.817   723  5041 D tsf_dft : [tsfCfgChg -] Sensor(1)
07-25 21:40:08.817   723  5041 D tsf_dft : [setConfig -] 
07-25 21:40:08.817   723  5041 D MtkCam/HalSensor: [destroyInstance] HalSensor destroyInstance count = 6, caller =Hal3AQueryTG
07-25 21:40:08.817   723  5041 D awb_mgr : [setTGInfo()] i4TGInfo: 1 
07-25 21:40:08.817   723  5041 I FlickerHal: setTGInfo(): m_sensorDev(1) tgInfo(1) width(2016) height(1136)
07-25 21:40:08.817   723  5041 D awb_mgr : setAAOMode(): m_i4AAOmode: 0 -> 0 (0:8/12bits, 1:14bits)
07-25 21:40:08.817   723  5041 D awb_mgr : [getSensorResolution()][1]
07-25 21:40:08.817   723  5041 D awb_mgr : i4SensorWidth[ESensorMode_Preview] = 1008
07-25 21:40:08.817   723  5041 D awb_mgr : i4SensorHeight[ESensorMode_Preview] = 1136
07-25 21:40:08.817   723  5041 D awb_mgr : i4SensorWidth[ESensorMode_Capture] = 1008
07-25 21:40:08.817   723  5041 D awb_mgr : i4SensorHeight[ESensorMode_Capture] = 1136
07-25 21:40:08.817   723  5041 D awb_mgr : i4SensorWidth[ESensorMode_Video] = 1008
07-25 21:40:08.817   723  5041 D awb_mgr : i4SensorHeight[ESensorMode_Video] = 1136
07-25 21:40:08.818   723  5041 D awb_mgr : i4SensorWidth[ESensorMode_SlimVideo1] = 1008
07-25 21:40:08.818   723  5041 D awb_mgr : i4SensorHeight[ESensorMode_SlimVideo1] = 1136
07-25 21:40:08.818   723  5041 D awb_mgr : i4SensorWidth[ESensorMode_SlimVideo2] = 1008
07-25 21:40:08.818   723  5041 D awb_mgr : i4SensorHeight[ESensorMode_SlimVideo2] = 1136
07-25 21:40:08.818   723  5041 D awb_mgr : i4SensorWidth[ESensorMode_Custom1] = 1008
07-25 21:40:08.818   723  5041 D awb_mgr : i4SensorHeight[ESensorMode_Custom1] = 1136
07-25 21:40:08.818   723  5041 D awb_mgr : i4SensorWidth[ESensorMode_Custom2] = 1008
07-25 21:40:08.818   723  5041 D awb_mgr : i4SensorHeight[ESensorMode_Custom2] = 1136
07-25 21:40:08.818   723  5041 D awb_mgr : i4SensorWidth[ESensorMode_Custom3] = 1008
07-25 21:40:08.818   723  5041 D awb_mgr : i4SensorHeight[ESensorMode_Custom3] = 1136
07-25 21:40:08.818   723  5041 D awb_mgr : i4SensorWidth[ESensorMode_Custom4] = 1008
07-25 21:40:08.818   723  5041 D awb_mgr : i4SensorHeight[ESensorMode_Custom4] = 1136
07-25 21:40:08.818   723  5041 D awb_mgr : i4SensorWidth[ESensorMode_Custom5] = 1008
07-25 21:40:08.818   723  5041 D awb_mgr : i4SensorHeight[ESensorMode_Custom5] = 1136
07-25 21:40:08.818   723  5041 W nvbuf_util.cpp: [getInstance:408] getInstance, bInit(1)
07-25 21:40:08.818   723  5041 W nvbuf_util.cpp: [getBufAndReadNoLock:698] ramId(1), sensorDev(1), p(0xb400007f77978700), bForceRead(0) +
07-25 21:40:08.818   723  5041 D nvbuf_util.cpp: [getBufAndReadNoLock:710] getMem , p(0xb400007f77978700), err(0)
07-25 21:40:08.818   723  5041 W nvbuf_util.cpp: [getInstance:408] getInstance, bInit(1)
07-25 21:40:08.818   723  5041 W nvbuf_util.cpp: [getBufAndReadNoLock:698] ramId(12), sensorDev(1), p(0xb400007f2e812a20), bForceRead(0) +
07-25 21:40:08.818   723  5041 D nvbuf_util.cpp: [getBufAndReadNoLock:710] getMem , p(0xb400007f2e812a20), err(0)
07-25 21:40:08.818   723  5041 D awb_mgr : [getEEPROMData()][1]
07-25 21:40:08.818   723  5041 D CamCalHelper: CamCalHelper Get cal data.
07-25 21:40:08.818   723  5041 I CamCalCamCal: ver0723 pCamCalData->deviceID=1
07-25 21:40:08.818   723  5041 I CamCalCamCal: ver0723 result = 8fffffff, LayoutType = 8
07-25 21:40:08.818   723  5041 D awb_mgr : (0x8fffffff)=pCamCalDrvObj->GetCamCalCalData
07-25 21:40:08.818   723  5041 D awb_mgr : err (ERR_NO_3A_GAIN)
07-25 21:40:08.818   723  5041 D awb_mgr : m_pNVRAM_3A->rAWBNVRAM[1].rCalData.rGoldenGain.i4R = 0
07-25 21:40:08.818   723  5041 D awb_mgr : m_pNVRAM_3A->rAWBNVRAM[1].rCalData.rGoldenGain.i4G = 0
07-25 21:40:08.818   723  5041 D awb_mgr : m_pNVRAM_3A->rAWBNVRAM[1].rCalData.rGoldenGain.i4B = 0
07-25 21:40:08.818   723  5041 D awb_mgr : m_pNVRAM_3A->rAWBNVRAM[1].rCalData.rUnitGain.i4R = 0
07-25 21:40:08.818   723  5041 D awb_mgr : m_pNVRAM_3A->rAWBNVRAM[1].rCalData.rUnitGain.i4G = 0
07-25 21:40:08.818   723  5041 D awb_mgr : m_pNVRAM_3A->rAWBNVRAM[1].rCalData.rUnitGain.i4B = 0
07-25 21:40:08.818   723  5041 D awb_mgr : mGoldenGain2.i4R[0] mUnitGain2.i4R = 0
07-25 21:40:08.818   723  5041 D awb_mgr : mGoldenGain2.i4G[0] mUnitGain2.i4G = 0
07-25 21:40:08.818   723  5041 D awb_mgr : mGoldenGain2.i4B[0] mUnitGain2.i4B = 0
07-25 21:40:08.818   723  5041 D awb_mgr : m_rAWBInitInput.eAWBMode = 1
07-25 21:40:08.818   723  5041 D awb_mgr : m_eSensorDev = 1
07-25 21:40:08.818   723  5041 D awb_mgr : [AWBWindowConfig][1] Sensor mode: 0 i4SensorWidth: 1008, i4SensorHeight: 1136 i4NumX: 120, i4NumY: 90 i4SizeX: 8, i4SizeY: 12 i4PitchX: 8, i4PitchY: 12 i4OriginX: 24, i4OriginY: 28
07-25 21:40:08.818   723  5041 D awb_mgr : [AWBWindowConfig][1] Sensor mode: 1 i4SensorWidth: 1008, i4SensorHeight: 1136 i4NumX: 120, i4NumY: 90 i4SizeX: 8, i4SizeY: 12 i4PitchX: 8, i4PitchY: 12 i4OriginX: 24, i4OriginY: 28
07-25 21:40:08.818   723  5041 D awb_mgr : [AWBWindowConfig][1] Sensor mode: 2 i4SensorWidth: 1008, i4SensorHeight: 1136 i4NumX: 120, i4NumY: 90 i4SizeX: 8, i4SizeY: 12 i4PitchX: 8, i4PitchY: 12 i4OriginX: 24, i4OriginY: 28
07-25 21:40:08.818   723  5041 D awb_mgr : [AWBWindowConfig][1] Sensor mode: 3 i4SensorWidth: 1008, i4SensorHeight: 1136 i4NumX: 120, i4NumY: 90 i4SizeX: 8, i4SizeY: 12 i4PitchX: 8, i4PitchY: 12 i4OriginX: 24, i4OriginY: 28
07-25 21:40:08.818   723  5041 D awb_mgr : [AWBWindowConfig][1] Sensor mode: 4 i4SensorWidth: 1008, i4SensorHeight: 1136 i4NumX: 120, i4NumY: 90 i4SizeX: 8, i4SizeY: 12 i4PitchX: 8, i4PitchY: 12 i4OriginX: 24, i4OriginY: 28
07-25 21:40:08.818   723  5041 D awb_mgr : [AWBWindowConfig][1] Sensor mode: 5 i4SensorWidth: 1008, i4SensorHeight: 1136 i4NumX: 120, i4NumY: 90 i4SizeX: 8, i4SizeY: 12 i4PitchX: 8, i4PitchY: 12 i4OriginX: 24, i4OriginY: 28
07-25 21:40:08.818   723  5041 D awb_mgr : [AWBWindowConfig][1] Sensor mode: 6 i4SensorWidth: 1008, i4SensorHeight: 1136 i4NumX: 120, i4NumY: 90 i4SizeX: 8, i4SizeY: 12 i4PitchX: 8, i4PitchY: 12 i4OriginX: 24, i4OriginY: 28
07-25 21:40:08.818   723  5041 D awb_mgr : [AWBWindowConfig][1] Sensor mode: 7 i4SensorWidth: 1008, i4SensorHeight: 1136 i4NumX: 120, i4NumY: 90 i4SizeX: 8, i4SizeY: 12 i4PitchX: 8, i4PitchY: 12 i4OriginX: 24, i4OriginY: 28
07-25 21:40:08.818   723  5041 D awb_mgr : [AWBWindowConfig][1] Sensor mode: 8 i4SensorWidth: 1008, i4SensorHeight: 1136 i4NumX: 120, i4NumY: 90 i4SizeX: 8, i4SizeY: 12 i4PitchX: 8, i4PitchY: 12 i4OriginX: 24, i4OriginY: 28
07-25 21:40:08.818   723  5041 D awb_mgr : [AWBWindowConfig][1] Sensor mode: 9 i4SensorWidth: 1008, i4SensorHeight: 1136 i4NumX: 120, i4NumY: 90 i4SizeX: 8, i4SizeY: 12 i4PitchX: 8, i4PitchY: 12 i4OriginX: 24, i4OriginY: 28
07-25 21:40:08.818   723  5041 D isp_mgr_awb_stat: rCscCCM 0 = 200
07-25 21:40:08.818   723  5041 D isp_mgr_awb_stat: rCscCCM 1 = 0
07-25 21:40:08.818   723  5041 D isp_mgr_awb_stat: rCscCCM 2 = 0
07-25 21:40:08.818   723  5041 D isp_mgr_awb_stat: rCscCCM 3 = 0
07-25 21:40:08.818   723  5041 D isp_mgr_awb_stat: rCscCCM 4 = 200
07-25 21:40:08.818   723  5041 D isp_mgr_awb_stat: rCscCCM 5 = 0
07-25 21:40:08.818   723  5041 D isp_mgr_awb_stat: rCscCCM 6 = 0
07-25 21:40:08.818   723  5041 D isp_mgr_awb_stat: rCscCCM 7 = 0
07-25 21:40:08.818   723  5041 D isp_mgr_awb_stat: rCscCCM 8 = 200
07-25 21:40:08.818   723  5041 D awb_mgr : [AWBRAWPreGain1Config] i4PreGainR = 512
07-25 21:40:08.818   723  5041 D awb_mgr : [AWBRAWPreGain1Config] i4PreGainG = 512
07-25 21:40:08.818   723  5041 D awb_mgr : [AWBRAWPreGain1Config] i4PreGainB = 512
07-25 21:40:08.819   723  5041 D isp_mgr_awb_stat: rCscCCM 0 = 200
07-25 21:40:08.819   723  5041 D isp_mgr_awb_stat: rCscCCM 1 = 0
07-25 21:40:08.819   723  5041 D isp_mgr_awb_stat: rCscCCM 2 = 0
07-25 21:40:08.819   723  5041 D isp_mgr_awb_stat: rCscCCM 3 = 0
07-25 21:40:08.819   723  5041 D isp_mgr_awb_stat: rCscCCM 4 = 200
07-25 21:40:08.819   723  5041 D isp_mgr_awb_stat: rCscCCM 5 = 0
07-25 21:40:08.819   723  5041 D isp_mgr_awb_stat: rCscCCM 6 = 0
07-25 21:40:08.819   723  5041 D isp_mgr_awb_stat: rCscCCM 7 = 0
07-25 21:40:08.819   723  5041 D isp_mgr_awb_stat: rCscCCM 8 = 200
07-25 21:40:08.819   723  5041 D awb_mgr : [setIspAwbInfo()] m_eSensorDev: 1, awb_gain: 990/512/817, PreGain1: 512/512/512, RPG: 990/512/817, PGN: 990/512/817, bAWBLock: 0 (m_bAWBLock:0, m_u4AWBMode:1)
07-25 21:40:08.819   723  5041 I FlashMgrM: setBitMode(): mode(1).
07-25 21:40:08.819   723  5041 I StrobeDrvFlashlight: setCharger(): ready(1).
07-25 21:40:08.819   723  5041 I StrobeDrvFlashlight: setCharger(): time(947497).
07-25 21:40:08.819   723  5041 I StrobeDrvFlashlight: setCharger(): ready(1).
07-25 21:40:08.819   723  5041 I StrobeDrvFlashlight: setCharger(): time(947497).
07-25 21:40:08.819   723  5041 I FlashHal: setInCharge(): sensorDev(1), inCharge(1).
07-25 21:40:08.819   723  5041 I FlashMgrM: setInCharge(): sensorDev(1), inCharge(1).
07-25 21:40:08.819   723  5041 D NormalPipe: [addUser] FlickerPlatformAdapter ++, 1/7
07-25 21:40:08.819   723  5041 D NormalPipe: [destroyInstance] + : FlickerPlatformAdapter
07-25 21:40:08.819   723  5041 D NormalPipe: [delUser] FlickerPlatformAdapter --, 0/6
07-25 21:40:08.819   723  5041 D NormalPipe: [destroyInstance] Skip destory NPipe[0] - users(6)
07-25 21:40:08.819   723  5041 I FlickerHal: config(): m_sensorDev(1)
07-25 21:40:08.819   723  5041 I FlickerPlatformAdapter: setWindowInfo(): sensorDev(1) sensorId(0) tg(1) tgImg(1008,1136) configImg(1005,1111) offset(0,20) win(334,370) dma(6660)
07-25 21:40:08.819   723  5041 D NormalPipe: [addUser] FlickerPlatformAdapter ++, 1/7
07-25 21:40:08.819   723  5041 D NormalPipe: [destroyInstance] + : FlickerPlatformAdapter
07-25 21:40:08.819   723  5041 D NormalPipe: [delUser] FlickerPlatformAdapter --, 0/6
07-25 21:40:08.819   723  5041 D NormalPipe: [destroyInstance] Skip destory NPipe[0] - users(6)
07-25 21:40:08.819   723  5041 I FlickerHal: setWindowInfo(): m_sensorDev(1) flkHwInfo(1)
07-25 21:40:08.819   723  5041 I aaa_common_custom.cpp: [cust_initSpecialLongExpOnOff] g_bIsSpecialLongExpOn(0) AEEffectiveFrame(0)
07-25 21:40:08.819   723  5041 D Hal3ARaw: [config] isp tuning update lsc info for FastAEC
07-25 21:40:08.819   723  5041 D isp_tuning_custom: [evaluate_Shading_Ratio] sensorid(1379), preSensorId(1379), eSensorMode(2), preSensorMode(2), isSensorOrModeSwitch(0), isInit(0)
07-25 21:40:08.819   723  5041 D isp_tuning_custom: [iso_smooth][ISO smooth enabled][ISO idx(3306)]avgISO = 750.
07-25 21:40:08.819   723  5041 D isp_tuning_custom: [RA_smooth][RA smooth][frm idx(3306)] rto for iso(21), prev_rto(21),RA_incremental_step(2), smoothed ratio(21)
07-25 21:40:08.819   723  5041 D paramctrl_per_frame: put ratio with m_eSensorDev(1), i4Rto(21)
07-25 21:40:08.819   723  5041 D paramctrl_per_frame: [updateLscInfo] (flash, iso, rto)=(0, 750, 21), auto(1), lock(0,0,0), dyn(1), op(0), PreCapFlashIsLockRto(0), fgForceUnlock(0)
07-25 21:40:08.819   723  5041 D Hal3ARaw: [config]- setAAOMode(1), AAWH(1008x1136), AFWH(2016x1136), enable_flk=1, BatchCount(1)
07-25 21:40:08.819   723  5041 D ae_mgr  : [getCCUresultCBActive()] 
07-25 21:40:08.819   723  5041 D Hal3ARaw: [send3ACtrl()] m_bCCUEn:0
07-25 21:40:08.819   723  5041 D ae_mgr  : [getTgIntAEInfo()] m_bTgIntAEEn:0, m_bPerframeAEFlag:1, TG_INT_AE_RATIO:0.600000
07-25 21:40:08.819   723  5041 D Hal3Av3 : [config]- mMapMat size(1)
07-25 21:40:08.819   723  5041 I MtkCam/P1NodeImp: [hardwareOps_start] [Cam::0] mp3A->config ---
07-25 21:40:08.819   723  5041 I MtkCam/P1NodeImp: [hardwareOps_start] [Cam::0] mpISP->config +++
07-25 21:40:08.819   723  5041 D HalIspImp: [config] not support before isp60
07-25 21:40:08.819   723  5041 I MtkCam/P1NodeImp: [hardwareOps_start] [Cam::0] mpISP->config ---
07-25 21:40:08.820   723  5041 I LCSHal  : [GetSensorInfo]Sensor Static Info, previewW,H = 2016,1512,
07-25 21:40:08.820   723  5041 D MtkCam/HalSensor: [destroyInstance] HalSensor destroyInstance count = 6, caller =LCSHal
07-25 21:40:08.820   723  5041 D Hal3Av3 : [createInstance] sensorIdx(0) LCSHal
07-25 21:40:08.820   723  5041 D Hal3Av3 : [init] sensorDev(1), sensorIdx(0), Still 9 users
07-25 21:40:08.820   723  5041 D Hal3Av3 : [init] sensorDev(1), sensorIdx(0), Done m_rConfigInfo.i4SubsampleCount(1), User.count(10), User init(LCSHal)
07-25 21:40:08.820   723  5041 D LCSDrv  : [SetSensorInfo](dev,tg)=(1,1)
07-25 21:40:08.820   723  5041 D NormalPipe: [addUser] LCSDrv ++, 1/7
07-25 21:40:08.820   723  5041 D Hal3Av3 : [createInstance] sensorIdx(0) LCSDrv
07-25 21:40:08.820   723  5041 D Hal3Av3 : [init] sensorDev(1), sensorIdx(0), Still 10 users
07-25 21:40:08.820   723  5041 D Hal3Av3 : [init] sensorDev(1), sensorIdx(0), Done m_rConfigInfo.i4SubsampleCount(1), User.count(11), User init(LCSDrv)
07-25 21:40:08.820   723  5041 D HalIspImp: [ConfigP1Cb] not support before isp60
07-25 21:40:08.820   723  5041 I MtkCam/P1NodeImp: [hardwareOps_start] [Cam::0] mp3A->start +++
07-25 21:40:08.820   723  5041 D Hal3Av3 : [start]+ sensorDev(1), sensorIdx(0), mpHal3aObj(0xb400007e7e8118a0), Clear mpResultPoolObj(0xb400007ebe808640)
07-25 21:40:08.821   723  5028 D Hal3AFlowCtrl: [postCommand] Clear ResultPool
07-25 21:40:08.821   723  5028 D HwIRQ3A : [HwEventIrq]
07-25 21:40:08.821   723  5028 D NormalPipe: [addUser] VSIrq ++, 1/8
07-25 21:40:08.821   723  5028 D HwIRQ3A : [createDrv] use IP-Base driver, m_pSttPipe(0xb400007e7e81ed80)
07-25 21:40:08.821   723  5028 D HwIRQ3A : [init](VSIrq) this(0xb400007dee805b50), userKey(1), cfg(1, 0, 0, 5000000)
07-25 21:40:08.821   723  5028 W aaa_hal_sttCtrl: [startStt] SensorDev = 1, m_i4SttPortEnable = 15 
07-25 21:40:08.821   723  5028 D StatisticPipe: [start] +
07-25 21:40:08.821   723  5028 D sttiopipe: [start] [0x0]::E
07-25 21:40:08.822   723  5028 D CmdQMgr : [CmdQMgr_start] [0x0]:CmdQMgrImp2::CmdQMgr_start + module:0x0,cq:0x4
07-25 21:40:08.822   723  5028 D CmdQMgr : [CmdQMgr_start] [0x0]:CmdQMgrImp2::CmdQMgr_start + module:0x0,cq:0x5
07-25 21:40:08.822   723  5028 D CmdQMgr : [CmdQMgr_start] [0x0]:CmdQMgrImp2::CmdQMgr_start + module:0x0,cq:0x8
07-25 21:40:08.823   723  5028 D CmdQMgr : [CmdQMgr_start] [0x0]:CmdQMgrImp2::CmdQMgr_start + module:0x0,cq:0xc
07-25 21:40:08.823   723  5028 D sttiopipe: [start] [0x0]:-
07-25 21:40:08.823   723  5028 D Hal3ARaw: [start] +
07-25 21:40:08.823   723  5028 D isp_mgr_af_stat: HW : Config(0) CAM_AFO_XSIZE(0x240) CAM_AFO_YSIZE(0xc) CAM_AF_SIZE(0x7e0) CAM_AF_CON(0x701731) CAM_AF_VLD(0x1b4033c) CAM_AF_BLK_0(0x160014) CAM_AF_BLK_1(0xc0012)
07-25 21:40:08.823   723  5028 W TuningMgr: TuningMgr[updateEngine] WARNING: [temp log] AF enable(1_0xa0000_0x800068)
07-25 21:40:08.823   723  5079 D ThreadStatistic: [changeThreadSetting] name(AAOBufThread_1), tid(5079), policy:(expect, result)=(0, 0), priority:(expect, result)=(-8, -8)
07-25 21:40:08.823   723  5028 D isp_mgr_af_stat: HW-apply Magic(1) , Config(0)
07-25 21:40:08.823   723  5028 D TuningMgr: TuningMgr[enqueBuffer] magicNum(0x1)
07-25 21:40:08.823   723  5028 D Hal3ARaw_thread: [enableAFThread] +
07-25 21:40:08.823   723  5028 D HwIRQ3A : [HwEventIrq]
07-25 21:40:08.823   723  5028 D NormalPipe: [addUser] AFThread ++, 1/9
07-25 21:40:08.823   723  5028 D HwIRQ3A : [createDrv] use IP-Base driver, m_pSttPipe(0xb400007e7e81ed80)
07-25 21:40:08.823   723  5028 D HwIRQ3A : [init](AFThread) this(0xb400007dee8059d0), userKey(2), cfg(1, 0, 1, 5000000)
07-25 21:40:08.823   723  5028 D Hal3ARaw_thread: [enableAFThread][AFThread] Create
07-25 21:40:08.823   723  5028 D Hal3ARaw_thread: pthread attr has flags = 0
07-25 21:40:08.823   723  5028 D Hal3ARaw_thread: [enableAFThread] -
07-25 21:40:08.823   723  5028 D Hal3ARaw_thread: [createEventThread] +
07-25 21:40:08.824   723  5028 D HwIRQ3A : [HwEventIrq]
07-25 21:40:08.824   723  5028 D NormalPipe: [addUser] Sw_P1_Done ++, 1/10
07-25 21:40:08.824   723  5028 D HwIRQ3A : [createDrv] use IP-Base driver, m_pSttPipe(0xb400007e7e81ed80)
07-25 21:40:08.824   723  5028 D HwIRQ3A : [init](Sw_P1_Done) this(0xb400007dee8050d0), userKey(3), cfg(1, 0, 3, 5000000)
07-25 21:40:08.824   723  5028 D HwIRQ3A : [HwEventIrq]
07-25 21:40:08.824   723  5028 D NormalPipe: [addUser] EventThreadVSIrq ++, 1/11
07-25 21:40:08.824   723  5080 D Hal3ARaw_thread: [onAFThreadLoop] +
07-25 21:40:08.824   723  5080 D Hal3ARaw_thread: [AFThread] tid: 5080 
07-25 21:40:08.824   723  5028 D HwIRQ3A : [createDrv] use IP-Base driver, m_pSttPipe(0xb400007e7e81ed80)
07-25 21:40:08.824   723  5028 D HwIRQ3A : [init](EventThreadVSIrq) this(0xb400007dee8074d0), userKey(4), cfg(1, 0, 0, 5000000)
07-25 21:40:08.824   723  5080 D Hal3ARaw_thread: [changeAFThreadSetting] policy:(expect, result)=(0, 0), priority:(expect, result)=(-19, -19)
07-25 21:40:08.824   723  5080 D af_mgr_v3: AF-AFThreadStart  : + Dev 1
07-25 21:40:08.824   723  5028 D Hal3ARaw_thread: [createEventThread] -
07-25 21:40:08.824   723  5028 I FlickerHal: start(): m_sensorDev(1)
07-25 21:40:08.824   723  5080 D af_mgr_v3: Read (3) calibration data from EEPROM by camcal
07-25 21:40:08.824   723  5028 D NormalPipe: [addUser] FlickerPlatformAdapter ++, 1/12
07-25 21:40:08.824   723  5028 D NormalPipe: [destroyInstance] + : FlickerPlatformAdapter
07-25 21:40:08.824   723  5028 D NormalPipe: [delUser] FlickerPlatformAdapter --, 0/11
07-25 21:40:08.824   723  5080 D CamCalHelper: CamCalHelper Get cal data.
07-25 21:40:08.824   723  5028 D NormalPipe: [destroyInstance] Skip destory NPipe[0] - users(11)
07-25 21:40:08.824   723  5028 I FlickerHal: attach(): isAttach(1), count(1/1). m_sensorDev(1)
07-25 21:40:08.824   723  5080 I CamCalCamCal: ver0723 pCamCalData->deviceID=1
07-25 21:40:08.824   723  5080 I CamCalCamCal: ver0723 result = 8fffffff, LayoutType = 8
07-25 21:40:08.824   723  5028 D MtkCam/HalSensor: [onCreate] + #Sensor:1
07-25 21:40:08.824   723  5080 D af_mgr_v3: err (ERR_NO_3A_GAIN)
07-25 21:40:08.824   723  5028 D MtkCam/HalSensorList: [querySecureState] Secure State is 0
07-25 21:40:08.824   723  5080 D LensDrv : [setInitPos] Dev(1) +
07-25 21:40:08.824   723  5028 D MtkCam/HalSensor: [onCreate] - ret:1
07-25 21:40:08.824   723  5028 D MtkCam/HalSensorList: [openSensor] <flicker> 1st user
07-25 21:40:08.824   723  5080 D LensDrv : [setInitPos] Dev(1) -
07-25 21:40:08.824   723  5028 D MtkCam/HalSensorList: [querySecureState] Secure State is 0
07-25 21:40:08.824   723  5080 D af_mgr_v3: AF-AFThreadStart  : initMCU Dev 1, [MoveLensTo]m_i4InitPos 0
07-25 21:40:08.824   723  5080 D af_mgr_v3: AF-AFThreadStart  : -
07-25 21:40:08.824   723  5028 D MtkCam/HalSensorList: [querySecureState] Secure State is 0
07-25 21:40:08.824   723  5028 D MtkCam/HalSensor: [destroyInstance] HalSensor destroyInstance count = 6, caller =flicker
07-25 21:40:08.824   723  5028 D MtkCam/HalSensorList: [closeSensor] <flicker> last user
07-25 21:40:08.824   723  5028 D MtkCam/HalSensor: [onDestroy] #Sensor:1 gmeSensorDev 1
07-25 21:40:08.824   723  5028 D MtkCam/HalSensorList: [querySecureState] Secure State is 0
07-25 21:40:08.824   723  5028 I FlickerHal: init_algo(): sensorDev(1) sensorId(1379) sensorMode(1) sensorType(0) initFreq(50) ratio(1) clkFreq(-694967296) pixelsInLine(24736) imgH(1111) winH(370) winW(334) mUsers(1) period(1 ms)
07-25 21:40:08.824   723  5028 I FlickerHal: start(): m_decreaseFrameRateType(0)
07-25 21:40:08.824   723  5028 I FlashMgrM: getFlashMode(): mode(2).
07-25 21:40:08.825   723  5028 D Hal3ARaw: [start] Non Torch ae setStrobeMode
07-25 21:40:08.825   723  5028 D Hal3ARaw: [start] -
07-25 21:40:08.825   723  5028 W TaskMgr : [sendEvent] TaskEvent:PreivewStart
07-25 21:40:08.825   723  5028 W TaskMgr : [sendEvent] Create Task(0), overridePriority(-1)
07-25 21:40:08.825   723  5028 W TaskMgr : [sendEvent] Create Task(7), overridePriority(-1)
07-25 21:40:08.825   723  5041 D Hal3Av3 : [start]- 2 Dummy Update Sent, sensorDev(1)
07-25 21:40:08.825   723  5041 I MtkCam/P1NodeImp: [hardwareOps_start] [Cam::0] mp3A->start ---
07-25 21:40:08.825   723  5041 I MtkCam/P1NodeImp: [hardwareOps_start] [Cam::0] mpISP->start +++
07-25 21:40:08.825   723  5041 D HalIspImp: [start] not support before isp60
07-25 21:40:08.825   723  5041 I MtkCam/P1NodeImp: [hardwareOps_start] [Cam::0] mpISP->start ---
07-25 21:40:08.825   723  5041 I MtkCam/P1NodeUtility: [wait] [Cam::0] StageCtrl wait(1) OK
07-25 21:40:08.825   723  5041 D NormalPipe: [acceptEnqRequest] MyEnq:0: dma:0x8 pa(0x8D00000)io(0_0_2016_160_1920_160) mag(0x1)|dma:0x6 pa(0x4F009E0)io(0_0_2016_1_2016_1) mag(0x1)|dma:0xf pa(0x9000100)io(0_0_256_1_256_1) mag(0x1)|dma:0xb pa(0xBD48000)io(0_0_384_384_384_384) mag(0x1)|
07-25 21:40:08.825   723  5041 D NormalPipe: [enque] N:0 immeidateEnque
07-25 21:40:08.825   723  5041 D NormalPipe: [configEnquePath] N:0 configFrame event:1 multiSenNum:2 occupy:0 status:1(2) fsm:0 depth:0
07-25 21:40:08.825   723  5041 D NormalPipe: [dmaCfg] N:0 dma:x8 cmd:0x101a, crop:(0,0,2016,160), outsize:(1920,160)
07-25 21:40:08.825   723  5041 D NormalPipe: [dmaCfg] N:0 dma:x6 cmd:0x101c, crop:(0,0,2016,1), outsize:(2016,1)
07-25 21:40:08.825   723  5081 D Hal3ARaw_thread: [onEventThreadLoop] +
07-25 21:40:08.826   723  5081 D Hal3ARaw_thread: [Hal3AFlowCtrl::onEventThreadLoop] policy:(expect, result)=(0, 0), priority:(expect, result)=(-7, -7)
07-25 21:40:08.826   723  5041 D TuningDrv: TuningDrv[getInstance] +getInstance, sensorIndex: 0
07-25 21:40:08.826   723  5041 D TuningDrv: TuningDrv[init]  -E. userName(CAM_TUNING_CTRL), mInitCount(1), curUser(0), mInitCountUser(1)
07-25 21:40:08.826   723  5041 D TuningDrv: TuningDrv[init]  -X. 
07-25 21:40:08.826   723  5041 D ifunc_cam_tuning: [update] [0x0]:CAM_TUNING_CTRL - EN:0x100e02e0 DMA:0x808001e8
07-25 21:40:08.826   723  5041 D LMVDrv  : [GetLMVStatusAndUpdate]Suspicous clear, driver may drop frame and now in new pipeline: magicNum(1)=bypass(0)
07-25 21:40:08.826   723  5041 W LMVDrv  : [GetLMVStatusAndUpdate]Cannot find magicNum(0) in queue(0)
07-25 21:40:08.826   723  5041 D LMVTuning: [p1TuningNotify][Cam::0](1)first:new(1920,160),old(0,0)
07-25 21:40:08.826   723  5041 D LMVTuning: [p1TuningNotify][Cam::0]M(0)enLMV(1):TG(2016,1136),RRZ In(2016,1136),RRZ crop x/y(0,0),RRZ crop w/h(2016,160),RMX(1920,160),HBIN(1920,160),pixelMode(0),YUV(0)
07-25 21:40:08.826   723  5041 D LMVTuning: [p1TuningNotify][Cam::0]org(w,h)=(1920,160),(DivH,DivV)=(2,1),(winH,winV)=(4,3),MaxGmv(0)
07-25 21:40:08.826   723  5041 W Hal3Av3 : [send3ACtrl] pMetaResult is NULL
07-25 21:40:08.826   723  5041 D camiopipe: [sendCommand] [0x0]:[0]P1_UPDATE_CHECK CTL_EN(0x9401) +[0_0]:0x190bc03 [1_0]:0x190bc03 [2_0]:0x190bc03 -[0_0]:0x11bebee3 [1_0]:0x190bc03 [2_0]:0x190bc03 
07-25 21:40:08.826   723  5041 D NormalPipe: [frameToEnque] - sof(0)
07-25 21:40:08.826   723  5041 I MtkCam/P1NodeImp: [hardwareOps_start] [Cam::0] mpCamIO->start +++
07-25 21:40:08.826   723  5041 D NormalPipe: [start] E:
07-25 21:40:08.826   723  5041 D ifunc_cam_uni: [_enable] [0x0]:UNI link with CAM(0x0)
07-25 21:40:08.826   723  5041 D UniMgr  : [UniMgr_start] UniMgrImp::UniMgr_start + module:0xa,connect cam:0x0
07-25 21:40:08.826   723  5041 D camiopipe: [start] [0x0]::E, uni link with current cam
07-25 21:40:08.827   723  5041 D CmdQMgr : [CmdQMgr_start] [0x0]:CmdQMgrImp::CmdQMgr_start + module:0x0,cq:0x0
07-25 21:40:08.827   723  5041 D ifunc_cam: [_enable] [0x0]:uni is linked with cur module:0x0
07-25 21:40:08.827   723  5041 D ifunc_cam: [_enable] [0x0]:CAM_TOP_CTRL::sw pass1 done ctrl:0x6e00
07-25 21:40:08.827   723  5041 D cam_TS  : [TimeStamp_reset] [0x0]:SystemT reset
07-25 21:40:08.827   723  5041 D ifunc_cam: [_enable] [0x0]:LOCK WAKE LOCK
07-25 21:40:08.827   723  5041 D NormalPipe: [start] X:
07-25 21:40:08.827   723  5041 I MtkCam/P1NodeImp: [hardwareOps_start] [Cam::0] mpCamIO->start ---
07-25 21:40:08.827   723  5052 D NormalPipe: [ispEnqueThread] Got irqUserKey(5)
07-25 21:40:08.827   723  5041 I MtkCam/P1NodeImp: [hardwareOps_start] [Cam::0] mpConnectLMV->enableSensor +++
07-25 21:40:08.827   723  5053 D NormalPipe: [ispDequeThread] N:0_deq@SOF_0
07-25 21:40:08.827   723  5053 D SecMgr  : [SecMgr_GetSecurePortStatus] + (0x0x0)module:0x0 dma port:rrzo
07-25 21:40:08.827   723  5041 D MtkCam/SensorProvider: (5041)[SensorProvider] LMVHal_0 SensorProvider constructor
07-25 21:40:08.827   723  5053 D SecMgr  : [SecMgr_GetSecurePortStatus] (0x0)DMA port (0x1) is not supported
07-25 21:40:08.827   723  5041 D MtkCam/SensorProviderService: (5041)[enableSensor] enableSensor user=LMVHal_0 type=0 interval=20
07-25 21:40:08.827   723  5041 D LMVHal  : [EnableGyroSensor][Cam::0]Enable SensorProvider success
07-25 21:40:08.827   723  5041 I MtkCam/P1NodeImp: [hardwareOps_start] [Cam::0] mpConnectLMV->enableSensor ---
07-25 21:40:08.827   723  5041 I MtkCam/P1NodeImp: [hardwareOps_start] [Cam::0] End - Cam::0 Sensor(2016x1136)(7805582ns) Raw(1,0x3)-Proc(2016x1136)-Pure(2016x1136) Bin(2016x1136) SizeChangedAfterBin=0 TG(2:1) DTwin(1@1)=0 LSM(0) QLV(1) Ratio(25) SensorCfg(i:0 2016x1136 s:2 b:0 c:1, h:0 f:30 t:0 d:0) ConfigPort[4]:(0xf) InitParam[R:0 B:10 D:1 Nd:0 Ul:0 Pb:1 Rc:x3 Dt:0 Iq:1 F(DataPattern:x0 OffBin:x1 SensorNum:x1 Fus:0 RAW:x30)]AE(Ep:30003 Afe:9040 Ep_se:0 Afe_se:0 Ep_me:0 Afe_me:0 Ep_vse:0 Afe_vse:0)
07-25 21:40:08.827   723  5041 D MtkCam/P1NodeImp: [config] [Cam::0] API -
07-25 21:40:08.827   723  5041 D MtkCam/ppl_context: [launchOneNode]  76ms: P1Node
07-25 21:40:08.827   723  5040 D MtkCam/ppl_context: [configureNodes] - err:0
07-25 21:40:08.828   723  1126 I MtkCam/ppl_context: [waitUntilConfigDone] sendFrame: pipeline config done - err:0
07-25 21:40:08.828   723  1126 E camiopipe: [vendor/mediatek/proprietary/hardware/mtkcam/drv/src/isp/mt6768/imageio/pipe/CamIOPipe/CamIOPipe.cpp, sendCommand, line3805] ERROR: [0x0]:NOT support command! (sendCommand){#3805:vendor/mediatek/proprietary/hardware/mtkcam/drv/src/isp/mt6768/imageio/pipe/CamIOPipe/CamIOPipe.cpp}
07-25 21:40:08.828   723  1126 E camiopipe: [vendor/mediatek/proprietary/hardware/mtkcam/drv/src/isp/mt6768/imageio/pipe/CamIOPipe/CamIOPipe.cpp, sendCommand, line3812] ERROR: [0x0]:sendCommand(0x1500) error! (sendCommand){#3812:vendor/mediatek/proprietary/hardware/mtkcam/drv/src/isp/mt6768/imageio/pipe/CamIOPipe/CamIOPipe.cpp}
07-25 21:40:08.828   723  1126 E NormalPipe: [vendor/mediatek/proprietary/hardware/mtkcam/drv/src/isp/mt6768/iopipe/CamIO/NormalPipe.cpp, sendCommand, line3773] ERROR: error: sendCommand fail: (cmd,arg1,arg2,arg3)=(0x00001500,0x7C9833AF40,0x7C9833AF44,0xB400007ECE81C82C) (sendCommand){#3773:vendor/mediatek/proprietary/hardware/mtkcam/drv/src/isp/mt6768/iopipe/CamIO/NormalPipe.cpp}
07-25 21:40:08.828   723  1126 I MtkCam/P1NodeImp: [runQueue] [Cam::0 R1 S0 E1 D0 O0 #1] [P1::REQ][Num Q:2 M:0 F:0 R:0 @0][Type:1 Out:x85 Rec:x0 Raw:1 Cap:0 Exe:1 Flush:x0] [META ze:0 ci:3 rt:-1 tn:-1 qc:-1 fi:-1 fr:-1] [New-Request][0] [0] [IMGO:1 (-1,-1)] [Gp:255/0] IOmap-Img[1]=<0_I[0]{}_O[2]{0x100000003,0x100000004}>-Meta[1]=<0_I[2]{0x80000000,0x100000018}_O[2]{0x10000001b,0x100000024}> CfgStream-Img[OutIMG:0x100000001(0),OutRRZ:0x100000003(1),OutLCS:0x100000004(1)]-Meta[InAPP:0x80000000(1),InHAL:0x100000018(1),OutAPP:0x100000024(1),OutHAL:0x10000001b(1)]  | [Rev:0] depth(1) burst(1) Que[1]
07-25 21:40:08.828   723  1126 D Hal3Av3 : [parseMeta] MTK_CONTROL_AE_ANTIBANDING_MODE(0 -> 3)
07-25 21:40:08.828   723  1126 D Hal3Av3 : [parseMeta] Return to AP AE_REGIONS L(0) T(0) R(0) B(0) W(0)
07-25 21:40:08.828   723  1126 D Hal3Av3 : [parseMeta] MTK_CONTROL_AF_MODE(5 -> 3)
07-25 21:40:08.828   723  1126 D Hal3Av3 : [parseMeta] Return to AP AF_REGIONS L(0) T(0) R(0) B(0) W(0)
07-25 21:40:08.828   723  1126 D Hal3Av3 : [parseMeta] Return to AP AWB_REGIONS L(0) T(0) R(0) B(0) W(0)
07-25 21:40:08.828   723  1126 D Hal3Av3 : [parseMeta] MTK_CONTROL_CAPTURE_INTENT(1 -> 3)
07-25 21:40:08.828   723  1126 D Hal3Av3 : [parseMeta] MTK_LENS_FOCUS_DISTANCE(-1.000000 -> 0.000000)
07-25 21:40:08.828   723  1126 D Hal3Av3 : [parseMeta] MTK_SENSOR_EXPOSURE_TIME(0 -> 10000000)
07-25 21:40:08.828   723  1126 D Hal3Av3 : [parseMeta] MTK_SENSOR_FRAME_DURATION(0 -> 33333333)
07-25 21:40:08.828   723  1126 D Hal3Av3 : [parseMeta] MTK_SENSOR_SENSITIVITY(0 -> 100)
07-25 21:40:08.828   723  1126 D Hal3Av3 : [parseMeta] MTK_SENSOR_TEST_PATTERN_DATA(0, 0, 0, 0)
07-25 21:40:08.828   723  1126 D Hal3Av3 : [parseMeta] MTK_TONEMAP_MODE(1 -> 2)
07-25 21:40:08.828   723  1126 D Hal3Av3 : [parseMeta] eIspProfile 0 -> 1
07-25 21:40:08.829   723  1126 D ae_mgr  : [setAEMinMaxFrameRate] m_i4AEMinFps: 300 m_i4AEMaxFps:300
07-25 21:40:08.829   723  1126 D ae_mgr  : [searchPreviewIndexLimit] m_u4FinerEVIdxBase:1 m_u4Index/m_u4IndexF:113/113 ZSD delta Idx:0 NewBV:104 OldBV:104 AEScene:1 u4Cap2PreRatio:1024
07-25 21:40:08.829   723  1126 D ae_mgr  : [setAEMinMaxFrameRatePlineIdx:e] m_u4FinerEVIdxBase: 1 MinFps/MaxIdx/MinIdx/Idx/MaxIdxF/MinIdxF/IdxF/SearchIdx/Searchfps: 300/113/0/113/113/0/113/114/249 
07-25 21:40:08.829   723  1126 D ae_mgr  : [searchPreviewIndexLimit] Preview table index normal/finerEV:0~113/0~113 m_u4FinerEVIdxBase:1 m_u4Index/m_u4IndexF:113/113 Delta:0 itemp:146 
07-25 21:40:08.829   723  1126 D ae_mgr  : [Flicker] AEFlickerMode: 2 old:3 (0->60Hz;1->50Hz;2->Auto;3->Off)
07-25 21:40:08.829   723  1126 D ae_mgr  : [setAEFlickerModePlineIdx] Set Flicker value 2 
07-25 21:40:08.829   723  1126 D ae_mgr  : [setAETable()] i/ePreviewPLineTableID/TotalIdx:2/2/147
07-25 21:40:08.829   723  1126 D ae_mgr  : [setAETable()] i/eCapturePLineTableID/TotalIdx:2/2/147
07-25 21:40:08.829   723  1126 D ae_mgr  : [searchPreviewIndexLimit] m_u4FinerEVIdxBase:1 m_u4Index/m_u4IndexF:113/113 ZSD delta Idx:0 NewBV:104 OldBV:104 AEScene:1 u4Cap2PreRatio:1024
07-25 21:40:08.829   723  1126 D ae_mgr  : [setAEMinMaxFrameRatePlineIdx:e] m_u4FinerEVIdxBase: 1 MinFps/MaxIdx/MinIdx/Idx/MaxIdxF/MinIdxF/IdxF/SearchIdx/Searchfps: 300/113/0/113/113/0/113/114/249 
07-25 21:40:08.829   723  1126 D ae_mgr  : [searchPreviewIndexLimit] Preview table index normal/finerEV:0~113/0~113 m_u4FinerEVIdxBase:1 m_u4Index/m_u4IndexF:113/113 Delta:0 itemp:146 
07-25 21:40:08.829   723  1126 D ae_mgr  : [AeMgr::setZoomWinInfo] New WinX:0 2016 New WinY:0 1136 Old WinX:0 2000 Old WinY:0 1000
07-25 21:40:08.829   723  1126 D ae_mgr  : [updateISPNvramOBCTable()] m_i4SensorDev:1 i4OBCtableidx: 8->48 [0][1][2][3](offset/gain) = [7936/547][7936/547][7936/547][7936/547] 
07-25 21:40:08.829   723  1126 I FlashMgrM: [CAT][Event] FlashMode:2
07-25 21:40:08.829   723  1126 I FlashMgrM: setManualExposureTime(): manualExp(10000).
07-25 21:40:08.829   723  1126 I FlashMgrM: setManualSensitivity(): ISO(100)
07-25 21:40:08.829   723  1126 I FlashHal: setSubFlashCustomization(): enable(0).
07-25 21:40:08.829   723  1126 I FlashHal: setTorchLevel(): level(1).
07-25 21:40:08.829   723  1126 I StrobeDrvFlashlight: setDuty(): duty(6).
07-25 21:40:08.829   723  1126 I StrobeDrvFlashlight: setDuty(): duty(0).
07-25 21:40:08.829   723  1126 I FlickerHal: setFlickerMode(): mode change(0->3).
07-25 21:40:08.829   723  1126 D aaa_sensor_mgr: setFlickerFrameRateActive en=1
07-25 21:40:08.829   723  1126 D MtkCam/HalSensorList: [querySecureState] Secure State is 0
07-25 21:40:08.829   723  1126 I MtkCam/P1NodeImp: [setRequest] [Cam::0 R2 S2 E1 D0 O0 #0] [P1::SET][Num Q:2 M:2 F:0 R:0 @0][Type:1 Out:x85 Rec:x0 Raw:1 Cap:0 Exe:1 Flush:x0] Num[2] Ctrl[1]=[ 2 ]
07-25 21:40:08.829   723  1126 D MtkCam/ppl_context: [sendFrameToRootNodes] r0 frameNo:0 (X) -> 0x1 success; erase record
07-25 21:40:08.829   723  1126 D Cam3CPUCtrl: [createInstance] 
07-25 21:40:08.829   723  1126 D Cam3CPUCtrl: [Cam3CPUCtrlImp] 
07-25 21:40:08.829   723  1126 I mtkpower_client: perf_lock_acq, hdl:0, dur:0, num:4, tid:1126
07-25 21:40:08.830   723  1126 I mtkpower_client: ret_hdl:213
07-25 21:40:08.830   723  1126 D Cam3CPUCtrl: [setFpsGo] Set FPSGO celling to 1 steps, loading adj cnt to 5 steps
07-25 21:40:08.830   723  1126 D mtkcam-dev3: [0-session::processCaptureRequest] -> 1st request - OK
07-25 21:40:08.830   548   653 I libPowerHal: cmdSetting - unknown cmd:2040100, scmd:(null) ,param_1:5
07-25 21:40:08.830   548   653 I libPowerHal: [perfLockAcq] idx:5 hdl:213 hint:-1 pid:723 duration:0 lock_user:camerahalserver => ret_hdl:213
07-25 21:40:08.830   548   653 I libPowerHal: [PE] camerahalserver update cmd:2020000, param:1
07-25 21:40:08.832   723  5052 D NormalPipe: [enqueRequest] +N:0 CurSof:1 enqCnt:1 cqCnt(p/v):1/1 FrameStatus(2)
07-25 21:40:08.832   723  5028 D HwIRQ3A : [wait] VSIrq
07-25 21:40:08.832   723  5052 D NormalPipe: [enqueRequest] N:0 dma:x8 no request sof_idx:1, FrameStatus(2)
07-25 21:40:08.832   723  5052 D NormalPipe: [configEnquePath] N:0 configFrame event:0 multiSenNum:0 occupy:0 status:1(2) fsm:0 depth:0
07-25 21:40:08.832   723  5052 D NormalPipe: [enqueRequest] -
07-25 21:40:08.832   723  5052 D NormalPipe: [ispEnqueThread] WARNING: N:0: enqueRequest over vsync(1_0)
07-25 21:40:08.832   723  1126 D mtkcam-dev3-utils: [-BufferHandleCache::importBuffer] bufferId 2: 0xb400007e2e80ef90 199 - 1st imported
07-25 21:40:08.832   723  1126 D ULog    : R AppRequest:1 M[CameraDevice:187001] +  :mtkcam-dev3 #38205
07-25 21:40:08.833   723  1126 D mtkcam-dev3-utils: [0-AppRequestUtil::createOneRequest] requestNumber[1]:StreamBuffer:0xb400007dbe81ae30 streamId:0 bufferId:2 buffer:0xb400007e2e80ef90 status:OK acquireFenceOp.hdl:0x0 releaseFenceOp.hdl:0x0 acquireFenceOp.fd:-1 releaseFenceOp.fd:-1 appBufferHandleHolder:0xb400007d8e85d7a8 freeByOthers:0 / 
07-25 21:40:08.833   723  1126 D mtkcam-HDRPolicyHelper: [getSeamlessSmoothResult][Cam::0]frameType[3] requestAETargetMode=0 requestExpNum=0
07-25 21:40:08.834   723  1126 E camiopipe: [vendor/mediatek/proprietary/hardware/mtkcam/drv/src/isp/mt6768/imageio/pipe/CamIOPipe/CamIOPipe.cpp, sendCommand, line3805] ERROR: [0x0]:NOT support command! (sendCommand){#3805:vendor/mediatek/proprietary/hardware/mtkcam/drv/src/isp/mt6768/imageio/pipe/CamIOPipe/CamIOPipe.cpp}
07-25 21:40:08.834   723  1126 E camiopipe: [vendor/mediatek/proprietary/hardware/mtkcam/drv/src/isp/mt6768/imageio/pipe/CamIOPipe/CamIOPipe.cpp, sendCommand, line3812] ERROR: [0x0]:sendCommand(0x1500) error! (sendCommand){#3812:vendor/mediatek/proprietary/hardware/mtkcam/drv/src/isp/mt6768/imageio/pipe/CamIOPipe/CamIOPipe.cpp}
07-25 21:40:08.834   723  1126 E NormalPipe: [vendor/mediatek/proprietary/hardware/mtkcam/drv/src/isp/mt6768/iopipe/CamIO/NormalPipe.cpp, sendCommand, line3773] ERROR: error: sendCommand fail: (cmd,arg1,arg2,arg3)=(0x00001500,0x7C9833AF40,0x7C9833AF44,0xB400007ECE8158EC) (sendCommand){#3773:vendor/mediatek/proprietary/hardware/mtkcam/drv/src/isp/mt6768/iopipe/CamIO/NormalPipe.cpp}
07-25 21:40:08.834   723  1126 D Hal3Av3 : [parseMeta] Return to AP AE_REGIONS L(0) T(0) R(0) B(0) W(0)
07-25 21:40:08.834   723  1126 D Hal3Av3 : [parseMeta] Return to AP AF_REGIONS L(0) T(0) R(0) B(0) W(0)
07-25 21:40:08.834   723  1126 D Hal3Av3 : [parseMeta] Return to AP AWB_REGIONS L(0) T(0) R(0) B(0) W(0)
07-25 21:40:08.834   723  1126 D Hal3Av3 : [parseMeta] MTK_SENSOR_TEST_PATTERN_DATA(0, 0, 0, 0)
07-25 21:40:08.834   723  1126 I MtkCam/P1NodeImp: [runQueue] [Cam::0 R2 S2 E1 D0 O0 #1] [P1::REQ][Num Q:3 M:0 F:1 R:1 @0][Type:1 Out:x85 Rec:x0 Raw:1 Cap:0 Exe:1 Flush:x0] [META ze:0 ci:3 rt:-1 tn:-1 qc:-1 fi:-1 fr:-1] [New-Request][0] [0] [IMGO:1 (-1,-1)] [Gp:255/0] IOmap-Img[1]=<0_I[0]{}_O[2]{0x100000003,0x100000004}>-Meta[1]=<0_I[2]{0x80000000,0x100000018}_O[2]{0x10000001b,0x100000024}> CfgStream-Img[OutIMG:0x100000001(0),OutRRZ:0x100000003(1),OutLCS:0x100000004(1)]-Meta[InAPP:0x80000000(1),InHAL:0x100000018(1),OutAPP:0x100000024(1),OutHAL:0x10000001b(1)]  | [PreSet][Key:3] Num(0) Dummy(0) MetaCnt[APP:66,HAL:17] | [Rev:0] depth(1) burst(1) Que[1]
07-25 21:40:08.835   723  1126 D MtkCam/ppl_context: [sendFrameToRootNodes] r1 frameNo:1 (X) -> 0x1 success; erase record
07-25 21:40:08.837   723  1126 D mtkcam-dev3-utils: [-BufferHandleCache::importBuffer] bufferId 3: 0xb400007e2e83efd0 202 - 1st imported
07-25 21:40:08.837   723  1126 D ULog    : R AppRequest:2 M[CameraDevice:187001] +  :mtkcam-dev3 #38206
07-25 21:40:08.837   723  5080 D IspDrv_CAM: IspDrv_CAM[getDeviceInfo] [0x0][0_0]:_GET_TRANSFOR_CCU_REG Check pData 1 size:8
07-25 21:40:08.837   723  5080 D cam_TS  : [TimeStamp_mapping] [0x0]:m_CCU_reg_value_HIGH=510363 , m_CCU_reg_value_LOW=947
07-25 21:40:08.837   723  5080 D IspDrv_CAM: IspDrv_CAM[getDeviceInfo] [0x0][0_0]:_GET_START_TIME Check pData size:8
07-25 21:40:08.837   723  5080 D cam_TS  : [TimeStamp_calibration] [0x0]:SystemT k:947_510369
07-25 21:40:08.837   723  1126 D mtkcam-dev3-utils: [0-AppRequestUtil::createOneRequest] requestNumber[2]:StreamBuffer:0xb400007dbe81ae30 streamId:0 bufferId:3 buffer:0xb400007e2e83efd0 status:OK acquireFenceOp.hdl:0x0 releaseFenceOp.hdl:0x0 acquireFenceOp.fd:-1 releaseFenceOp.fd:-1 appBufferHandleHolder:0xb400007d8e83c4a8 freeByOthers:0 / 
07-25 21:40:08.837   723  5080 D af_mgr_v3: #(    2,    0) cmd-setAFMode Dev(1):ctl_afmode(3)
07-25 21:40:08.837   723  5080 D af_mgr_v3: #(    2,    0) cmd-setAFMode Dev(1):lib_afmode 0->3
07-25 21:40:08.837   723  5080 D af_mgr_v3: #(    2,    0) UpdateState Dev(1) EVENT_CMD_CHANGE_MODE
07-25 21:40:08.837   723  5080 D af_mgr_v3: [UpdateStateContinuousMode] LaunchCamTrigger, LockAlgo for waiting (AEStable or PDValid) + FDinfo
07-25 21:40:08.837   723  5080 D af_mgr_v3: #(    2,    0) LockAlgo Dev(1): Lock(1), Pause(0)
07-25 21:40:08.837   723  5080 D af_mgr_v3: LockAlgo
07-25 21:40:08.837   723  5080 D af_mgr_v3: #(    2,    0) UpdateState  Dev(1) : 0->6
07-25 21:40:08.837   723  5080 D af_mgr_v3: cmd-getAFState Dev 1 : 0->6
07-25 21:40:08.838   723  1126 D mtkcam-HDRPolicyHelper: [getSeamlessSmoothResult][Cam::0]frameType[3] requestAETargetMode=0 requestExpNum=0
07-25 21:40:08.838   723  5080 D AfAlgoC : [HB] DafIO in: mode 0(in:0), (PD,LD,SD) cus(1,0,0) input(0,0,0) Que -1
07-25 21:40:08.838   723  5080 E AfAlgo  : Err:  6195: [AdpComp]Adaptive input error!! 
07-25 21:40:08.838   723  5080 E AfAlgo  : Err:  6279: [AdpComp]Adaptive input error
07-25 21:40:08.838   723  5080 E AfAlgoC : Err:  7168: isSceneChange PD Idx Error -1 reset to zero
07-25 21:40:08.838   723  5080 D af_mgr_v3: #(    2,    1) MoveLensTo Dev(1) DAC(0)
07-25 21:40:08.838   723  5080 D TaskAFNormal: [run] Cam 1 : Req(#2)/Stt(#1)/i4Opt(0)/FlashOnOff(0)
07-25 21:40:08.838   723  5080 D TaskAFNormal: [updateStatus] status(0->1)
07-25 21:40:08.838   723  1126 D MtkCam/ppl_context: [sendFrameToRootNodes] r2 frameNo:2 (X) -> 0x1 BUSY
07-25 21:40:08.840   723  5053 D SecMgr  : [SecMgr_GetSecurePortStatus] + (0x0x0)module:0x0 dma port:rrzo
07-25 21:40:08.840   723  5053 D SecMgr  : [SecMgr_GetSecurePortStatus] (0x0)DMA port (0x1) is not supported
07-25 21:40:08.840   723  5053 D ifunc_cam_buf: [waitBufReady] [0x0]:, [0x8d00000] waitbufready pass
07-25 21:40:08.840   723  5053 D ifunc_cam_buf: [dequeueHwBuf] [0x0]:BUF_CTRL_RRZO:(0xd_0x0),PA(0x8D00000_0xBC00800),FH_VA(0x7F775C3800),size(0x8ca00),cur sof(0),
07-25 21:40:08.840   723  5053 D SecMgr  : [SecMgr_GetSecurePortStatus] + (0x0x0)module:0x0 dma port:imgo
07-25 21:40:08.840   723  5053 D SecMgr  : [SecMgr_GetSecurePortStatus] (0x0)DMA port (0x0) is not supported
07-25 21:40:08.840   723  5053 D SecMgr  : [SecMgr_GetSecurePortStatus] + (0x0x0)module:0x0 dma port:
07-25 21:40:08.840   723  5053 D SecMgr  : [SecMgr_GetSecurePortStatus] + (0x0x0)module:0x0 dma port:lcso
07-25 21:40:08.840   723  5044 D NormalPipe: [deque] MyDeq:0: dma:0x6 pa(0x4F009E0) io(0_0_1_0_0_0_2016_1_2016_1) mag(0x1)|dma:0x8 pa(0x8D00000) io(0_0_2016_160_0_0_1920_160_1920_160) mag(0x1)|dma:0xb pa(0xBD48000) io(0_0_0_0_0_0_0_0_0_0) mag(0x1)|dma:0xf pa(0x9000100) io(0_0_0_0_0_0_0_0_0_0) mag(0x1)|
07-25 21:40:08.840   723  5044 I MtkCam/P1NodeImp: [onReturnFrame] [Cam::0] need flush act [Num Q:1 M:1 F:-1 R:-1 @0][Type:2 Out:x8A Rec:x0 Raw:1 Cap:0 Exe:3 Flush:x10]
07-25 21:40:08.840   723  5044 I MtkCam/P1NodeImp: [releaseAction] [Cam::0 R2 S2 E1 D1 O1 #1] [P1::DEQ][Num Q:1 M:1 F:-1 R:-1 @0][Type:2 Out:x8A Rec:x0 Raw:1 Cap:0 Exe:3 Flush:x0] job(0/1) IMG(pure) RRZ0(0-0-2016x160)(0-0-1920x160)(1920x160) T-ns(EXP: 0)(Src:0)(SOF: m_947510369000 b_947510363000)(SS: 947510369000) ExpExtend(0, 0) [MetaCnt] In(-1,-1) Out(-1,-1) Aaa(-1,-1) Aaa-Isp(-1,-1) [InternalReturn]
07-25 21:40:08.841   723  5079 I FlickerHal: update(): skip, not enough frame(1).
07-25 21:40:08.865   723  5052 D NormalPipe: [enqueRequest] +N:0 CurSof:2 enqCnt:1 cqCnt(p/v):1/1 FrameStatus(1)
07-25 21:40:08.865   723  5028 D HwIRQ3A : [wait] VSIrq
07-25 21:40:08.865   723  5052 D NormalPipe: [enqueRequest] N:0 dma:x8 no request sof_idx:2, FrameStatus(1)
07-25 21:40:08.865   723  5052 D NormalPipe: [configEnquePath] N:0 configFrame event:0 multiSenNum:0 occupy:0 status:1(2) fsm:0 depth:0
07-25 21:40:08.865   723  5052 D NormalPipe: [enqueRequest] -
07-25 21:40:08.865   723  5052 D NormalPipe: [ispEnqueThread] WARNING: N:0: enqueRequest over vsync(2_0)
07-25 21:40:08.865   723  5028 D aao_buf_mgr: [updateInfo] mMagicNumber(1), i4SubsampleCount(1)
07-25 21:40:08.865   723  5028 E aao_buf_mgr: [updateInfo]  pAEResult is NULL 
07-25 21:40:08.865   723  5028 E aao_buf_mgr:  (updateInfo){#613:vendor/mediatek/proprietary/hardware/mtkcam/aaa/source/isp_40/buf_mgr/AAOBufMgr.cpp}
07-25 21:40:08.865   723  5028 E aao_buf_mgr: [updateInfo] Failed to get FLASHResult for MagicNum(1)
07-25 21:40:08.865   723  5028 E aao_buf_mgr:  (updateInfo){#621:vendor/mediatek/proprietary/hardware/mtkcam/aaa/source/isp_40/buf_mgr/AAOBufMgr.cpp}
07-25 21:40:08.865   723  5028 W ResultPool: [getAllResult]- Index is illegal value(-1)
07-25 21:40:08.866   723  5028 D AeFlowDefault: [monitorAndReschedule:Perframe AE] Calc:1 Apply:1 Magic:1 AEMonitorStable:0 VdCnt:3 u4CwvYcur:0 u4CwvYpre:0 
07-25 21:40:08.866   723  5028 D ae_mgr  : [doPvAE()] AE config change (Skip AeAlgo once)
07-25 21:40:08.866   723  5028 D awb_mgr : [setIspAwbInfo()] m_eSensorDev: 1, awb_gain: 992/512/806, PreGain1: 512/512/512, RPG: 992/512/806, PGN: 992/512/806, bAWBLock: 0 (m_bAWBLock:0, m_u4AWBMode:1)
07-25 21:40:08.866   723  5028 D awb_state: [InactiveAuto::sendIntent]<eIntent_AWBScanFinished>
07-25 21:40:08.866   723  5028 D awb_state: [IAwbState::transitState] InactiveAuto --> Converged
07-25 21:40:08.866   723  5028 D Task3APv: [run] getSensorParams: m_u4PreRealISO(0), u4RealISO(750), m_preAwbGain(0, 0, 0), rAwbInfo.gain(992, 512, 806)
07-25 21:40:08.866   723  5028 D isp_tuning_custom: [evaluate_Shading_Ratio] sensorid(1379), preSensorId(1379), eSensorMode(2), preSensorMode(2), isSensorOrModeSwitch(0), isInit(0)
07-25 21:40:08.866   723  5028 D isp_tuning_custom: [iso_smooth][ISO smooth enabled][ISO idx(3307)]avgISO = 750.
07-25 21:40:08.866   723  5028 D isp_tuning_custom: [RA_smooth][RA smooth][frm idx(3307)] rto for iso(21), prev_rto(21),RA_incremental_step(2), smoothed ratio(21)
07-25 21:40:08.866   723  5028 D paramctrl_per_frame: put ratio with m_eSensorDev(1), i4Rto(21)
07-25 21:40:08.866   723  5028 D paramctrl_per_frame: [updateLscInfo] (flash, iso, rto)=(0, 750, 21), auto(1), lock(0,0,0), dyn(1), op(0), PreCapFlashIsLockRto(0), fgForceUnlock(0)
07-25 21:40:08.866   723  5028 D tsf_dft : [tsfBatch +] Sensor(1), #(1), ratio(21)
07-25 21:40:08.867   723  5028 D AppTsf  : [TsfReset] TsfReset; ShadingVersion: 2021.0805.1657 sync codebase and add error handling
07-25 21:40:08.868   723  5028 D tsf_dft : [tsfBatch -] Sensor(1), #(1)
07-25 21:40:08.868   723  5028 D MtkCam/BaseHeap: [IonHeap::helpFlushCacheIon] ctrl(0), num[0]: mID(0x2a),size(24576),VA(0x7f776b1000),PA(0x5600000)
07-25 21:40:08.868   723  5028 D Task3APv: [run] Cam 1 : Req(#2)/Stt(#1)/i4Opt(0)/FlashOnOff(0) Lv(8)/ISO(750)/RGB(992,512,806) AFisLockAE(0) isLVChangeTooMuch(0) m_i4FrameCount(0) m_i4TsfFrameCount(1)
07-25 21:40:08.868   723  5028 D Task3APv: [updateStatus] status(0->1)
07-25 21:40:08.868   723  5028 W TuningMgr: TuningMgr[updateEngine] WARNING: [temp log] AF enable(1_0x100e02e0_0x808001e8)
07-25 21:40:08.869   723  5028 D TuningMgr: TuningMgr[enqueBuffer] magicNum(0x2)
07-25 21:40:08.869   723  5034 D ResultPool: [convertToMetadata] Req(#2) AeState(4->1) AwbState(2->2) FlashState(0->0) ExpTime(30003000->30003000) FrmDuration(33350000->33350000) ISO(750->750) CapIntent(3->3) AePrecapTrig(0->0) (fFNum, fFocusLength)(2.80000, 2.85000) AWBMode(1->1) CCMMode(1->1)
07-25 21:40:08.870   723  5028 I MtkCam/P1NodeImp: [setupAction] [Cam::0 R2 S2 E2 D1 O1 #1] [P1::ENQ][Num Q:2 M:2 F:0 R:0 @2][Type:1 Out:x85 Rec:x0 Raw:1 Cap:0 Exe:1 Flush:x0] [Exp:30003000ns] [MetaCtrl][SCALER_CROP(1) (0,0_2016x1512) ][SENSOR_CROP(0)][RESIZER_SET(0)]
07-25 21:40:08.870   723  5028 D NormalPipe: [acceptEnqRequest] MyEnq:0: dma:0x8 pa(0x5900000)io(0_0_2016_1136_1920_1088) mag(0x2)|dma:0x6 pa(0x4F009E0)io(0_0_2016_1_2016_1) mag(0x2)|dma:0xf pa(0x9000200)io(0_0_256_1_256_1) mag(0x2)|dma:0xb pa(0xD800000)io(0_0_384_384_384_384) mag(0x2)|
07-25 21:40:08.870   723  5080 D AfAlgoC : [HB] DafIO in: mode 0(in:0), (PD,LD,SD) cus(1,0,0) input(0,0,0) Que -1
07-25 21:40:08.870   723  5080 E AfAlgo  : Err:  6195: [AdpComp]Adaptive input error!! 
07-25 21:40:08.870   723  5080 E AfAlgo  : Err:  6279: [AdpComp]Adaptive input error
07-25 21:40:08.870   723  5080 D TaskAFNormal: [run] Cam 1 : Req(#2)/Stt(#1)/i4Opt(0)/FlashOnOff(0)
07-25 21:40:08.872   723  1126 D MtkCam/ppl_context: [sendFrameToRootNodes] r2 frameNo:2 (X) -> 0x1 BUSY
07-25 21:40:08.873   723  5079 I FlickerHal: update(): skip, not enough frame(2).
07-25 21:40:08.897   723  5028 D HwIRQ3A : [wait] VSIrq
07-25 21:40:08.897   723  5052 D NormalPipe: [enqueRequest] +N:0 CurSof:3 enqCnt:1 cqCnt(p/v):1/1 FrameStatus(1)
07-25 21:40:08.897   723  5028 D Hal3AFlowCtrl_thread: [onThreadLoop] First command from P1
07-25 21:40:08.897   723  5052 D NormalPipe: [configEnquePath] N:0 configFrame event:1 multiSenNum:2 occupy:0 status:1(2) fsm:0 depth:0
07-25 21:40:08.898   723  5052 D NormalPipe: [dmaCfg] N:0 dma:x8 cmd:0x101a, crop:(0,0,2016,1136), outsize:(1920,1088)
07-25 21:40:08.898   723  5028 I MtkCam/P1NodeImp: [setRequest] [Cam::0 R3 S3 E2 D1 O1 #0] [P1::SET][Num Q:3 M:3 F:1 R:1 @0][Type:1 Out:x85 Rec:x0 Raw:1 Cap:0 Exe:1 Flush:x0] Num[3] Ctrl[1]=[ 3 ]
07-25 21:40:08.898   723  5028 D aao_buf_mgr: [updateInfo] mMagicNumber(1), i4SubsampleCount(1)
07-25 21:40:08.898   723  5052 D NormalPipe: [dmaCfg] N:0 dma:x6 cmd:0x101c, crop:(0,0,2016,1), outsize:(2016,1)
07-25 21:40:08.898   723  5028 E aao_buf_mgr: [updateInfo]  pAEResult is NULL 
07-25 21:40:08.898   723  5028 E aao_buf_mgr:  (updateInfo){#613:vendor/mediatek/proprietary/hardware/mtkcam/aaa/source/isp_40/buf_mgr/AAOBufMgr.cpp}
07-25 21:40:08.898   723  1126 E camiopipe: [vendor/mediatek/proprietary/hardware/mtkcam/drv/src/isp/mt6768/imageio/pipe/CamIOPipe/CamIOPipe.cpp, sendCommand, line3805] ERROR: [0x0]:NOT support command! (sendCommand){#3805:vendor/mediatek/proprietary/hardware/mtkcam/drv/src/isp/mt6768/imageio/pipe/CamIOPipe/CamIOPipe.cpp}
07-25 21:40:08.898   723  5028 E aao_buf_mgr: [updateInfo] Failed to get FLASHResult for MagicNum(1)
07-25 21:40:08.898   723  5028 E aao_buf_mgr:  (updateInfo){#621:vendor/mediatek/proprietary/hardware/mtkcam/aaa/source/isp_40/buf_mgr/AAOBufMgr.cpp}
07-25 21:40:08.898   723  1126 E camiopipe: [vendor/mediatek/proprietary/hardware/mtkcam/drv/src/isp/mt6768/imageio/pipe/CamIOPipe/CamIOPipe.cpp, sendCommand, line3812] ERROR: [0x0]:sendCommand(0x1500) error! (sendCommand){#3812:vendor/mediatek/proprietary/hardware/mtkcam/drv/src/isp/mt6768/imageio/pipe/CamIOPipe/CamIOPipe.cpp}
07-25 21:40:08.898   723  1126 E NormalPipe: [vendor/mediatek/proprietary/hardware/mtkcam/drv/src/isp/mt6768/iopipe/CamIO/NormalPipe.cpp, sendCommand, line3773] ERROR: error: sendCommand fail: (cmd,arg1,arg2,arg3)=(0x00001500,0x7C9833AF40,0x7C9833AF44,0xB400007ECE813D1C) (sendCommand){#3773:vendor/mediatek/proprietary/hardware/mtkcam/drv/src/isp/mt6768/iopipe/CamIO/NormalPipe.cpp}
07-25 21:40:08.898   723  5028 W ResultPool: [getAllResult]- Index is illegal value(-1)
07-25 21:40:08.898   723  1126 D Hal3Av3 : [parseMeta] Return to AP AE_REGIONS L(0) T(0) R(0) B(0) W(0)
07-25 21:40:08.898   723  1126 D Hal3Av3 : [parseMeta] Return to AP AF_REGIONS L(0) T(0) R(0) B(0) W(0)
07-25 21:40:08.898   723  1126 D Hal3Av3 : [parseMeta] Return to AP AWB_REGIONS L(0) T(0) R(0) B(0) W(0)
07-25 21:40:08.898   723  1126 D Hal3Av3 : [parseMeta] MTK_SENSOR_TEST_PATTERN_DATA(0, 0, 0, 0)
07-25 21:40:08.898   723  1126 I MtkCam/P1NodeImp: [runQueue] [Cam::0 R3 S3 E2 D1 O1 #1] [P1::REQ][Num Q:4 M:0 F:2 R:2 @0][Type:1 Out:x85 Rec:x0 Raw:1 Cap:0 Exe:1 Flush:x0] [META ze:0 ci:3 rt:-1 tn:-1 qc:-1 fi:-1 fr:-1] [New-Request][0] [0] [IMGO:1 (-1,-1)] [Gp:255/0] IOmap-Img[1]=<0_I[0]{}_O[2]{0x100000003,0x100000004}>-Meta[1]=<0_I[2]{0x80000000,0x100000018}_O[2]{0x10000001b,0x100000024}> CfgStream-Img[OutIMG:0x100000001(0),OutRRZ:0x100000003(1),OutLCS:0x100000004(1)]-Meta[InAPP:0x80000000(1),InHAL:0x100000018(1),OutAPP:0x100000024(1),OutHAL:0x10000001b(1)]  | [PreSet][Key:4] Num(0) Dummy(0) MetaCnt[APP:66,HAL:17] | [Rev:0] depth(1) burst(1) Que[1]
07-25 21:40:08.898   723  1126 D MtkCam/ppl_context: [sendFrameToRootNodes] r2 frameNo:2 (X) -> 0x1 success; erase record
07-25 21:40:08.898   723  5052 D ifunc_cam_tuning: [update] [0x0]:CAM_TUNING_CTRL - EN:0x100e02e0 DMA:0x808001e8
07-25 21:40:08.898   723  5052 D LMVDrv  : [GetLMVStatusAndUpdate]Suspicous clear, driver may drop frame and now in new pipeline: magicNum(2)=bypass(0)
07-25 21:40:08.898   723  5052 W LMVDrv  : [GetLMVStatusAndUpdate]Cannot find magicNum(0) in queue(0)
07-25 21:40:08.898   723  5052 D LMVTuning: [p1TuningNotify][Cam::0](1)first:new(1920,1088),old(1920,160)
07-25 21:40:08.898   723  5052 D LMVTuning: [p1TuningNotify][Cam::0]M(0)enLMV(1):TG(2016,1136),RRZ In(2016,1136),RRZ crop x/y(0,0),RRZ crop w/h(2016,1136),RMX(1920,1088),HBIN(1920,1088),pixelMode(0),YUV(0)
07-25 21:40:08.898   723  5052 D LMVTuning: [p1TuningNotify][Cam::0]org(w,h)=(1920,1088),(DivH,DivV)=(2,2),(winH,winV)=(4,8),MaxGmv(0)
07-25 21:40:08.898   723  5028 D AeFlowDefault: [monitorAndReschedule:Perframe AE] Calc:1 Apply:1 Magic:1 AEMonitorStable:0 VdCnt:3 u4CwvYcur:0 u4CwvYpre:0 
07-25 21:40:08.899   723  5052 D camiopipe: [sendCommand] [0x0]:[0]P1_UPDATE_CHECK CTL_EN(0x11bebee3) +[0_0]:0x11bebee3 [1_0]:0x190bc03 [2_0]:0x190bc03 -[0_0]:0x11bebee3 [1_0]:0x11bebee3 [2_0]:0x190bc03 
07-25 21:40:08.899   723  5052 D NormalPipe: [frameToEnque] - sof(3)
07-25 21:40:08.899   723  5052 D NormalPipe: [enqueRequest] -
07-25 21:40:08.899   723  5053 D NormalPipe: [ispDequeThread] N:0_deq@SOF_3
07-25 21:40:08.899   723  5053 D SecMgr  : [SecMgr_GetSecurePortStatus] + (0x0x0)module:0x0 dma port:rrzo
07-25 21:40:08.899   723  5053 D SecMgr  : [SecMgr_GetSecurePortStatus] (0x0)DMA port (0x1) is not supported
07-25 21:40:08.899   723  5028 D ae_mgr  : [updateAEInfo2ISP] State:0 VDNum:0 Shutter:30003 Gain:9040 1024 750 Flare offset:0 512 FrameDuration:33350000 DisableOBC:0 ExpRatio:100 eAEMode:1 eAEstate:2 CurrentidxF:113
07-25 21:40:08.899   723  5081 D aaa_sensor_mgr: [setPreviewMaxFrameRate] frameRate = 300 
07-25 21:40:08.899   723  5081 D MtkCam/HalSensorList: [querySecureState] Secure State is 0
07-25 21:40:08.900   723  5028 D awb_mgr : [setIspAwbInfo()] m_eSensorDev: 1, awb_gain: 988/512/824, PreGain1: 512/512/512, RPG: 988/512/824, PGN: 988/512/824, bAWBLock: 0 (m_bAWBLock:0, m_u4AWBMode:1)
07-25 21:40:08.900   723  5028 D Task3APv: [run] getSensorParams: m_u4PreRealISO(750), u4RealISO(750), m_preAwbGain(992, 512, 806), rAwbInfo.gain(988, 512, 824)
07-25 21:40:08.900   723  5028 D isp_tuning_custom: [evaluate_Shading_Ratio] sensorid(1379), preSensorId(1379), eSensorMode(2), preSensorMode(2), isSensorOrModeSwitch(0), isInit(0)
07-25 21:40:08.900   723  5028 D isp_tuning_custom: [iso_smooth][ISO smooth enabled][ISO idx(3308)]avgISO = 750.
07-25 21:40:08.900   723  5028 D isp_tuning_custom: [RA_smooth][RA smooth][frm idx(3308)] rto for iso(21), prev_rto(21),RA_incremental_step(2), smoothed ratio(21)
07-25 21:40:08.900   723  5081 D MtkCam/HalSensorList: [querySecureState] Secure State is 0
07-25 21:40:08.900   723  5028 D paramctrl_per_frame: put ratio with m_eSensorDev(1), i4Rto(21)
07-25 21:40:08.900   723  5028 D paramctrl_per_frame: [updateLscInfo] (flash, iso, rto)=(0, 750, 21), auto(1), lock(0,0,0), dyn(1), op(0), PreCapFlashIsLockRto(0), fgForceUnlock(0)
07-25 21:40:08.900   723  5028 D Task3APv: [run] Cam 1 : Req(#3)/Stt(#1)/i4Opt(0)/FlashOnOff(0) Lv(8)/ISO(750)/RGB(988,512,824) AFisLockAE(0) isLVChangeTooMuch(0) m_i4FrameCount(1) m_i4TsfFrameCount(2)
07-25 21:40:08.900   723  5028 W TuningMgr: TuningMgr[updateEngine] WARNING: [temp log] AF enable(1_0x100e02e0_0x808001e8)
07-25 21:40:08.900   723  5028 D TuningMgr: TuningMgr[enqueBuffer] magicNum(0x3)
07-25 21:40:08.900   723  5034 D ResultPool: [convertToMetadata] Req(#3) AeState(1->4) AwbState(2->2) FlashState(0->0) ExpTime(30003000->30003000) FrmDuration(33350000->33350000) ISO(750->750) CapIntent(3->3) AePrecapTrig(0->0) (fFNum, fFocusLength)(2.80000, 2.85000) AWBMode(1->1) CCMMode(1->1)
07-25 21:40:08.901   723  1126 D mtkcam-dev3-utils: [-BufferHandleCache::importBuffer] bufferId 4: 0xb400007e2e823dd0 205 - 1st imported
07-25 21:40:08.901   723  5081 D MtkCam/HalSensorList: [querySecureState] Secure State is 0
07-25 21:40:08.901   723  1126 D ULog    : R AppRequest:3 M[CameraDevice:187001] +  :mtkcam-dev3 #38207
07-25 21:40:08.901   723  5028 I MtkCam/P1NodeImp: [setupAction] [Cam::0 R3 S3 E3 D1 O1 #1] [P1::ENQ][Num Q:3 M:3 F:1 R:1 @3][Type:1 Out:x85 Rec:x0 Raw:1 Cap:0 Exe:1 Flush:x0] [Exp:30003000ns] [MetaCtrl][SCALER_CROP(1) (0,0_2016x1512) ][SENSOR_CROP(0)][RESIZER_SET(0)]
07-25 21:40:08.901   723  1126 D mtkcam-dev3-utils: [0-AppRequestUtil::createOneRequest] requestNumber[3]:StreamBuffer:0xb400007dbe819070 streamId:0 bufferId:4 buffer:0xb400007e2e823dd0 status:OK acquireFenceOp.hdl:0x0 releaseFenceOp.hdl:0x0 acquireFenceOp.fd:-1 releaseFenceOp.fd:-1 appBufferHandleHolder:0xb400007d8e852a28 freeByOthers:0 / 
07-25 21:40:08.901  2345  2453 D C2OMXNode: dhy...mOsdPos:,,mOsdText:
07-25 21:40:08.901   723  5028 D NormalPipe: [acceptEnqRequest] MyEnq:0: dma:0x8 pa(0x6100000)io(0_0_2016_1136_1920_1088) mag(0x3)|dma:0x6 pa(0x4F00000)io(0_0_2016_1_2016_1) mag(0x3)|dma:0xf pa(0x9000300)io(0_0_256_1_256_1) mag(0x3)|dma:0xb pa(0xD900000)io(0_0_384_384_384_384) mag(0x3)|
07-25 21:40:08.902   723  1126 D mtkcam-HDRPolicyHelper: [getSeamlessSmoothResult][Cam::0]frameType[3] requestAETargetMode=0 requestExpNum=0
07-25 21:40:08.903   723  1126 D MtkCam/ppl_context: [sendFrameToRootNodes] r3 frameNo:3 (X) -> 0x1 BUSY
07-25 21:40:08.903   723  5080 D af_mgr_v3: #(    3,    1) UpdateStateContinuousMode Dev(1) LaunchCamTrigger EVENT_AE_IS_STABLE(3) - BUT NOT TRIGGER YET
07-25 21:40:08.903   723  5080 D AfAlgoC : [HB] DafIO in: mode 0(in:0), (PD,LD,SD) cus(1,0,0) input(0,0,0) Que -1
07-25 21:40:08.903   723  5080 E AfAlgo  : Err:  6195: [AdpComp]Adaptive input error!! 
07-25 21:40:08.903   723  5080 E AfAlgo  : Err:  6279: [AdpComp]Adaptive input error
07-25 21:40:08.903   723  5080 D TaskAFNormal: [run] Cam 1 : Req(#3)/Stt(#1)/i4Opt(0)/FlashOnOff(0)
07-25 21:40:08.930   723  5028 D HwIRQ3A : [wait] VSIrq
07-25 21:40:08.930   723  5052 D NormalPipe: [enqueRequest] +N:0 CurSof:4 enqCnt:2 cqCnt(p/v):2/2 FrameStatus(2)
07-25 21:40:08.930   723  5052 D NormalPipe: [configEnquePath] N:0 configFrame event:1 multiSenNum:2 occupy:0 status:1(2) fsm:0 depth:0
07-25 21:40:08.930   723  5052 D NormalPipe: [dmaCfg] N:0 dma:x8 cmd:0x101a, crop:(0,0,2016,1136), outsize:(1920,1088)
07-25 21:40:08.930   723  5028 I MtkCam/P1NodeImp: [setRequest] [Cam::0 R4 S4 E3 D1 O1 #0] [P1::SET][Num Q:4 M:4 F:2 R:2 @0][Type:1 Out:x85 Rec:x0 Raw:1 Cap:0 Exe:1 Flush:x0] Num[4] Ctrl[1]=[ 4 ]
07-25 21:40:08.930   723  5052 D NormalPipe: [dmaCfg] N:0 dma:x6 cmd:0x101c, crop:(0,0,2016,1), outsize:(2016,1)
07-25 21:40:08.930   723  5028 D aao_buf_mgr: [updateInfo] mMagicNumber(1), i4SubsampleCount(1)
07-25 21:40:08.930   723  5028 E aao_buf_mgr: [updateInfo]  pAEResult is NULL 
07-25 21:40:08.930   723  5028 E aao_buf_mgr:  (updateInfo){#613:vendor/mediatek/proprietary/hardware/mtkcam/aaa/source/isp_40/buf_mgr/AAOBufMgr.cpp}
07-25 21:40:08.930   723  5028 E aao_buf_mgr: [updateInfo] Failed to get FLASHResult for MagicNum(1)
07-25 21:40:08.930   723  5028 E aao_buf_mgr:  (updateInfo){#621:vendor/mediatek/proprietary/hardware/mtkcam/aaa/source/isp_40/buf_mgr/AAOBufMgr.cpp}
07-25 21:40:08.930   723  1126 E camiopipe: [vendor/mediatek/proprietary/hardware/mtkcam/drv/src/isp/mt6768/imageio/pipe/CamIOPipe/CamIOPipe.cpp, sendCommand, line3805] ERROR: [0x0]:NOT support command! (sendCommand){#3805:vendor/mediatek/proprietary/hardware/mtkcam/drv/src/isp/mt6768/imageio/pipe/CamIOPipe/CamIOPipe.cpp}
07-25 21:40:08.930   723  1126 E camiopipe: [vendor/mediatek/proprietary/hardware/mtkcam/drv/src/isp/mt6768/imageio/pipe/CamIOPipe/CamIOPipe.cpp, sendCommand, line3812] ERROR: [0x0]:sendCommand(0x1500) error! (sendCommand){#3812:vendor/mediatek/proprietary/hardware/mtkcam/drv/src/isp/mt6768/imageio/pipe/CamIOPipe/CamIOPipe.cpp}
07-25 21:40:08.931   723  1126 E NormalPipe: [vendor/mediatek/proprietary/hardware/mtkcam/drv/src/isp/mt6768/iopipe/CamIO/NormalPipe.cpp, sendCommand, line3773] ERROR: error: sendCommand fail: (cmd,arg1,arg2,arg3)=(0x00001500,0x7C9833AF40,0x7C9833AF44,0xB400007ECE82A6AC) (sendCommand){#3773:vendor/mediatek/proprietary/hardware/mtkcam/drv/src/isp/mt6768/iopipe/CamIO/NormalPipe.cpp}
07-25 21:40:08.931   723  5028 W ResultPool: [getAllResult]- Index is illegal value(-1)
07-25 21:40:08.931   723  5052 D ifunc_cam_tuning: [update] [0x0]:CAM_TUNING_CTRL - EN:0x100e02e0 DMA:0x808001e8
07-25 21:40:08.931   723  1126 D Hal3Av3 : [parseMeta] Return to AP AE_REGIONS L(0) T(0) R(0) B(0) W(0)
07-25 21:40:08.931   723  5052 D LMVDrv  : [GetLMVStatusAndUpdate]Suspicous clear, driver may drop frame and now in new pipeline: magicNum(3)=bypass(0)
07-25 21:40:08.931   723  5052 W LMVDrv  : [GetLMVStatusAndUpdate]Cannot find magicNum(0) in queue(0)
07-25 21:40:08.931   723  1126 D Hal3Av3 : [parseMeta] Return to AP AF_REGIONS L(0) T(0) R(0) B(0) W(0)
07-25 21:40:08.931   723  1126 D Hal3Av3 : [parseMeta] Return to AP AWB_REGIONS L(0) T(0) R(0) B(0) W(0)
07-25 21:40:08.931   723  1126 D Hal3Av3 : [parseMeta] MTK_SENSOR_TEST_PATTERN_DATA(0, 0, 0, 0)
07-25 21:40:08.931   723  5052 D camiopipe: [sendCommand] [0x0]:[1]P1_UPDATE_CHECK CTL_EN(0x11bebee3) +[0_0]:0x11bebee3 [1_0]:0x11bebee3 [2_0]:0x190bc03 -[0_0]:0x11bebee3 [1_0]:0x11bebee3 [2_0]:0x11bebee3 
07-25 21:40:08.931   723  1126 I MtkCam/P1NodeImp: [runQueue] [Cam::0 R4 S4 E3 D1 O1 #1] [P1::REQ][Num Q:5 M:0 F:3 R:3 @0][Type:1 Out:x85 Rec:x0 Raw:1 Cap:0 Exe:1 Flush:x0] [META ze:0 ci:3 rt:-1 tn:-1 qc:-1 fi:-1 fr:-1] [New-Request][0] [0] [IMGO:1 (-1,-1)] [Gp:255/0] IOmap-Img[1]=<0_I[0]{}_O[2]{0x100000003,0x100000004}>-Meta[1]=<0_I[2]{0x80000000,0x100000018}_O[2]{0x10000001b,0x100000024}> CfgStream-Img[OutIMG:0x100000001(0),OutRRZ:0x100000003(1),OutLCS:0x100000004(1)]-Meta[InAPP:0x80000000(1),InHAL:0x100000018(1),OutAPP:0x100000024(1),OutHAL:0x10000001b(1)]  | [PreSet][Key:5] Num(0) Dummy(0) MetaCnt[APP:66,HAL:17] | [Rev:0] depth(1) burst(1) Que[1]
07-25 21:40:08.931   723  5052 D NormalPipe: [frameToEnque] - sof(4)
07-25 21:40:08.931   723  5052 D NormalPipe: [enqueRequest] -
07-25 21:40:08.931   723  1126 D MtkCam/ppl_context: [sendFrameToRootNodes] r3 frameNo:3 (X) -> 0x1 success; erase record
07-25 21:40:08.931   723  5028 D AeFlowDefault: [monitorAndReschedule:Perframe AE] Calc:1 Apply:1 Magic:1 AEMonitorStable:1 VdCnt:0 u4CwvYcur:0 u4CwvYpre:0 
07-25 21:40:08.931   723  5028 D ae_mgr  : [updateAEInfo2ISP] State:0 VDNum:0 Shutter:30003 Gain:9040 1024 750 Flare offset:0 512 FrameDuration:33350000 DisableOBC:0 ExpRatio:100 eAEMode:1 eAEstate:2 CurrentidxF:113
07-25 21:40:08.932   723  5081 D MtkCam/HalSensorList: [querySecureState] Secure State is 0
07-25 21:40:08.932   723  5028 D awb_mgr : [setIspAwbInfo()] m_eSensorDev: 1, awb_gain: 988/512/824, PreGain1: 512/512/512, RPG: 988/512/824, PGN: 988/512/824, bAWBLock: 0 (m_bAWBLock:0, m_u4AWBMode:1)
07-25 21:40:08.932   723  5028 D Task3APv: [run] getSensorParams: m_u4PreRealISO(750), u4RealISO(750), m_preAwbGain(988, 512, 824), rAwbInfo.gain(988, 512, 824)
07-25 21:40:08.932   723  5028 D isp_tuning_custom: [evaluate_Shading_Ratio] sensorid(1379), preSensorId(1379), eSensorMode(2), preSensorMode(2), isSensorOrModeSwitch(0), isInit(0)
07-25 21:40:08.932   723  5028 D isp_tuning_custom: [iso_smooth][ISO smooth enabled][ISO idx(3309)]avgISO = 750.
07-25 21:40:08.932   723  5028 D isp_tuning_custom: [RA_smooth][RA smooth][frm idx(3309)] rto for iso(21), prev_rto(21),RA_incremental_step(2), smoothed ratio(21)
07-25 21:40:08.932   723  5028 D paramctrl_per_frame: put ratio with m_eSensorDev(1), i4Rto(21)
07-25 21:40:08.932   723  5028 D paramctrl_per_frame: [updateLscInfo] (flash, iso, rto)=(0, 750, 21), auto(1), lock(0,0,0), dyn(1), op(0), PreCapFlashIsLockRto(0), fgForceUnlock(0)
07-25 21:40:08.932   723  5028 D Task3APv: [run] Cam 1 : Req(#4)/Stt(#1)/i4Opt(0)/FlashOnOff(0) Lv(8)/ISO(750)/RGB(988,512,824) AFisLockAE(0) isLVChangeTooMuch(0) m_i4FrameCount(2) m_i4TsfFrameCount(3)
07-25 21:40:08.932   723  5028 W TuningMgr: TuningMgr[updateEngine] WARNING: [temp log] AF enable(1_0x100e02e0_0x808001e8)
07-25 21:40:08.933   723  5028 D TuningMgr: TuningMgr[enqueBuffer] magicNum(0x4)
07-25 21:40:08.933   723  5081 D MtkCam/HalSensorList: [querySecureState] Secure State is 0
07-25 21:40:08.934   723  5028 I MtkCam/P1NodeImp: [setupAction] [Cam::0 R4 S4 E4 D1 O1 #1] [P1::ENQ][Num Q:4 M:4 F:2 R:2 @4][Type:1 Out:x85 Rec:x0 Raw:1 Cap:0 Exe:1 Flush:x0] [Exp:30003000ns] [MetaCtrl][SCALER_CROP(1) (0,0_2016x1512) ][SENSOR_CROP(0)][RESIZER_SET(0)]
07-25 21:40:08.934   723  1126 D mtkcam-dev3-utils: [-BufferHandleCache::importBuffer] bufferId 5: 0xb400007e2e817110 208 - 1st imported
07-25 21:40:08.934   723  1126 D ULog    : R AppRequest:4 M[CameraDevice:187001] +  :mtkcam-dev3 #38208
07-25 21:40:08.934   723  5028 D NormalPipe: [acceptEnqRequest] MyEnq:0: dma:0x8 pa(0x6500000)io(0_0_2016_1136_1920_1088) mag(0x4)|dma:0x6 pa(0x4F013C0)io(0_0_2016_1_2016_1) mag(0x4)|dma:0xf pa(0x9000400)io(0_0_256_1_256_1) mag(0x4)|dma:0xb pa(0xDD00000)io(0_0_384_384_384_384) mag(0x4)|
07-25 21:40:08.934   723  1126 D mtkcam-dev3-utils: [0-AppRequestUtil::createOneRequest] requestNumber[4]:StreamBuffer:0xb400007dbe8189e0 streamId:0 bufferId:5 buffer:0xb400007e2e817110 status:OK acquireFenceOp.hdl:0x0 releaseFenceOp.hdl:0x0 acquireFenceOp.fd:-1 releaseFenceOp.fd:-1 appBufferHandleHolder:0xb400007d8e8482a8 freeByOthers:0 / 
07-25 21:40:08.934   723  1126 D mtkcam-HDRPolicyHelper: [getSeamlessSmoothResult][Cam::0]frameType[3] requestAETargetMode=0 requestExpNum=0
07-25 21:40:08.935   723  1126 D MtkCam/ppl_context: [sendFrameToRootNodes] r4 frameNo:4 (X) -> 0x1 BUSY
07-25 21:40:08.936   723  5080 D AfAlgoC : [HB] DafIO in: mode 0(in:0), (PD,LD,SD) cus(1,0,0) input(0,0,0) Que -1
07-25 21:40:08.936   723  5080 E AfAlgo  : Err:  6195: [AdpComp]Adaptive input error!! 
07-25 21:40:08.936   723  5080 E AfAlgo  : Err:  6279: [AdpComp]Adaptive input error
07-25 21:40:08.936   723  5080 D TaskAFNormal: [run] Cam 1 : Req(#4)/Stt(#2)/i4Opt(0)/FlashOnOff(0)
07-25 21:40:08.938   723  5053 D SecMgr  : [SecMgr_GetSecurePortStatus] + (0x0x0)module:0x0 dma port:rrzo
07-25 21:40:08.938   723  5053 D SecMgr  : [SecMgr_GetSecurePortStatus] (0x0)DMA port (0x1) is not supported
07-25 21:40:08.938   723  5053 D ifunc_cam_buf: [waitBufReady] [0x0]:, [0x5900000] waitbufready pass
07-25 21:40:08.938   723  5053 D ifunc_cam_buf: [dequeueHwBuf] [0x0]:BUF_CTRL_RRZO:(0xd_0x0),PA(0x5900000_0xBC00880),FH_VA(0x7F775C3880),size(0x3bc400),cur sof(0),
07-25 21:40:08.938   723  5053 D SecMgr  : [SecMgr_GetSecurePortStatus] + (0x0x0)module:0x0 dma port:imgo
07-25 21:40:08.938   723  5053 D SecMgr  : [SecMgr_GetSecurePortStatus] (0x0)DMA port (0x0) is not supported
07-25 21:40:08.938   723  5053 D SecMgr  : [SecMgr_GetSecurePortStatus] + (0x0x0)module:0x0 dma port:
07-25 21:40:08.938   723  5053 D SecMgr  : [SecMgr_GetSecurePortStatus] + (0x0x0)module:0x0 dma port:lcso
07-25 21:40:08.938   723  5053 D NormalPipe: [ispDequeThread] N:0_deq@SOF_4
07-25 21:40:08.939   723  5053 D SecMgr  : [SecMgr_GetSecurePortStatus] + (0x0x0)module:0x0 dma port:rrzo
07-25 21:40:08.939   723  5053 D SecMgr  : [SecMgr_GetSecurePortStatus] (0x0)DMA port (0x1) is not supported
07-25 21:40:08.939   723  5044 D NormalPipe: [deque] MyDeq:0: dma:0x6 pa(0x4F009E0) io(0_0_1_0_0_0_2016_1_2016_1) mag(0x2)|dma:0x8 pa(0x5900000) io(0_0_2016_1136_0_0_1920_1088_1920_1088) mag(0x2)|dma:0xb pa(0xD800000) io(0_0_0_0_0_0_0_0_0_0) mag(0x2)|dma:0xf pa(0x9000200) io(0_0_0_0_0_0_0_0_0_0) mag(0x2)|
07-25 21:40:08.939   723  5044 D LensDrv : [setMCUParam] Dev(1) , ioctl - mcuIOC_S_SETPARA, error Operation not permitted
07-25 21:40:08.939   723  5044 D af_mgr_v3: AFmeta OPTICAL_STABILIZATION 0  0
07-25 21:40:08.939   723  5044 D fsc_hal : [processResult]first frame process magic(2) ET(30003) EIS(0), CB magic(2)
07-25 21:40:08.939   723  5044 D fsc_hal : [getAFInitParams]M_to_I_R(656) D_I(200) D_M(800) D_T(12) R_T(0) iI_D(0) A_Ta_S(0) A_T_E(0)
07-25 21:40:08.939   723  5044 D AlgoFSC : [AlgoFSC] new FSC algo 0xb400007e0e8236b0
07-25 21:40:08.939   723  5044 D AppFSC  : algo (0xb400007d6e819eb0) macro_to_inf_ratio(10656) max_cropped_ratio(550)
07-25 21:40:08.939   723  5044 D AppFSC  : dac_Inf(200) dac_Macro(800) af_table_start(0) af_table_end(0)
07-25 21:40:08.939   723  5044 D AppFSC  : readout_time_mus(0) af_time_mus(4000)
07-25 21:40:08.939   723  5044 W fsc_hal : [processResult]image_scale_output.image_scale == 0
07-25 21:40:08.939   723  5044 D fsc_hal : [processResult]P magic(2) dac(0) ET(30003) EIS(0), CB magic(2), factor(1.000000), sensor(2016,1136), RRZO: c(0,0,2016,1136) s(1920,1088) f(0.000000,0.000000,1920.000000,1088.000000),RSSO: s(0,0), f(0.000000,0.000000,0.000000,0.000000)
07-25 21:40:08.939   723  5044 D MtkCam/HalSensorList: [querySecureState] Secure State is 0
07-25 21:40:08.939   723  5044 D MtkCam/HalSensor: [destroyInstance] HalSensor destroyInstance count = 6, caller =MtkCam/P1NodeUtility
07-25 21:40:08.939   723  5044 D MtkCam/BaseHeap: [IonHeap::unlockBufLocked] Hal:Image:P1:Fullraw_main1:Size2016x1:Stride2520.0.0:Sn2@ still locked (2)
07-25 21:40:08.939   723  5044 I MtkCam/P1NodeImp: [releaseAction] [Cam::0 R4 S4 E4 D2 O1 #1] [P1::DEQ][Num Q:2 M:2 F:0 R:0 @2][Type:1 Out:x85 Rec:x0 Raw:1 Cap:0 Exe:3 Flush:x0] job(0/1) IMG(pure) RRZ0(0-0-2016x1136)(0-0-1920x1088)(1920x1088) T-ns(EXP: 30003000)(Src:0)(SOF: m_947608571000 b_947608565000)(SS: 947578568000) ExpExtend(0, 0)Q(SensorTs
07-25 21:40:08.940   723  5047 I MtkCam/P1NodeImp: [releaseFrame] [Cam::0 R4 S4 E4 D2 O2 #1] [P1::OUT][Num Q:2 M:2 F:0 R:0 @2][Type:1 Out:x85 Rec:x0 Raw:1 Cap:0 Exe:3 Flush:x0] [Release-0] [DispatchFrame]
07-25 21:40:08.940   723  5047 D MtkCam/ppl_context: [onDispatchFrame] r0 frameNo:0 0x1 -> 0x15 READY(1/1)
07-25 21:40:08.940   723  5047 D MtkCam/P2/MWFrameRequest: [printIOMap] P2S cam 0 MWFrame:#0 MWReq:#0, frame 1 : iomap: [0]=>img[2/1], meta[3/2], fps[0.00]
07-25 21:40:08.941   723  5062 D MtkCam/P2/StreamingProcessor: [makePayLoad] P2S cam 0 MWFrame:#0 MWReq:#0, frame 1-0 : masterID(0) #Requests(1) merged into #RequestsPacks(1), PendingPayload(1), p1Ts=0000947581068000
07-25 21:40:08.941   723  5062 D MtkCam/StreamingPipe/Data: [calNonLargeSrcCrop]sID(0), imgoIn(0), srcCrop(0,0,1920x1088), isSrcCrop(0), mP2Pack Valid(1), imgo(0x0),rrz(1920x1088)
07-25 21:40:08.941   723  5062 D MtkCam/StreamingPipe/Pipe: [prepareIORequest]P2S cam 0 MWFrame:#0 MWReq:#0, frame 1-1  master/slave/fd(0/-1/0) ReqNo(1), feature=0x8008(3DNR+FSC), cycle(33), fps(n/a)=(30/30), ZoomROI((1442.539673x1088.000000)@(238.730179,0.000000)) SFPIOMgr:[sID(0)--IMG(0x0/0),RRZ(0xb400007e0e82fef0/1),LCS(0xb400007e0e833970/1),LCSH(0x0/0),pRSS(0x0/0),cRSS(0x0/0),RSSR2(0x0/0),FYuv(0x0/0),RYuv1(0x0/0),RYuv2(0x0/0),mAIYuv(0x0/0),HalI(0xb400007dbe81ba00),AppI(0xb400007e2e8364b8),AppDI(0xb400007dbe814760),AppOver(0x0)]{path(GEN),halO(0xb400007e2e825cb0),appO(0xb400007e2e81d970),Outs--[buf(0xb400007e0e82b6f0/1)(320x240),tran(0),type(1), tar(disp), prof(0), crop(238.730179,0.000000,1442.539673x1088.000000), flag(0x0)]Tuning--id(0)--[flag(5)]}
07-25 21:40:08.942   723  5060 D 3dnr_hal: [init] User(P2G_MGR) inits 3dnr<0> instance
07-25 21:40:08.942   723  5060 D 3dnr_hal: [init] s(0): has 0 users, to be 1
07-25 21:40:08.942   723  5060 W MtkCam/StreamingPipe/P2G_P2SWUTIL: [prepareNR3D_common]!!warn: mkdbg: VIPIInfo invalid
07-25 21:40:08.942   723  5060 D 3dnr_hal: [init] User(P2G_P2SWUTIL) inits 3dnr<0> instance
07-25 21:40:08.942   723  5060 D 3dnr_hal: [init] s(0): has 1 users, to be 2
07-25 21:40:08.942   723  5060 D ae_mgr  : [AeMgr::setZoomWinInfo] New WinX:292 1431 New WinY:219 1073 Old WinX:0 2016 Old WinY:0 1136
07-25 21:40:08.943   723  5060 D isp_mgr_sl2: DIP_X_SL2H_RZ is (SL2_VRZ_COM, SL2_HRZ_COM) = (2138, 2150), (i4RzWidth, i4Width) = (1920, 2016), (i4RzHeight, i4Height) = (1088, 1136)
07-25 21:40:08.943   723  5060 D isp_mgr_sl2: profile is 1, DIP_X_SL2H_RZ is (0x085a0866)
07-25 21:40:08.943   723  5060 D isp_mgr_nr3d: turn off NR3D_EN, NR3D_ON_EN, SL2E_EN, NR3D_SL2_OFF
07-25 21:40:08.943   723  5060 D MtkCam/StreamingPipe/P2ANode: [enqueFeatureStream] P2S cam 0 MWFrame:#0 MWReq:#0, frame 1-1 :sensor(0) Frame 1 enque start
07-25 21:40:08.944   723  5055 D Iop/p2HPEQNode: [doEnque] sDrvScen:0, CQIdx:0, dupCQIdx:0, burstQIdx:0, RingBufIndex:0,  mTuningData ptr:780333220
07-25 21:40:08.944   723  5055 D PostProcPipe: [PrintPipePortInfo] vInPorts:FN(0),RN(0),TS(0xa03ba2e0),UK(0xcc183a0),Sec(0),[0]:(0x2205),w(1920),h(1088),stride(3600,0,0),type(0),idx(19),dir(0),Size(0x003bc400,0x00000000,0x00000000),VA(0x7c8f89c000,0x0,0x0),PA(0x5900000,0x0,0x0),secPort(0),
07-25 21:40:08.944   723  5055 D PostProcPipe:                       vInPorts:FN(0),RN(0),TS(0xa03ba2e0),UK(0xcc183a0),Sec(0),[1]:(0x2401),w(200),h(112),stride(768,0,0),type(0),idx(26),dir(0),Size(0x00048000,0x00000000,0x00000000),VA(0x7f77067000,0x0,0x0),PA(0xd800000,0x0,0x0),secPort(0)
07-25 21:40:08.944   723  5055 D PostProcPipe: [PrintPipePortInfo] vOutPorts:FN(0),RN(0),TS(0xa03ba2e0),UK(0xcc183a0),Sec(0),[0]:(0x32315659),w(1920),h(1088),stride(1920,960,960),type(0),idx(32),dir(1),Size(0x001fe000,0x0007f800,0x0007f800),VA(0x7c864cb000,0x7c866c9000,0x7c86748800),PA(0x9e00000,0x9ffe000,0xa07d800),secPort(0),
07-25 21:40:08.944   723  5055 D PostProcPipe:                       vOutPorts:FN(0),RN(0),TS(0xa03ba2e0),UK(0xcc183a0),Sec(0),[1]:(0x11),w(320),h(240),stride(320,320,0),type(0),idx(38),dir(1),Size(0x00012c00,0x00009600,0x00000000),VA(0x7cdd46b000,0x7cdd47dc00,0x0),PA(0x9a00000,0x9a12c00,0x0),secPort(0)
07-25 21:40:08.944   723  5055 D PostProcPipe: [configPipe] [Imgi][crop_1](x,f_x,y,f_y)=(0,0,0,0),(w,f_w,h,f_h)=(0,0,0,0),(tarW,tarH)=(0,0)-
07-25 21:40:08.944   723  5055 D PostProcPipe:                     [crop_2](x,f_x,y,f_y)=(238,765648,0,0),(w,f_w,h,f_h)=(1442,565888,1088,0),(tarW,tarH)=(320,240)-
07-25 21:40:08.944   723  5055 D PostProcPipe:                     [crop_3](x,f_x,y,f_y)=(0,0,0,0),(w,f_w,h,f_h)=(0,0,0,0),(tarW,tarH)=(0,0),dupCqIdx(0),[vipi]ofst(0),rW/H(0/0)
07-25 21:40:08.944   723  5055 D PostProcPipe: ,                    isDipOnly(0), hwmodule(9/0), dipCQ/dup/burst(0/0/0), drvSc(0), isWtf(1),tdr_tpipe(0),en_yuv/yuv2/rgb/dma/fmt_sel/ctl_sel/misc (0x10e03df8/0xf0/0x1400f9/0x20e081/0x30480009/0x16040/0x10), tcm(0xa/0x9bd8e023/0xe807b1c), last(1), CRZ_EN(0), img3o ofset(0,0),userName(),PIX_ID(3),ImgBuf_PIX_ID(3),tv_sec(1784986808),tv_usec(976699)
07-25 21:40:08.944   723  5055 D iio/ifunc_dip: [ConfigDipPipe] moduleIdx(0), pDipWBuf(0xce827080), m_pIspDescript_phy(0x9100000), m_pIspDescript_vir(0x8a655000), m_pIspVirRegAddr_pa(0x9101000), m_pIspVirRegAddr_va(0x8a656000)
07-25 21:40:08.944   723  5056 D iio/ifunc_dip: [enable] thiscq(0), frameflag(0x0), ring_index(0), ref_ringbufidx(0)
07-25 21:40:08.944   723  5056 D MdpMgr  : [updateDpStreamMap] refObjectCqIdx:0, refObjectRingBufIdx:0,cqIdx:0,ringIdx:0,refringbufidx:0
07-25 21:40:08.944   723  5056 D MdpMgr  : [selectDpIspStream] [selectDpIspStream] cqIdx(0/0/0/0_0/0),sceID(0)
07-25 21:40:08.944   723  5056 D MdpMgr  : [_startMdp] dstFmt(657,4982892)
07-25 21:40:08.946   723  5056 D MdpMgr  : [_startMdp] +sceID(0),cqPa(0x9100000)-Va(0x7c8a655000),tpipVa(0x7c8a154000)-Pa(0x9300000),isWaitB(1),cqIndx(0/0/0/0),venc(0),(va: 0x7c8a154000),        srcFt(0x2205),W(1920),H(1088),stride(3600,0),size(0x3bc400-0x0-0x0),VA(0x    ffff),PA(0x 5900000),plane(1),Stmtype(1)
07-25 21:40:08.946   723  5056 D MdpMgr  :         wdma_en(1),idx(0),cap(3),ft(17),rt(0),fp(0),(w,h,s)=(320,240,320),C(w,h,s)=(320,120,320),V(w,h,s)=(0,0,0),mdpidx(0),
07-25 21:40:08.946   723  5056 D MdpMgr  :         wrot_en(0),idx(1),cap(0),ft(0),rt(0),fp(0),(w,h,s)=(0,0,0),C(w,h,s)=(0,0,0),V(w,h,s)=(0,0,0),mdpidx(0),
07-25 21:40:08.946   723  5056 D MdpMgr  :         jpg_en(0),idx(2),cap(0),ft(0),rt(0),fp(0),(w,h,s)=(0,0,0),C(w,h,s)=(0,0,0),V(w,h,s)=(0,0,0),mdpidx(1),
07-25 21:40:08.946   723  5056 D MdpMgr  :         pipe_en(0),idx(3),cap(0),ft(0),rt(0),fp(0),(w,h,s)=(0,0,0),C(w,h,s)=(0,0,0),V(w,h,s)=(0,0,0),mdpidx(2),
07-25 21:40:08.946   723  5056 D MdpMgr  :         (va:0x7c8a154000,dstpa:0x9300000)
07-25 21:40:08.946   723  5056 D MdpMgr  : flag(0_0x0->0x0),startStm(2001 us),WDPQ(0x       0),WRPQ(0x       0),tv_sec(1784986808),tv_usec(976699)
07-25 21:40:08.946   723  5056 D Iop/p2HPEQNode: [doMdpStart] frameUnit.idxofwaitDQFrmPackList (0x5e812e78_0_0_0, 0_0_1_0)
07-25 21:40:08.947   723  5057 D MdpMgr  : [selectDpIspStream] [selectDpIspStream] cqIdx(0/0/0/0_0/0),sceID(0)
07-25 21:40:08.953   723  5057 D MdpMgr  : [_dequeueBuf] +,cqIndx(0/0/0/0),sceID(0),deqIndex(1),isWaitBuf(1),
07-25 21:40:08.953   723  5057 D MdpMgr  :         deqIndex(1), dequeTime(6453 us)
07-25 21:40:08.953   723  5057 D MdpMgr  : [selectDpIspStream] [selectDpIspStream] cqIdx(0/0/0/0_0/0),sceID(0)
07-25 21:40:08.953   723  5057 D MdpMgr  : [_dequeueBuf] +,cqIndx(0/0/0/0),sceID(0),deqIndex(0),isWaitBuf(1),
07-25 21:40:08.953   723  5057 D MdpMgr  :         deqIndex(0), dequeTime(18 us)
07-25 21:40:08.953   723  5057 D MdpMgr  : [selectDpIspStream] [selectDpIspStream] cqIdx(0/0/0/0_0/0),sceID(0)
07-25 21:40:08.953   723  5057 D MtkCam/StreamingPipe/P2ANode: [onDIPStreamBaseCB] P2S cam 0 MWFrame:#0 MWReq:#0, frame 1-1 :sensor(0) Frame 1 enque done in 10 ms, result = 1
07-25 21:40:08.953   723  5057 D Iop/p2HPDQNode: [doDeque] +,tag(2),idx(0),p2CQ(0/0/0/0),
07-25 21:40:08.953   723  5057 D Iop/p2HPDQNode:                          +,tag(1),idx(0),p2CQ(0/0),
07-25 21:40:08.953   723  5057 D Iop/p2HPDQNode:                          -,cb(191 us)
07-25 21:40:08.954   723  5061 D MtkCam/P2/MWFrame: [doRelease] P2S cam 0 MWFrame:#0 MWReq:#0, frame 1 : all streams(8), using(0), status: s0:d0:App:YCrCb_420_SP:0|HW_TEXTURE(1),Meta:App:Control(1),Hal:Image:P1:Resizeraw_main1(1),Hal:Image:STT_main1(1),Hal:Meta:P1:Dynamic_main1(1),Hal:Meta:P2:Dynamic(1),App:Meta:DynamicP1_main1(1),App:Meta:DynamicP2(1),
07-25 21:40:08.954   723  5061 I mtkpower_client: perf_lock_rel, hdl:212, tid:5061
07-25 21:40:08.954   723  5025 D mtkcam-AppStreamMgr: [0-FrameHandler::updateResult] requestNo 0, real time:0, last partial:1
07-25 21:40:08.954   723  5025 D ULog    : R AppRequest:0 M[CameraDevice:187001] -  :mtkcam-AppStreamMgr #38209
07-25 21:40:08.954   723  5061 D Cam3CPUCtrl: [exitCPUBoost] exit cpu boost
07-25 21:40:08.954   548   653 I libPowerHal: [perfLockRel] hdl:212, idx:4
07-25 21:40:08.955   723  5061 D mtkcam-pipeline: [onLastStrongRef] [ requestNo:0 frameNo:0 ] frame end
07-25 21:40:08.955   723  5061 D MtkCam/StreamingPipe/Timer: [print]Frame timer [#    1/   0][t  12][io   0][tof  0/  0][d  0/  0][mss  0/  0/  0/  0][a 11/  1/ 10][tun  0/  0][msf  0/  0][vnr  0/  0/  0][am  0][b  0/  0][tpi(  0/  0)/(  0/  0)/(  0/  0)][vmdp_A  0/  0 vmdp_B  0/  0][h  1/  0/  0][e  0][r  0/  0][w_A  0/  0/  0/  0 w_B  0/  0/  0/  0][x  0][disp  0/  0][async  0/  0][p2sm  0/  0/  0][fps0.00/0.00/ 30/ 30]
07-25 21:40:08.957  4539  4573 D VideoCapture: cameraCaptureResult timestampNs = 947581068000, current system uptimeMs = 947635, current system realtimeMs = 947635
07-25 21:40:08.963   723  5028 D HwIRQ3A : [wait] VSIrq
07-25 21:40:08.963   723  5052 D NormalPipe: [enqueRequest] +N:0 CurSof:5 enqCnt:3 cqCnt(p/v):3/3 FrameStatus(2)
07-25 21:40:08.963   723  5052 D NormalPipe: [configEnquePath] N:0 configFrame event:1 multiSenNum:2 occupy:0 status:1(2) fsm:0 depth:0
07-25 21:40:08.963   723  5052 D NormalPipe: [dmaCfg] N:0 dma:x8 cmd:0x101a, crop:(0,0,2016,1136), outsize:(1920,1088)
07-25 21:40:08.963   723  5028 I MtkCam/P1NodeImp: [setRequest] [Cam::0 R5 S5 E4 D2 O2 #0] [P1::SET][Num Q:5 M:5 F:3 R:3 @0][Type:1 Out:x85 Rec:x0 Raw:1 Cap:0 Exe:1 Flush:x0] Num[5] Ctrl[1]=[ 5 ]
07-25 21:40:08.963   723  5052 D NormalPipe: [dmaCfg] N:0 dma:x6 cmd:0x101c, crop:(0,0,2016,1), outsize:(2016,1)
07-25 21:40:08.963   723  5028 D aao_buf_mgr: [updateInfo] mMagicNumber(2), i4SubsampleCount(1)
07-25 21:40:08.963   723  1126 E camiopipe: [vendor/mediatek/proprietary/hardware/mtkcam/drv/src/isp/mt6768/imageio/pipe/CamIOPipe/CamIOPipe.cpp, sendCommand, line3805] ERROR: [0x0]:NOT support command! (sendCommand){#3805:vendor/mediatek/proprietary/hardware/mtkcam/drv/src/isp/mt6768/imageio/pipe/CamIOPipe/CamIOPipe.cpp}
07-25 21:40:08.963   723  1126 E camiopipe: [vendor/mediatek/proprietary/hardware/mtkcam/drv/src/isp/mt6768/imageio/pipe/CamIOPipe/CamIOPipe.cpp, sendCommand, line3812] ERROR: [0x0]:sendCommand(0x1500) error! (sendCommand){#3812:vendor/mediatek/proprietary/hardware/mtkcam/drv/src/isp/mt6768/imageio/pipe/CamIOPipe/CamIOPipe.cpp}
07-25 21:40:08.963   723  1126 E NormalPipe: [vendor/mediatek/proprietary/hardware/mtkcam/drv/src/isp/mt6768/iopipe/CamIO/NormalPipe.cpp, sendCommand, line3773] ERROR: error: sendCommand fail: (cmd,arg1,arg2,arg3)=(0x00001500,0x7C9833AF40,0x7C9833AF44,0xB400007ECE80E9AC) (sendCommand){#3773:vendor/mediatek/proprietary/hardware/mtkcam/drv/src/isp/mt6768/iopipe/CamIO/NormalPipe.cpp}
07-25 21:40:08.963   723  1126 D Hal3Av3 : [parseMeta] Return to AP AE_REGIONS L(0) T(0) R(0) B(0) W(0)
07-25 21:40:08.964   723  1126 D Hal3Av3 : [parseMeta] Return to AP AF_REGIONS L(0) T(0) R(0) B(0) W(0)
07-25 21:40:08.964   723  1126 D Hal3Av3 : [parseMeta] Return to AP AWB_REGIONS L(0) T(0) R(0) B(0) W(0)
07-25 21:40:08.964   723  5052 D ifunc_cam_tuning: [update] [0x0]:CAM_TUNING_CTRL - EN:0x100e02e0 DMA:0x808001e8
07-25 21:40:08.964   723  1126 D Hal3Av3 : [parseMeta] MTK_SENSOR_TEST_PATTERN_DATA(0, 0, 0, 0)
07-25 21:40:08.964   723  5052 D LMVDrv  : [GetLMVStatusAndUpdate]Suspicous clear, driver may drop frame and now in new pipeline: magicNum(4)=bypass(0)
07-25 21:40:08.964   723  1126 I MtkCam/P1NodeImp: [runQueue] [Cam::0 R5 S5 E4 D2 O2 #1] [P1::REQ][Num Q:6 M:0 F:4 R:4 @0][Type:1 Out:x85 Rec:x0 Raw:1 Cap:0 Exe:1 Flush:x0] [META ze:0 ci:3 rt:-1 tn:-1 qc:-1 fi:-1 fr:-1] [New-Request][0] [0] [IMGO:1 (-1,-1)] [Gp:255/0] IOmap-Img[1]=<0_I[0]{}_O[2]{0x100000003,0x100000004}>-Meta[1]=<0_I[2]{0x80000000,0x100000018}_O[2]{0x10000001b,0x100000024}> CfgStream-Img[OutIMG:0x100000001(0),OutRRZ:0x100000003(1),OutLCS:0x100000004(1)]-Meta[InAPP:0x80000000(1),InHAL:0x100000018(1),OutAPP:0x100000024(1),OutHAL:0x10000001b(1)]  | [PreSet][Key:6] Num(0) Dummy(0) MetaCnt[APP:66,HAL:17] | [Rev:0] depth(1) burst(1) Que[1]
07-25 21:40:08.964   723  5052 W LMVDrv  : [GetLMVStatusAndUpdate]Cannot find magicNum(0) in queue(0)
07-25 21:40:08.964   723  1126 D MtkCam/ppl_context: [sendFrameToRootNodes] r4 frameNo:4 (X) -> 0x1 success; erase record
07-25 21:40:08.964   723  5052 D camiopipe: [sendCommand] [0x0]:[2]P1_UPDATE_CHECK CTL_EN(0x11bebee3) +[0_0]:0x11bebee3 [1_0]:0x11bebee3 [2_0]:0x11bebee3 -[0_0]:0x11bebee3 [1_0]:0x11bebee3 [2_0]:0x11bebee3 
07-25 21:40:08.964   723  5052 D NormalPipe: [frameToEnque] - sof(5)
07-25 21:40:08.964   723  5052 D NormalPipe: [enqueRequest] -
07-25 21:40:08.964   723  5028 D AeFlowDefault: [monitorAndReschedule:Perframe AE] Calc:1 Apply:1 Magic:2 AEMonitorStable:0 VdCnt:0 u4CwvYcur:0 u4CwvYpre:0 
07-25 21:40:08.964   723  5028 D ae_mgr  : [doPvAE()] AE config change (Skip AeAlgo once)
07-25 21:40:08.964   723  5028 D awb_mgr : [setIspAwbInfo()] m_eSensorDev: 1, awb_gain: 988/512/824, PreGain1: 512/512/512, RPG: 988/512/824, PGN: 988/512/824, bAWBLock: 0 (m_bAWBLock:0, m_u4AWBMode:1)
07-25 21:40:08.964   723  5028 D Task3APv: [run] getSensorParams: m_u4PreRealISO(750), u4RealISO(750), m_preAwbGain(988, 512, 824), rAwbInfo.gain(988, 512, 824)
07-25 21:40:08.965   723  5028 D isp_tuning_custom: [evaluate_Shading_Ratio] sensorid(1379), preSensorId(1379), eSensorMode(2), preSensorMode(2), isSensorOrModeSwitch(0), isInit(0)
07-25 21:40:08.965   723  5028 D isp_tuning_custom: [iso_smooth][ISO smooth enabled][ISO idx(3310)]avgISO = 750.
07-25 21:40:08.965   723  5028 D isp_tuning_custom: [RA_smooth][RA smooth][frm idx(3310)] rto for iso(21), prev_rto(21),RA_incremental_step(2), smoothed ratio(21)
07-25 21:40:08.965   723  5028 D paramctrl_per_frame: put ratio with m_eSensorDev(1), i4Rto(21)
07-25 21:40:08.965   723  5028 D paramctrl_per_frame: [updateLscInfo] (flash, iso, rto)=(0, 750, 21), auto(1), lock(0,0,0), dyn(1), op(0), PreCapFlashIsLockRto(0), fgForceUnlock(0)
07-25 21:40:08.965   723  5028 D Task3APv: [run] Cam 1 : Req(#5)/Stt(#2)/i4Opt(0)/FlashOnOff(0) Lv(8)/ISO(750)/RGB(988,512,824) AFisLockAE(0) isLVChangeTooMuch(0) m_i4FrameCount(3) m_i4TsfFrameCount(4)
07-25 21:40:08.965   723  5028 W TuningMgr: TuningMgr[updateEngine] WARNING: [temp log] AF enable(1_0x100e02e0_0x808001e8)
07-25 21:40:08.965   723  5028 D TuningMgr: TuningMgr[enqueBuffer] magicNum(0x5)
07-25 21:40:08.966   723  5028 I MtkCam/P1NodeImp: [setupAction] [Cam::0 R5 S5 E5 D2 O2 #1] [P1::ENQ][Num Q:5 M:5 F:3 R:3 @5][Type:1 Out:x85 Rec:x0 Raw:1 Cap:0 Exe:1 Flush:x0] [Exp:30003000ns] [MetaCtrl][SCALER_CROP(1) (0,0_2016x1512) ][SENSOR_CROP(0)][RESIZER_SET(0)]
07-25 21:40:08.966   723  4812 D mtkcam-dev3-utils: [-BufferHandleCache::importBuffer] bufferId 6: 0xb400007e2e811610 211 - 1st imported
07-25 21:40:08.966   723  4812 D ULog    : R AppRequest:5 M[CameraDevice:187001] +  :mtkcam-dev3 #38210
07-25 21:40:08.966   723  5028 D NormalPipe: [acceptEnqRequest] MyEnq:0: dma:0x8 pa(0x6900000)io(0_0_2016_1136_1920_1088) mag(0x5)|dma:0x6 pa(0x4F009E0)io(0_0_2016_1_2016_1) mag(0x5)|dma:0xf pa(0x9000500)io(0_0_256_1_256_1) mag(0x5)|dma:0xb pa(0xDF00000)io(0_0_384_384_384_384) mag(0x5)|
07-25 21:40:08.967   723  4812 D mtkcam-dev3-utils: [0-AppRequestUtil::createOneRequest] requestNumber[5]:StreamBuffer:0xb400007dbe822450 streamId:0 bufferId:6 buffer:0xb400007e2e811610 status:OK acquireFenceOp.hdl:0x0 releaseFenceOp.hdl:0x0 acquireFenceOp.fd:-1 releaseFenceOp.fd:-1 appBufferHandleHolder:0xb400007d8e85cd68 freeByOthers:0 / 
07-25 21:40:08.967   723  4812 D mtkcam-HDRPolicyHelper: [getSeamlessSmoothResult][Cam::0]frameType[3] requestAETargetMode=0 requestExpNum=0
07-25 21:40:08.968   723  4812 D MtkCam/ppl_context: [sendFrameToRootNodes] r5 frameNo:5 (X) -> 0x1 BUSY
07-25 21:40:08.968   723  5080 D af_mgr_v3: #(    5,    2) cmd-SetCropRegionInfo (x,y,w,h)=(292, 31, 1431, 1073), dzX(140), dzY(105), Fac(105)
07-25 21:40:08.968   723  5080 D af_mgr_v3: UpdateCenterROI 37 38 37 39 18 24 - scale 18 24, ROI-C [X]879 [Y]439 [W]257 [H]257
07-25 21:40:08.969   723  5080 D AfAlgoC : [HB] DafIO in: mode 0(in:0), (PD,LD,SD) cus(1,0,0) input(0,0,0) Que -1
07-25 21:40:08.969   723  5080 E AfAlgo  : Err:  6195: [AdpComp]Adaptive input error!! 
07-25 21:40:08.969   723  5080 E AfAlgo  : Err:  6279: [AdpComp]Adaptive input error
07-25 21:40:08.969   723  5080 D TaskAFNormal: [run] Cam 1 : Req(#5)/Stt(#3)/i4Opt(0)/FlashOnOff(0)
07-25 21:40:08.971   723  5053 D SecMgr  : [SecMgr_GetSecurePortStatus] + (0x0x0)module:0x0 dma port:rrzo
07-25 21:40:08.971   723  5053 D SecMgr  : [SecMgr_GetSecurePortStatus] (0x0)DMA port (0x1) is not supported
07-25 21:40:08.971   723  5053 D ifunc_cam_buf: [waitBufReady] [0x0]:, [0x6100000] waitbufready pass
07-25 21:40:08.971   723  5053 D ifunc_cam_buf: [dequeueHwBuf] [0x0]:BUF_CTRL_RRZO:(0xd_0x0),PA(0x6100000_0xBC00900),FH_VA(0x7F775C3900),size(0x3bc400),cur sof(0),
07-25 21:40:08.971   723  5053 D SecMgr  : [SecMgr_GetSecurePortStatus] + (0x0x0)module:0x0 dma port:imgo
07-25 21:40:08.971   723  5053 D SecMgr  : [SecMgr_GetSecurePortStatus] (0x0)DMA port (0x0) is not supported
07-25 21:40:08.971   723  5053 D SecMgr  : [SecMgr_GetSecurePortStatus] + (0x0x0)module:0x0 dma port:
07-25 21:40:08.971   723  5053 D SecMgr  : [SecMgr_GetSecurePortStatus] + (0x0x0)module:0x0 dma port:lcso
07-25 21:40:08.971   723  5053 D NormalPipe: [ispDequeThread] N:0_deq@SOF_5
07-25 21:40:08.971   723  5053 D SecMgr  : [SecMgr_GetSecurePortStatus] + (0x0x0)module:0x0 dma port:rrzo
07-25 21:40:08.971   723  5053 D SecMgr  : [SecMgr_GetSecurePortStatus] (0x0)DMA port (0x1) is not supported
07-25 21:40:08.971   723  5044 D NormalPipe: [deque] MyDeq:0: dma:0x6 pa(0x4F00000) io(0_0_1_0_0_0_2016_1_2016_1) mag(0x3)|dma:0x8 pa(0x6100000) io(0_0_2016_1136_0_0_1920_1088_1920_1088) mag(0x3)|dma:0xb pa(0xD900000) io(0_0_0_0_0_0_0_0_0_0) mag(0x3)|dma:0xf pa(0x9000300) io(0_0_0_0_0_0_0_0_0_0) mag(0x3)|
07-25 21:40:08.972   723  5044 W fsc_hal : [processResult]image_scale_output.image_scale == 0
07-25 21:40:08.972   723  5044 D fsc_hal : [processResult]P magic(3) dac(0) ET(30003) EIS(0), CB magic(3), factor(1.000000), sensor(2016,1136), RRZO: c(0,0,2016,1136) s(1920,1088) f(0.000000,0.000000,1920.000000,1088.000000),RSSO: s(0,0), f(0.000000,0.000000,0.000000,0.000000)
07-25 21:40:08.972   723  5044 D MtkCam/HalSensorList: [querySecureState] Secure State is 0
07-25 21:40:08.972   723  5044 D MtkCam/HalSensor: [destroyInstance] HalSensor destroyInstance count = 6, caller =MtkCam/P1NodeUtility
07-25 21:40:08.972   723  5044 D MtkCam/BaseHeap: [IonHeap::unlockBufLocked] Hal:Image:P1:Fullraw_main1:Size2016x1:Stride2520.0.0:Sn1@ still locked (2)
07-25 21:40:08.973   723  5044 I MtkCam/P1NodeImp: [releaseAction] [Cam::0 R5 S5 E5 D3 O2 #1] [P1::DEQ][Num Q:3 M:3 F:1 R:1 @3][Type:1 Out:x85 Rec:x0 Raw:1 Cap:0 Exe:3 Flush:x0] job(0/1) IMG(pure) RRZ0(0-0-2016x1136)(0-0-1920x1088)(1920x1088) T-ns(EXP: 30003000)(Src:0)(SOF: m_947641305000 b_947641299000)(SS: 947611302000) ExpExtend(0, 0)Q(SensorTs
07-25 21:40:08.973   723  5047 I MtkCam/P1NodeImp: [releaseFrame] [Cam::0 R5 S5 E5 D3 O3 #1] [P1::OUT][Num Q:3 M:3 F:1 R:1 @3][Type:1 Out:x85 Rec:x0 Raw:1 Cap:0 Exe:3 Flush:x0] [Release-0] [DispatchFrame]
07-25 21:40:08.973   723  5047 D MtkCam/ppl_context: [onDispatchFrame] r1 frameNo:1 0x1 -> 0x15 READY(1/1)
07-25 21:40:08.973   723  5047 D MtkCam/P2/MWFrameRequest: [printIOMap] P2S cam 0 MWFrame:#1 MWReq:#1, frame 2 : iomap: [0]=>img[2/1], meta[3/2], fps[30.30]
07-25 21:40:08.975   723  5062 D MtkCam/P2/StreamingProcessor: [makePayLoad] P2S cam 0 MWFrame:#1 MWReq:#1, frame 2-0 : masterID(0) #Requests(1) merged into #RequestsPacks(1), PendingPayload(1), p1Ts=0000947613802000
07-25 21:40:08.975   723  5062 D MtkCam/StreamingPipe/Data: [calNonLargeSrcCrop]sID(0), imgoIn(0), srcCrop(0,0,1920x1088), isSrcCrop(0), mP2Pack Valid(1), imgo(0x0),rrz(1920x1088)
07-25 21:40:08.975   723  5062 D MtkCam/StreamingPipe/Pipe: [prepareIORequest]P2S cam 0 MWFrame:#1 MWReq:#1, frame 2-2  master/slave/fd(0/-1/0) ReqNo(2), feature=0x8008(3DNR+FSC), cycle(33), fps(n/a)=(30/30), ZoomROI((1442.539673x1088.000000)@(238.730179,0.000000)) SFPIOMgr:[sID(0)--IMG(0x0/0),RRZ(0xb400007e0e82e750/1),LCS(0xb400007e0e8167b0/1),LCSH(0x0/0),pRSS(0x0/0),cRSS(0x0/0),RSSR2(0x0/0),FYuv(0x0/0),RYuv1(0x0/0),RYuv2(0x0/0),mAIYuv(0x0/0),HalI(0xb400007dbe8106a0),AppI(0xb400007e2e816af8),AppDI(0xb400007dbe814d80),AppOver(0x0)]{path(GEN),halO(0xb400007e2e82fdb0),appO(0xb400007e2e81e770),Outs--[buf(0xb400007e0e82cfb0/1)(320x240),tran(0),type(1), tar(disp), prof(0), crop(238.730179,0.000000,1442.539673x1088.000000), flag(0x0)]Tuning--id(0)--[flag(5)]}
07-25 21:40:08.975  4539  4563 I mali_config: @get_buffer_dataspace_setting: update dataspace (0x10020000 -> 0x08020000)
07-25 21:40:08.977   723  5060 D isp_mgr_sl2: DIP_X_SL2H_RZ is (SL2_VRZ_COM, SL2_HRZ_COM) = (2138, 2150), (i4RzWidth, i4Width) = (1920, 2016), (i4RzHeight, i4Height) = (1088, 1136)
07-25 21:40:08.977   723  5060 D isp_mgr_sl2: profile is 1, DIP_X_SL2H_RZ is (0x085a0866)
07-25 21:40:08.977   723  5060 D ae_mgr  : [modifyAEPlineTableLimitation] i4SensorDev:1 Enable:0 1 Equivalent:1 1 IncreaseISO:100 100 IncreaseShutter: 100 100
07-25 21:40:08.977   723  5060 D isp_mgr_nr3d: NR3D_EN(1), SL2E_EN(1), x,y,w,h(0,0,1920,1088), full x,y,w,h(0,0,1920,1088),vipi offst(0) w,h(1920,1088), R2C en(1) cnt(3,3,3,3)
07-25 21:40:08.977   723  5060 D MtkCam/StreamingPipe/P2ANode: [enqueFeatureStream] P2S cam 0 MWFrame:#1 MWReq:#1, frame 2-2 :sensor(0) Frame 2 enque start
07-25 21:40:08.977   723  5055 D Iop/p2HPEQNode: [doEnque] sDrvScen:0, CQIdx:0, dupCQIdx:1, burstQIdx:0, RingBufIndex:1,  mTuningData ptr:780771492
07-25 21:40:08.978   723  5055 D PostProcPipe: [PrintPipePortInfo] vInPorts:FN(1),RN(1),TS(0xa22f1e10),UK(0xcc183a0),Sec(0),[0]:(0x2205),w(1920),h(1088),stride(3600,0,0),type(0),idx(19),dir(0),Size(0x003bc400,0x00000000,0x00000000),VA(0x7c8f4df000,0x0,0x0),PA(0x6100000,0x0,0x0),secPort(0),
07-25 21:40:08.978   723  5055 D PostProcPipe:                       vInPorts:FN(1),RN(1),TS(0xa22f1e10),UK(0xcc183a0),Sec(0),[1]:(0x32315659),w(1920),h(1088),stride(1920,960,960),type(0),idx(22),dir(0),Size(0x001fe000,0x0007f800,0x0007f800),VA(0x7c864cb000,0x7c866c9000,0x7c86748800),PA(0x9e00000,0x9ffe000,0xa07d800),secPort(0),
07-25 21:40:08.978   723  5055 D PostProcPipe:                       vInPorts:FN(1),RN(1),TS(0xa22f1e10),UK(0xcc183a0),Sec(0),[2]:(0x2401),w(200),h(112),stride(768,0,0),type(0),idx(26),dir(0),Size(0x00048000,0x00000000,0x00000000),VA(0x7cd76a5000,0x0,0x0),PA(0xd900000,0x0,0x0),secPort(0)
07-25 21:40:08.978   723  5055 D PostProcPipe: [PrintPipePortInfo] vOutPorts:FN(1),RN(1),TS(0xa22f1e10),UK(0xcc183a0),Sec(0),[0]:(0x32315659),w(1920),h(1088),stride(1920,960,960),type(0),idx(32),dir(1),Size(0x001fe000,0x0007f800,0x0007f800),VA(0x7c861cd000,0x7c863cb000,0x7c8644a800),PA(0xa100000,0xa2fe000,0xa37d800),secPort(0),
07-25 21:40:08.978   723  5055 D PostProcPipe:                       vOutPorts:FN(1),RN(1),TS(0xa22f1e10),UK(0xcc183a0),Sec(0),[1]:(0x11),w(320),h(240),stride(320,320,0),type(0),idx(38),dir(1),Size(0x00012c00,0x00009600,0x00000000),VA(0x7f773d4000,0x7f773e6c00,0x0),PA(0xd600000,0xd612c00,0x0),secPort(0)
07-25 21:40:08.978   723  5055 D PostProcPipe: [configPipe] [Imgi][crop_1](x,f_x,y,f_y)=(0,0,0,0),(w,f_w,h,f_h)=(0,0,0,0),(tarW,tarH)=(0,0)-
07-25 21:40:08.978   723  5055 D PostProcPipe:                     [crop_2](x,f_x,y,f_y)=(238,765648,0,0),(w,f_w,h,f_h)=(1442,565888,1088,0),(tarW,tarH)=(320,240)-
07-25 21:40:08.978   723  5055 D PostProcPipe:                     [crop_3](x,f_x,y,f_y)=(0,0,0,0),(w,f_w,h,f_h)=(0,0,0,0),(tarW,tarH)=(0,0),dupCqIdx(1),[vipi]ofst(0),rW/H(1920/1088)
07-25 21:40:08.978   723  5055 D PostProcPipe: ,                    isDipOnly(0), hwmodule(9/0), dipCQ/dup/burst(0/1/0), drvSc(0), isWtf(1),tdr_tpipe(0),en_yuv/yuv2/rgb/dma/fmt_sel/ctl_sel/misc (0x11e07df8/0xf0/0x1400f9/0x20e0f1/0x30480409/0x16040/0x10), tcm(0xa/0x9fd8e1e3/0xe807b3c), last(1), CRZ_EN(0), img3o ofset(0,0),userName(),PIX_ID(3),ImgBuf_PIX_ID(3),tv_sec(1784986809),tv_usec(10611)
07-25 21:40:08.978   723  5055 D iio/ifunc_dip: [ConfigDipPipe] moduleIdx(0), pDipWBuf(0xce8270d8), m_pIspDescript_phy(0x9106000), m_pIspDescript_vir(0x8a65b000), m_pIspVirRegAddr_pa(0x9107000), m_pIspVirRegAddr_va(0x8a65c000)
07-25 21:40:08.978   723  5056 D iio/ifunc_dip: [enable] thiscq(0), frameflag(0x0), ring_index(1), ref_ringbufidx(1)
07-25 21:40:08.978   723  5056 D MdpMgr  : [updateDpStreamMap] refObjectCqIdx:0, refObjectRingBufIdx:0,cqIdx:0,ringIdx:1,refringbufidx:1
07-25 21:40:08.978   723  5056 D MdpMgr  : [selectDpIspStream] [selectDpIspStream] cqIdx(0/1/0/1_0/1),sceID(0)
07-25 21:40:08.978   723  5056 D MdpMgr  : [_startMdp] dstFmt(657,4982892)
07-25 21:40:08.980   723  5056 D MdpMgr  : [_startMdp] +sceID(0),cqPa(0x9106000)-Va(0x7c8a65b000),tpipVa(0x7c8a164000)-Pa(0x9310000),isWaitB(1),cqIndx(0/1/0/1),venc(0),(va: 0x7c8a164000),        srcFt(0x2205),W(1920),H(1088),stride(3600,0),size(0x3bc400-0x0-0x0),VA(0x    ffff),PA(0x 6100000),plane(1),Stmtype(1)
07-25 21:40:08.980   723  5056 D MdpMgr  :         wdma_en(1),idx(0),cap(3),ft(17),rt(0),fp(0),(w,h,s)=(320,240,320),C(w,h,s)=(320,120,320),V(w,h,s)=(0,0,0),mdpidx(0),
07-25 21:40:08.980   723  5056 D MdpMgr  :         wrot_en(0),idx(1),cap(0),ft(0),rt(0),fp(0),(w,h,s)=(0,0,0),C(w,h,s)=(0,0,0),V(w,h,s)=(0,0,0),mdpidx(0),
07-25 21:40:08.980   723  5056 D MdpMgr  :         jpg_en(0),idx(2),cap(0),ft(0),rt(0),fp(0),(w,h,s)=(0,0,0),C(w,h,s)=(0,0,0),V(w,h,s)=(0,0,0),mdpidx(1),
07-25 21:40:08.980   723  5056 D MdpMgr  :         pipe_en(0),idx(3),cap(0),ft(0),rt(0),fp(0),(w,h,s)=(0,0,0),C(w,h,s)=(0,0,0),V(w,h,s)=(0,0,0),mdpidx(2),
07-25 21:40:08.980   723  5056 D MdpMgr  :         (va:0x7c8a164000,dstpa:0x9310000)
07-25 21:40:08.980   723  5056 D MdpMgr  : flag(0_0x0->0x0),startStm(1978 us),WDPQ(0x       0),WRPQ(0x       0),tv_sec(1784986809),tv_usec(10611)
07-25 21:40:08.980   723  5056 D Iop/p2HPEQNode: [doMdpStart] frameUnit.idxofwaitDQFrmPackList (0x5e812e78_0_0_1, 0_0_1_0)
07-25 21:40:08.980   723  5057 D MdpMgr  : [selectDpIspStream] [selectDpIspStream] cqIdx(0/1/0/1_0/1),sceID(0)
07-25 21:40:08.987   723  5057 D MdpMgr  : [_dequeueBuf] +,cqIndx(0/1/0/1),sceID(0),deqIndex(1),isWaitBuf(1),
07-25 21:40:08.987   723  5057 D MdpMgr  :         deqIndex(1), dequeTime(6612 us)
07-25 21:40:08.987   723  5057 D MdpMgr  : [selectDpIspStream] [selectDpIspStream] cqIdx(0/1/0/1_0/1),sceID(0)
07-25 21:40:08.987   723  5057 D MdpMgr  : [_dequeueBuf] +,cqIndx(0/1/0/1),sceID(0),deqIndex(0),isWaitBuf(1),
07-25 21:40:08.987   723  5057 D MdpMgr  :         deqIndex(0), dequeTime(21 us)
07-25 21:40:08.987   723  5057 D MdpMgr  : [selectDpIspStream] [selectDpIspStream] cqIdx(0/1/0/1_0/1),sceID(0)
07-25 21:40:08.987   723  5057 D MtkCam/StreamingPipe/P2ANode: [onDIPStreamBaseCB] P2S cam 0 MWFrame:#1 MWReq:#1, frame 2-2 :sensor(0) Frame 2 enque done in 9 ms, result = 1
07-25 21:40:08.987   723  5057 D Iop/p2HPDQNode: [doDeque] +,tag(2),idx(0),p2CQ(0/1/0/1),
07-25 21:40:08.987   723  5057 D Iop/p2HPDQNode:                          +,tag(1),idx(0),p2CQ(0/1),
07-25 21:40:08.987   723  5057 D Iop/p2HPDQNode:                          -,cb(163 us)
07-25 21:40:08.988   723  5061 D MtkCam/P2/MWFrame: [doRelease] P2S cam 0 MWFrame:#1 MWReq:#1, frame 2 : all streams(8), using(0), status: s0:d0:App:YCrCb_420_SP:0|HW_TEXTURE(1),Meta:App:Control(1),Hal:Image:P1:Resizeraw_main1(1),Hal:Image:STT_main1(1),Hal:Meta:P1:Dynamic_main1(1),Hal:Meta:P2:Dynamic(1),App:Meta:DynamicP1_main1(1),App:Meta:DynamicP2(1),
07-25 21:40:08.988   723  5025 D mtkcam-AppStreamMgr: [0-FrameHandler::updateResult] requestNo 1, real time:0, last partial:1
07-25 21:40:08.988   723  5025 D ULog    : R AppRequest:1 M[CameraDevice:187001] -  :mtkcam-AppStreamMgr #38211
07-25 21:40:08.988   723  5061 D mtkcam-pipeline: [onLastStrongRef] [ requestNo:1 frameNo:1 ] frame end
07-25 21:40:08.989   723  5061 D MtkCam/StreamingPipe/Timer: [print]Frame timer [#    2/   0][t  12][io   0][tof  0/  0][d  0/  0][mss  0/  0/  0/  0][a 11/  1/  9][tun  0/  0][msf  0/  0][vnr  0/  0/  0][am  0][b  0/  0][tpi(  0/  0)/(  0/  0)/(  0/  0)][vmdp_A  0/  0 vmdp_B  0/  0][h  1/  0/  0][e  0][r  0/  0][w_A  0/  0/  0/  0 w_B  0/  0/  0/  0][x  0][disp  0/  0][async  0/  0][p2sm  0/  0/  0][fps30.30/30.30/ 30/ 30]
07-25 21:40:08.997   723  5028 D HwIRQ3A : [wait] VSIrq
07-25 21:40:08.997   723  5052 D NormalPipe: [enqueRequest] +N:0 CurSof:6 enqCnt:4 cqCnt(p/v):4/4 FrameStatus(2)
07-25 21:40:08.997   723  5052 D NormalPipe: [configEnquePath] N:0 configFrame event:1 multiSenNum:2 occupy:0 status:1(2) fsm:0 depth:0
07-25 21:40:08.997   723  5028 D ae_mgr  : [AeMgr::setZoomWinInfo] New WinX:292 1431 New WinY:31 1073 Old WinX:292 1431 Old WinY:219 1073
07-25 21:40:08.997   723  5052 D NormalPipe: [dmaCfg] N:0 dma:x8 cmd:0x101a, crop:(0,0,2016,1136), outsize:(1920,1088)
07-25 21:40:08.997   723  5028 I MtkCam/P1NodeImp: [setRequest] [Cam::0 R6 S6 E5 D3 O3 #0] [P1::SET][Num Q:6 M:6 F:4 R:4 @0][Type:1 Out:x85 Rec:x0 Raw:1 Cap:0 Exe:1 Flush:x0] Num[6] Ctrl[1]=[ 6 ]
07-25 21:40:08.997   723  5052 D NormalPipe: [dmaCfg] N:0 dma:x6 cmd:0x101c, crop:(0,0,2016,1), outsize:(2016,1)
07-25 21:40:08.997   723  4812 E camiopipe: [vendor/mediatek/proprietary/hardware/mtkcam/drv/src/isp/mt6768/imageio/pipe/CamIOPipe/CamIOPipe.cpp, sendCommand, line3805] ERROR: [0x0]:NOT support command! (sendCommand){#3805:vendor/mediatek/proprietary/hardware/mtkcam/drv/src/isp/mt6768/imageio/pipe/CamIOPipe/CamIOPipe.cpp}
07-25 21:40:08.997   723  4812 E camiopipe: [vendor/mediatek/proprietary/hardware/mtkcam/drv/src/isp/mt6768/imageio/pipe/CamIOPipe/CamIOPipe.cpp, sendCommand, line3812] ERROR: [0x0]:sendCommand(0x1500) error! (sendCommand){#3812:vendor/mediatek/proprietary/hardware/mtkcam/drv/src/isp/mt6768/imageio/pipe/CamIOPipe/CamIOPipe.cpp}
07-25 21:40:08.997   723  4812 E NormalPipe: [vendor/mediatek/proprietary/hardware/mtkcam/drv/src/isp/mt6768/iopipe/CamIO/NormalPipe.cpp, sendCommand, line3773] ERROR: error: sendCommand fail: (cmd,arg1,arg2,arg3)=(0x00001500,0x7C9EA4FF40,0x7C9EA4FF44,0xB400007ECE81E3FC) (sendCommand){#3773:vendor/mediatek/proprietary/hardware/mtkcam/drv/src/isp/mt6768/iopipe/CamIO/NormalPipe.cpp}
07-25 21:40:08.997   723  5028 D aao_buf_mgr: [updateInfo] mMagicNumber(3), i4SubsampleCount(1)
07-25 21:40:08.997   723  4812 D Hal3Av3 : [parseMeta] Return to AP AE_REGIONS L(0) T(0) R(0) B(0) W(0)
07-25 21:40:08.997   723  4812 D Hal3Av3 : [parseMeta] Return to AP AF_REGIONS L(0) T(0) R(0) B(0) W(0)
07-25 21:40:08.997   723  4812 D Hal3Av3 : [parseMeta] Return to AP AWB_REGIONS L(0) T(0) R(0) B(0) W(0)
07-25 21:40:08.997   723  4812 D Hal3Av3 : [parseMeta] MTK_SENSOR_TEST_PATTERN_DATA(0, 0, 0, 0)
07-25 21:40:08.997   723  5052 D ifunc_cam_tuning: [update] [0x0]:CAM_TUNING_CTRL - EN:0x100e02e0 DMA:0x808001e8
07-25 21:40:08.997   723  4812 I MtkCam/P1NodeImp: [runQueue] [Cam::0 R6 S6 E5 D3 O3 #1] [P1::REQ][Num Q:7 M:0 F:5 R:5 @0][Type:1 Out:x85 Rec:x0 Raw:1 Cap:0 Exe:1 Flush:x0] [META ze:0 ci:3 rt:-1 tn:-1 qc:-1 fi:-1 fr:-1] [New-Request][0] [0] [IMGO:1 (-1,-1)] [Gp:255/0] IOmap-Img[1]=<0_I[0]{}_O[2]{0x100000003,0x100000004}>-Meta[1]=<0_I[2]{0x80000000,0x100000018}_O[2]{0x10000001b,0x100000024}> CfgStream-Img[OutIMG:0x100000001(0),OutRRZ:0x100000003(1),OutLCS:0x100000004(1)]-Meta[InAPP:0x80000000(1),InHAL:0x100000018(1),OutAPP:0x100000024(1),OutHAL:0x10000001b(1)]  | [PreSet][Key:7] Num(0) Dummy(0) MetaCnt[APP:66,HAL:17] | [Rev:0] depth(1) burst(1) Que[1]
07-25 21:40:08.997   723  5052 D LMVDrv  : [GetLMVStatusAndUpdate]Suspicous clear, driver may drop frame and now in new pipeline: magicNum(5)=bypass(0)
07-25 21:40:08.997   723  4812 D MtkCam/ppl_context: [sendFrameToRootNodes] r5 frameNo:5 (X) -> 0x1 success; erase record
07-25 21:40:08.997   723  5052 W LMVDrv  : [GetLMVStatusAndUpdate]Cannot find magicNum(0) in queue(0)
07-25 21:40:08.997   723  5052 D camiopipe: [sendCommand] [0x0]:[0]P1_UPDATE_CHECK CTL_EN(0x11bebee3) +[0_0]:0x11bebee3 [1_0]:0x11bebee3 [2_0]:0x11bebee3 -[0_0]:0x11bebee3 [1_0]:0x11bebee3 [2_0]:0x11bebee3 
07-25 21:40:08.998   723  5052 D NormalPipe: [frameToEnque] - sof(6)
07-25 21:40:08.998   723  5028 D AeFlowDefault: [monitorAndReschedule:Perframe AE] Calc:1 Apply:1 Magic:3 AEMonitorStable:0 VdCnt:0 u4CwvYcur:0 u4CwvYpre:0 
07-25 21:40:08.998   723  5052 D NormalPipe: [enqueRequest] -
07-25 21:40:08.998   723  5028 D ae_mgr  : [doPvAE()] AE config change (Skip AeAlgo once)
07-25 21:40:08.998   723  5028 D awb_mgr : [setIspAwbInfo()] m_eSensorDev: 1, awb_gain: 988/512/824, PreGain1: 512/512/512, RPG: 988/512/824, PGN: 988/512/824, bAWBLock: 0 (m_bAWBLock:0, m_u4AWBMode:1)
07-25 21:40:08.998   723  5028 D Task3APv: [run] getSensorParams: m_u4PreRealISO(750), u4RealISO(750), m_preAwbGain(988, 512, 824), rAwbInfo.gain(988, 512, 824)
07-25 21:40:08.998   723  5028 D isp_tuning_custom: [evaluate_Shading_Ratio] sensorid(1379), preSensorId(1379), eSensorMode(2), preSensorMode(2), isSensorOrModeSwitch(0), isInit(0)
07-25 21:40:08.998   723  5028 D isp_tuning_custom: [iso_smooth][ISO smooth enabled][ISO idx(3311)]avgISO = 750.
07-25 21:40:08.998   723  5028 D isp_tuning_custom: [RA_smooth][RA smooth][frm idx(3311)] rto for iso(21), prev_rto(21),RA_incremental_step(2), smoothed ratio(21)
07-25 21:40:08.998   723  5028 D paramctrl_per_frame: put ratio with m_eSensorDev(1), i4Rto(21)
07-25 21:40:08.998   723  5028 D paramctrl_per_frame: [updateLscInfo] (flash, iso, rto)=(0, 750, 21), auto(1), lock(0,0,0), dyn(1), op(0), PreCapFlashIsLockRto(0), fgForceUnlock(0)
07-25 21:40:08.998   723  5028 D Task3APv: [run] Cam 1 : Req(#6)/Stt(#3)/i4Opt(0)/FlashOnOff(0) Lv(8)/ISO(750)/RGB(988,512,824) AFisLockAE(0) isLVChangeTooMuch(0) m_i4FrameCount(4) m_i4TsfFrameCount(5)
07-25 21:40:08.999   723  5033 D MtkCam/BaseHeap: [IonHeap::helpFlushCacheIon] ctrl(0), num[0]: mID(0x24),size(24576),VA(0x7f77709000),PA(0x5300000)
07-25 21:40:08.999   723  5028 W TuningMgr: TuningMgr[updateEngine] WARNING: [temp log] AF enable(1_0x100e02e0_0x808001e8)
07-25 21:40:08.999   723  5028 D TuningMgr: TuningMgr[enqueBuffer] magicNum(0x6)
07-25 21:40:09.000   723  5028 I MtkCam/P1NodeImp: [setupAction] [Cam::0 R6 S6 E6 D3 O3 #1] [P1::ENQ][Num Q:6 M:6 F:4 R:4 @6][Type:1 Out:x85 Rec:x0 Raw:1 Cap:0 Exe:1 Flush:x0] [Exp:30003000ns] [MetaCtrl][SCALER_CROP(1) (0,0_2016x1512) ][SENSOR_CROP(0)][RESIZER_SET(0)]
07-25 21:40:09.000   723  4812 D mtkcam-dev3-utils: [-BufferHandleCache::importBuffer] bufferId 7: 0xb400007e2e81ac90 214 - 1st imported
07-25 21:40:09.000   723  4812 D ULog    : R AppRequest:6 M[CameraDevice:187001] +  :mtkcam-dev3 #38212
07-25 21:40:09.000   723  5028 D NormalPipe: [acceptEnqRequest] MyEnq:0: dma:0x8 pa(0x6D00000)io(0_0_2016_1136_1920_1088) mag(0x6)|dma:0x6 pa(0x4F00000)io(0_0_2016_1_2016_1) mag(0x6)|dma:0xf pa(0x9000600)io(0_0_256_1_256_1) mag(0x6)|dma:0xb pa(0x9D00000)io(0_0_384_384_384_384) mag(0x6)|
07-25 21:40:09.000   723  4812 D mtkcam-dev3-utils: [0-AppRequestUtil::createOneRequest] requestNumber[6]:StreamBuffer:0xb400007dbe822450 streamId:0 bufferId:7 buffer:0xb400007e2e81ac90 status:OK acquireFenceOp.hdl:0x0 releaseFenceOp.hdl:0x0 acquireFenceOp.fd:-1 releaseFenceOp.fd:-1 appBufferHandleHolder:0xb400007d8e83bda8 freeByOthers:0 / 
07-25 21:40:09.000   723  4812 D mtkcam-HDRPolicyHelper: [getSeamlessSmoothResult][Cam::0]frameType[3] requestAETargetMode=0 requestExpNum=0
07-25 21:40:09.001   723  4812 D MtkCam/ppl_context: [sendFrameToRootNodes] r6 frameNo:6 (X) -> 0x1 BUSY
07-25 21:40:09.002  2345  2453 D C2OMXNode: dhy...mOsdPos:,,mOsdText:
07-25 21:40:09.002   723  5080 D af_mgr_v3: #(    6,    4) UpdateStateContinuousMode Dev(1) LaunchCamTrigger EVENT_AE_IS_STABLE(3 + 3) - UnlockAlgo + TRIGGERAF lib_afmode(3)
07-25 21:40:09.002   723  5080 D af_mgr_v3: #(    6,    4) UnlockAlgo Dev(1): Lock(0), Pause(0)
07-25 21:40:09.002   723  5080 D af_mgr_v3: UnlockAlgo
07-25 21:40:09.002   723  5080 D af_mgr_v3: Force trigger searching [NeedLock(0) LatchROI(0) isAFSearch(0)]
07-25 21:40:09.002   723  5080 D AfAlgo  : down maxOffset=46 maxCompLevel=46, cutOffset=7, maxOffset=46 offset 0, level 4, cut offset 7, x/y/z/g=73/1041/-81/1046
07-25 21:40:09.002   723  5080 D AfAlgoC : [HB] DafIO in: mode 0(in:0), (PD,LD,SD) cus(1,0,0) input(0,0,0) Que -1
07-25 21:40:09.002   723  5080 E AfAlgo  : Err:  6195: [AdpComp]Adaptive input error!! 
07-25 21:40:09.002   723  5080 E AfAlgo  : Err:  6279: [AdpComp]Adaptive input error
07-25 21:40:09.002   723  5080 D af_mgr_v3: #(    6,    4) doAF Dev(1) isAFSearch changed : 0 -> 4
07-25 21:40:09.003   723  5080 D LensDrv : [setMCUParam] Dev(1) , ioctl - mcuIOC_S_SETPARA, error Operation not permitted
07-25 21:40:09.003   723  5080 D af_mgr_v3: #(    6,    4) doAF Dev(1) checkSendCallback: m_bNeedSendCallback(0), AfterAutoMode(0), Searching(4), PDCL(0, 101), ISO(750, 0), FPS(29, 0)
07-25 21:40:09.003   723  5080 D af_mgr_v3: #(    6,    4) doAF Dev(1): [Status] IsAFSearch(0->4), IsSelHWROI(0->1), ROISel(4), Event(0x100)
07-25 21:40:09.003   723  5080 D TaskAFNormal: [run] Cam 1 : Req(#6)/Stt(#4)/i4Opt(0)/FlashOnOff(0)
07-25 21:40:09.005   723  5053 D SecMgr  : [SecMgr_GetSecurePortStatus] + (0x0x0)module:0x0 dma port:rrzo
07-25 21:40:09.005   723  5053 D SecMgr  : [SecMgr_GetSecurePortStatus] (0x0)DMA port (0x1) is not supported
07-25 21:40:09.005   723  5053 D ifunc_cam_buf: [waitBufReady] [0x0]:, [0x6500000] waitbufready pass
07-25 21:40:09.005   723  5053 D ifunc_cam_buf: [dequeueHwBuf] [0x0]:BUF_CTRL_RRZO:(0xd_0x0),PA(0x6500000_0xBC00980),FH_VA(0x7F775C3980),size(0x3bc400),cur sof(0),
07-25 21:40:09.005   723  5053 D SecMgr  : [SecMgr_GetSecurePortStatus] + (0x0x0)module:0x0 dma port:imgo
07-25 21:40:09.005   723  5053 D SecMgr  : [SecMgr_GetSecurePortStatus] (0x0)DMA port (0x0) is not supported
07-25 21:40:09.005   723  5053 D SecMgr  : [SecMgr_GetSecurePortStatus] + (0x0x0)module:0x0 dma port:
07-25 21:40:09.005   723  5053 D SecMgr  : [SecMgr_GetSecurePortStatus] + (0x0x0)module:0x0 dma port:lcso
07-25 21:40:09.005   723  5053 D NormalPipe: [ispDequeThread] N:0_deq@SOF_6
07-25 21:40:09.005   723  5044 D NormalPipe: [deque] MyDeq:0: dma:0x6 pa(0x4F013C0) io(0_0_1_0_0_0_2016_1_2016_1) mag(0x4)|dma:0x8 pa(0x6500000) io(0_0_2016_1136_0_0_1920_1088_1920_1088) mag(0x4)|dma:0xb pa(0xDD00000) io(0_0_0_0_0_0_0_0_0_0) mag(0x4)|dma:0xf pa(0x9000400) io(0_0_0_0_0_0_0_0_0_0) mag(0x4)|
07-25 21:40:09.005   723  5053 D SecMgr  : [SecMgr_GetSecurePortStatus] + (0x0x0)module:0x0 dma port:rrzo
07-25 21:40:09.005   723  5053 D SecMgr  : [SecMgr_GetSecurePortStatus] (0x0)DMA port (0x1) is not supported
07-25 21:40:09.006   723  5044 W fsc_hal : [processResult]image_scale_output.image_scale == 0
07-25 21:40:09.006   723  5044 D fsc_hal : [processResult]P magic(4) dac(0) ET(30003) EIS(0), CB magic(4), factor(1.000000), sensor(2016,1136), RRZO: c(0,0,2016,1136) s(1920,1088) f(0.000000,0.000000,1920.000000,1088.000000),RSSO: s(0,0), f(0.000000,0.000000,0.000000,0.000000)
07-25 21:40:09.006   723  5044 D MtkCam/HalSensorList: [querySecureState] Secure State is 0
07-25 21:40:09.006   723  5044 D MtkCam/HalSensor: [destroyInstance] HalSensor destroyInstance count = 6, caller =MtkCam/P1NodeUtility
07-25 21:40:09.006   723  5044 D MtkCam/BaseHeap: [IonHeap::unlockBufLocked] Hal:Image:P1:Fullraw_main1:Size2016x1:Stride2520.0.0:Sn3@ still locked (2)
07-25 21:40:09.006   723  5044 I MtkCam/P1NodeImp: [releaseAction] [Cam::0 R6 S6 E6 D4 O3 #1] [P1::DEQ][Num Q:4 M:4 F:2 R:2 @4][Type:1 Out:x85 Rec:x0 Raw:1 Cap:0 Exe:3 Flush:x0] job(0/1) IMG(pure) RRZ0(0-0-2016x1136)(0-0-1920x1088)(1920x1088) T-ns(EXP: 30003000)(Src:0)(SOF: m_947675084000 b_947675078000)(SS: 947645081000) ExpExtend(0, 0)Q(SensorTs
07-25 21:40:09.006   560   560 I BufferQueueProducer: [com.android.mycamera/com.android.mycamera.ui.activity.MainActivity#0](this:0xb4000077bbf9ce78,id:-1,api:0,p:-1,c:560) queueBuffer: fps=17.55 dur=1367.59 max=413.32 min=16.66
07-25 21:40:09.007  4539  4539 W Choreographer: Frame time is 0.119358  now = 947685088902  timestampNanos = 947685208260 ms in the future!  Check that graphics HAL is generating vsync timestamps using the correct timebase.
07-25 21:40:09.007   723  5047 I MtkCam/P1NodeImp: [releaseFrame] [Cam::0 R6 S6 E6 D4 O4 #1] [P1::OUT][Num Q:4 M:4 F:2 R:2 @4][Type:1 Out:x85 Rec:x0 Raw:1 Cap:0 Exe:3 Flush:x0] [Release-0] [DispatchFrame]
07-25 21:40:09.007   723  5047 D MtkCam/ppl_context: [onDispatchFrame] r2 frameNo:2 0x1 -> 0x15 READY(1/1)
07-25 21:40:09.007   723  5047 D MtkCam/P2/MWFrameRequest: [printIOMap] P2S cam 0 MWFrame:#2 MWReq:#2, frame 3 : iomap: [0]=>img[2/1], meta[3/2], fps[29.85]
07-25 21:40:09.008   723  5062 D MtkCam/P2/StreamingProcessor: [makePayLoad] P2S cam 0 MWFrame:#2 MWReq:#2, frame 3-0 : masterID(0) #Requests(1) merged into #RequestsPacks(1), PendingPayload(1), p1Ts=0000947647581000
07-25 21:40:09.008   723  5062 D MtkCam/StreamingPipe/Data: [calNonLargeSrcCrop]sID(0), imgoIn(0), srcCrop(0,0,1920x1088), isSrcCrop(0), mP2Pack Valid(1), imgo(0x0),rrz(1920x1088)
07-25 21:40:09.008   723  5062 D MtkCam/StreamingPipe/Pipe: [prepareIORequest]P2S cam 0 MWFrame:#2 MWReq:#2, frame 3-3  master/slave/fd(0/-1/0) ReqNo(3), feature=0x8008(3DNR+FSC), cycle(33), fps(n/a)=(30/30), ZoomROI((1442.539673x1088.000000)@(238.730179,0.000000)) SFPIOMgr:[sID(0)--IMG(0x0/0),RRZ(0xb400007e0e814170/1),LCS(0xb400007e0e836790/1),LCSH(0x0/0),pRSS(0x0/0),cRSS(0x0/0),RSSR2(0x0/0),FYuv(0x0/0),RYuv1(0x0/0),RYuv2(0x0/0),mAIYuv(0x0/0),HalI(0xb400007dbe8143e0),AppI(0xb400007e2e8253b8),AppDI(0xb400007dbe819d20),AppOver(0x0)]{path(GEN),halO(0xb400007e2e8341f0),appO(0xb400007e2e82c770),Outs--[buf(0xb400007e0e81c630/1)(320x240),tran(0),type(1), tar(disp), prof(0), crop(238.730179,0.000000,1442.539673x1088.000000), flag(0x0)]Tuning--id(0)--[flag(5)]}
07-25 21:40:09.009   723  5060 D ae_mgr  : [AeMgr::setZoomWinInfo] New WinX:292 1431 New WinY:219 1073 Old WinX:292 1431 Old WinY:31 1073
07-25 21:40:09.009  4539  4563 I mali_config: @get_buffer_dataspace_setting: update dataspace (0x10020000 -> 0x08020000)
07-25 21:40:09.010   723  5060 D isp_mgr_sl2: DIP_X_SL2H_RZ is (SL2_VRZ_COM, SL2_HRZ_COM) = (2138, 2150), (i4RzWidth, i4Width) = (1920, 2016), (i4RzHeight, i4Height) = (1088, 1136)
07-25 21:40:09.010   723  5060 D isp_mgr_sl2: profile is 1, DIP_X_SL2H_RZ is (0x085a0866)
07-25 21:40:09.010   723  5060 D isp_mgr_nr3d: NR3D_EN(1), SL2E_EN(1), x,y,w,h(0,0,1920,1088), full x,y,w,h(0,0,1920,1088),vipi offst(0) w,h(1920,1088), R2C en(1) cnt(0,4,4,4)
07-25 21:40:09.010   723  5060 D MtkCam/StreamingPipe/P2ANode: [enqueFeatureStream] P2S cam 0 MWFrame:#2 MWReq:#2, frame 3-3 :sensor(0) Frame 3 enque start
07-25 21:40:09.010   723  5055 D Iop/p2HPEQNode: [doEnque] sDrvScen:0, CQIdx:0, dupCQIdx:0, burstQIdx:0, RingBufIndex:2,  mTuningData ptr:780587172
07-25 21:40:09.011   723  5055 D PostProcPipe: [PrintPipePortInfo] vInPorts:FN(2),RN(2),TS(0xa4328b48),UK(0xcc183a0),Sec(0),[0]:(0x2205),w(1920),h(1088),stride(3600,0,0),type(0),idx(19),dir(0),Size(0x003bc400,0x00000000,0x00000000),VA(0x7c8f122000,0x0,0x0),PA(0x6500000,0x0,0x0),secPort(0),
07-25 21:40:09.011   723  5055 D PostProcPipe:                       vInPorts:FN(2),RN(2),TS(0xa4328b48),UK(0xcc183a0),Sec(0),[1]:(0x32315659),w(1920),h(1088),stride(1920,960,960),type(0),idx(22),dir(0),Size(0x001fe000,0x0007f800,0x0007f800),VA(0x7c861cd000,0x7c863cb000,0x7c8644a800),PA(0xa100000,0xa2fe000,0xa37d800),secPort(0),
07-25 21:40:09.011   723  5055 D PostProcPipe:                       vInPorts:FN(2),RN(2),TS(0xa4328b48),UK(0xcc183a0),Sec(0),[2]:(0x2401),w(200),h(112),stride(768,0,0),type(0),idx(26),dir(0),Size(0x00048000,0x00000000,0x00000000),VA(0x7cd7607000,0x0,0x0),PA(0xdd00000,0x0,0x0),secPort(0)
07-25 21:40:09.011   723  5055 D PostProcPipe: [PrintPipePortInfo] vOutPorts:FN(2),RN(2),TS(0xa4328b48),UK(0xcc183a0),Sec(0),[0]:(0x32315659),w(1920),h(1088),stride(1920,960,960),type(0),idx(32),dir(1),Size(0x001fe000,0x0007f800,0x0007f800),VA(0x7c72b2d000,0x7c72d2b000,0x7c72daa800),PA(0xa400000,0xa5fe000,0xa67d800),secPort(0),
07-25 21:40:09.011   723  5055 D PostProcPipe:                       vOutPorts:FN(2),RN(2),TS(0xa4328b48),UK(0xcc183a0),Sec(0),[1]:(0x11),w(320),h(240),stride(320,320,0),type(0),idx(38),dir(1),Size(0x00012c00,0x00009600,0x00000000),VA(0x7f77381000,0x7f77393c00,0x0),PA(0xd700000,0xd712c00,0x0),secPort(0)
07-25 21:40:09.011   723  5055 D PostProcPipe: [configPipe] [Imgi][crop_1](x,f_x,y,f_y)=(0,0,0,0),(w,f_w,h,f_h)=(0,0,0,0),(tarW,tarH)=(0,0)-
07-25 21:40:09.011   723  5055 D PostProcPipe:                     [crop_2](x,f_x,y,f_y)=(238,765648,0,0),(w,f_w,h,f_h)=(1442,565888,1088,0),(tarW,tarH)=(320,240)-
07-25 21:40:09.011   723  5055 D PostProcPipe:                     [crop_3](x,f_x,y,f_y)=(0,0,0,0),(w,f_w,h,f_h)=(0,0,0,0),(tarW,tarH)=(0,0),dupCqIdx(0),[vipi]ofst(0),rW/H(1920/1088)
07-25 21:40:09.011   723  5055 D PostProcPipe: ,                    isDipOnly(0), hwmodule(9/0), dipCQ/dup/burst(0/0/0), drvSc(0), isWtf(1),tdr_tpipe(0),en_yuv/yuv2/rgb/dma/fmt_sel/ctl_sel/misc (0x11e07df8/0xf0/0x1400f9/0x20e0f1/0x30480409/0x16040/0x10), tcm(0xa/0x9fd8e1e3/0xe807b3c), last(1), CRZ_EN(0), img3o ofset(0,0),userName(),PIX_ID(3),ImgBuf_PIX_ID(3),tv_sec(1784986809),tv_usec(43671)
07-25 21:40:09.011   723  5055 D iio/ifunc_dip: [ConfigDipPipe] moduleIdx(0), pDipWBuf(0xce827130), m_pIspDescript_phy(0x910c000), m_pIspDescript_vir(0x8a661000), m_pIspVirRegAddr_pa(0x910d000), m_pIspVirRegAddr_va(0x8a662000)
07-25 21:40:09.011   723  5056 D iio/ifunc_dip: [enable] thiscq(0), frameflag(0x1), ring_index(2), ref_ringbufidx(1)
07-25 21:40:09.011   560   560 I BufferQueueProducer: [VDS-anlink SCRATCH](this:0xb40000777c0b96b0,id:-1,api:1,p:560,c:560) queueBuffer: fps=15.55 dur=1093.41 max=412.83 min=14.45
07-25 21:40:09.011   723  5056 D MdpMgr  : [updateDpStreamMap] refObjectCqIdx:0, refObjectRingBufIdx:1,cqIdx:0,ringIdx:2,refringbufidx:1
07-25 21:40:09.011   723  5056 D MdpMgr  : [selectDpIspStream] [selectDpIspStream] cqIdx(0/0/0/2_0/1),sceID(0)
07-25 21:40:09.011   723  5056 D MdpMgr  : [_startMdp] dstFmt(657,4982892)
07-25 21:40:09.012   723  5056 D MdpMgr  : [_startMdp] +sceID(0),cqPa(0x910c000)-Va(0x7c8a661000),tpipVa(0x7c8a164000)-Pa(0x9310000),isWaitB(1),cqIndx(0/0/0/2),venc(0),(va: 0x7c8a164000),        srcFt(0x2205),W(1920),H(1088),stride(3600,0),size(0x3bc400-0x0-0x0),VA(0x    ffff),PA(0x 6500000),plane(1),Stmtype(1)
07-25 21:40:09.012   723  5056 D MdpMgr  :         wdma_en(1),idx(0),cap(3),ft(17),rt(0),fp(0),(w,h,s)=(320,240,320),C(w,h,s)=(320,120,320),V(w,h,s)=(0,0,0),mdpidx(0),
07-25 21:40:09.012   723  5056 D MdpMgr  :         wrot_en(0),idx(1),cap(0),ft(0),rt(0),fp(0),(w,h,s)=(0,0,0),C(w,h,s)=(0,0,0),V(w,h,s)=(0,0,0),mdpidx(0),
07-25 21:40:09.012   723  5056 D MdpMgr  :         jpg_en(0),idx(2),cap(0),ft(0),rt(0),fp(0),(w,h,s)=(0,0,0),C(w,h,s)=(0,0,0),V(w,h,s)=(0,0,0),mdpidx(1),
07-25 21:40:09.012   723  5056 D MdpMgr  :         pipe_en(0),idx(3),cap(0),ft(0),rt(0),fp(0),(w,h,s)=(0,0,0),C(w,h,s)=(0,0,0),V(w,h,s)=(0,0,0),mdpidx(2),
07-25 21:40:09.012   723  5056 D MdpMgr  :         (va:0x7c8a164000,dstpa:0x9310000)
07-25 21:40:09.012   723  5056 D MdpMgr  : flag(0_0x1->0x1),startStm(622 us),WDPQ(0x       0),WRPQ(0x       0),tv_sec(1784986809),tv_usec(43671)
07-25 21:40:09.012   723  5056 D Iop/p2HPEQNode: [doMdpStart] frameUnit.idxofwaitDQFrmPackList (0x5e812e78_0_0_0, 0_0_1_0)
07-25 21:40:09.012   723  5057 D MdpMgr  : [selectDpIspStream] [selectDpIspStream] cqIdx(0/0/0/2_0/1),sceID(0)
07-25 21:40:09.012   531   679 I hwcomposer: [HWCDisplay] [Display_2 (type:2)] fps:15.553533,dur:1093.00,max:412.99,min:14.29  
07-25 21:40:09.013   531  2449 E [GrallocExtra-ERROR]: gralloc_extra_query:105 gralloc_extra_query with NULL handle: 0x0
07-25 21:40:09.013  2345  2403 D C2OMXNode: dhy...mOsdPos:,,mOsdText:
07-25 21:40:09.014   560   560 I BufferQueueProducer: [VDS-anlink SINK](this:0xb40000777c0b9620,id:-1,api:1,p:560,c:560) queueBuffer: fps=15.37 dur=1041.03 max=413.14 min=14.83
07-25 21:40:09.014   531   679 I hwcomposer: [HWCDisplay] [Display_0 (type:1)] fps:15.379073,dur:1040.37,max:413.20,min:14.51  
07-25 21:40:09.015   531   765 D hwcomposer: (0:0) Layer+ (mva=0x0/sec=0/prot=0/alpha=0:0xff/blend=0001/dim=0/fmt=2820/range=1(20000000)/x=0 y=0 w=228 h=460 s=240,460 -> x=0 y=0 w=228 h=460/layer_type=0 ext_layer=-1 ds=0 fbdc=0) =
07-25 21:40:09.015   531   765 D hwcomposer: (0:1) Layer+ (mva=0x0/sec=0/prot=0/alpha=1:0xff/blend=0002/dim=0/fmt=4868/range=1(20000000)/x=0 y=0 w=228 h=23 s=240,23 -> x=0 y=0 w=228 h=23/layer_type=0 ext_layer=-1 ds=0 fbdc=0) =
07-25 21:40:09.015   531   765 D hwcomposer: (0:2) Layer+ (mva=0x0/sec=0/prot=0/alpha=1:0xff/blend=0002/dim=0/fmt=4868/range=1(20000000)/x=0 y=0 w=228 h=23 s=240,23 -> x=0 y=437 w=228 h=23/layer_type=0 ext_layer=-1 ds=0 fbdc=0) =
07-25 21:40:09.019   723  5057 D MdpMgr  : [_dequeueBuf] +,cqIndx(0/0/0/2),sceID(0),deqIndex(1),isWaitBuf(1),
07-25 21:40:09.019   723  5057 D MdpMgr  :         deqIndex(1), dequeTime(6683 us)
07-25 21:40:09.019   723  5057 D MdpMgr  : [selectDpIspStream] [selectDpIspStream] cqIdx(0/0/0/2_0/1),sceID(0)
07-25 21:40:09.019   723  5057 D MdpMgr  : [_dequeueBuf] +,cqIndx(0/0/0/2),sceID(0),deqIndex(0),isWaitBuf(1),
07-25 21:40:09.019   723  5057 D MdpMgr  :         deqIndex(0), dequeTime(21 us)
07-25 21:40:09.019   723  5057 D MdpMgr  : [selectDpIspStream] [selectDpIspStream] cqIdx(0/0/0/2_0/1),sceID(0)
07-25 21:40:09.019   723  5057 D MtkCam/StreamingPipe/P2ANode: [onDIPStreamBaseCB] P2S cam 0 MWFrame:#2 MWReq:#2, frame 3-3 :sensor(0) Frame 3 enque done in 8 ms, result = 1
07-25 21:40:09.019   723  5057 D Iop/p2HPDQNode: [doDeque] +,tag(2),idx(0),p2CQ(0/0/0/2),
07-25 21:40:09.019   723  5057 D Iop/p2HPDQNode:                          +,tag(1),idx(0),p2CQ(0/0),
07-25 21:40:09.019   723  5057 D Iop/p2HPDQNode:                          -,cb(127 us)
07-25 21:40:09.020   723  5061 D MtkCam/P2/MWFrame: [doRelease] P2S cam 0 MWFrame:#2 MWReq:#2, frame 3 : all streams(8), using(0), status: s0:d0:App:YCrCb_420_SP:0|HW_TEXTURE(1),Meta:App:Control(1),Hal:Image:P1:Resizeraw_main1(1),Hal:Image:STT_main1(1),Hal:Meta:P1:Dynamic_main1(1),Hal:Meta:P2:Dynamic(1),App:Meta:DynamicP1_main1(1),App:Meta:DynamicP2(1),
07-25 21:40:09.020   723  5025 D mtkcam-AppStreamMgr: [0-FrameHandler::updateResult] requestNo 2, real time:0, last partial:1
07-25 21:40:09.020   723  5061 D mtkcam-pipeline: [onLastStrongRef] [ requestNo:2 frameNo:2 ] frame end
07-25 21:40:09.020   723  5025 D ULog    : R AppRequest:2 M[CameraDevice:187001] -  :mtkcam-AppStreamMgr #38213
07-25 21:40:09.020   723  5061 D MtkCam/StreamingPipe/Timer: [print]Frame timer [#    3/   0][t  10][io   0][tof  0/  0][d  0/  0][mss  0/  0/  0/  0][a  9/  1/  8][tun  0/  0][msf  0/  0][vnr  0/  0/  0][am  0][b  0/  0][tpi(  0/  0)/(  0/  0)/(  0/  0)][vmdp_A  0/  0 vmdp_B  0/  0][h  0/  0/  0][e  0][r  0/  0][w_A  0/  0/  0/  0 w_B  0/  0/  0/  0][x  0][disp  0/  0][async  0/  0][p2sm  0/  0/  0][fps30.77/30.77/ 30/ 30]
07-25 21:40:09.026  4539  4563 I mali_config: @get_buffer_dataspace_setting: update dataspace (0x10020000 -> 0x08020000)
07-25 21:40:09.030   723  5052 D NormalPipe: [enqueRequest] +N:0 CurSof:7 enqCnt:5 cqCnt(p/v):5/5 FrameStatus(2)
07-25 21:40:09.030   723  5028 D HwIRQ3A : [wait] VSIrq
07-25 21:40:09.030   723  5052 D NormalPipe: [configEnquePath] N:0 configFrame event:1 multiSenNum:2 occupy:0 status:1(2) fsm:0 depth:0
07-25 21:40:09.031   723  5052 D NormalPipe: [dmaCfg] N:0 dma:x8 cmd:0x101a, crop:(0,0,2016,1136), outsize:(1920,1088)
07-25 21:40:09.031   723  5028 I MtkCam/P1NodeImp: [setRequest] [Cam::0 R7 S7 E6 D4 O4 #0] [P1::SET][Num Q:7 M:7 F:5 R:5 @0][Type:1 Out:x85 Rec:x0 Raw:1 Cap:0 Exe:1 Flush:x0] Num[7] Ctrl[1]=[ 7 ]
07-25 21:40:09.031   723  5028 D aao_buf_mgr: [updateInfo] mMagicNumber(4), i4SubsampleCount(1)
07-25 21:40:09.031   723  5052 D NormalPipe: [dmaCfg] N:0 dma:x6 cmd:0x101c, crop:(0,0,2016,1), outsize:(2016,1)
07-25 21:40:09.031   723  4812 E camiopipe: [vendor/mediatek/proprietary/hardware/mtkcam/drv/src/isp/mt6768/imageio/pipe/CamIOPipe/CamIOPipe.cpp, sendCommand, line3805] ERROR: [0x0]:NOT support command! (sendCommand){#3805:vendor/mediatek/proprietary/hardware/mtkcam/drv/src/isp/mt6768/imageio/pipe/CamIOPipe/CamIOPipe.cpp}
07-25 21:40:09.031   723  4812 E camiopipe: [vendor/mediatek/proprietary/hardware/mtkcam/drv/src/isp/mt6768/imageio/pipe/CamIOPipe/CamIOPipe.cpp, sendCommand, line3812] ERROR: [0x0]:sendCommand(0x1500) error! (sendCommand){#3812:vendor/mediatek/proprietary/hardware/mtkcam/drv/src/isp/mt6768/imageio/pipe/CamIOPipe/CamIOPipe.cpp}
07-25 21:40:09.031   723  4812 E NormalPipe: [vendor/mediatek/proprietary/hardware/mtkcam/drv/src/isp/mt6768/iopipe/CamIO/NormalPipe.cpp, sendCommand, line3773] ERROR: error: sendCommand fail: (cmd,arg1,arg2,arg3)=(0x00001500,0x7C9EA4FF40,0x7C9EA4FF44,0xB400007ECE8315EC) (sendCommand){#3773:vendor/mediatek/proprietary/hardware/mtkcam/drv/src/isp/mt6768/iopipe/CamIO/NormalPipe.cpp}
07-25 21:40:09.031   723  4812 D Hal3Av3 : [parseMeta] Return to AP AE_REGIONS L(0) T(0) R(0) B(0) W(0)
07-25 21:40:09.031   723  4812 D Hal3Av3 : [parseMeta] Return to AP AF_REGIONS L(0) T(0) R(0) B(0) W(0)
07-25 21:40:09.031   723  4812 D Hal3Av3 : [parseMeta] Return to AP AWB_REGIONS L(0) T(0) R(0) B(0) W(0)
07-25 21:40:09.031   723  5028 D ae_mgr  : [AeMgr::setAFAELock] m_bAFAELock: 0 -> 1
07-25 21:40:09.031   723  4812 D Hal3Av3 : [parseMeta] MTK_SENSOR_TEST_PATTERN_DATA(0, 0, 0, 0)
07-25 21:40:09.031   723  5028 D ae_mgr  : [AeMgr::setAELock] m_bAELock: 0 m_bAPAELock:0 m_bAFAELock:1 AEState:2 0
07-25 21:40:09.031   723  5052 D ifunc_cam_tuning: [update] [0x0]:CAM_TUNING_CTRL - EN:0x100e02e0 DMA:0x808001e8
07-25 21:40:09.031   723  4812 I MtkCam/P1NodeImp: [runQueue] [Cam::0 R7 S7 E6 D4 O4 #1] [P1::REQ][Num Q:8 M:0 F:6 R:6 @0][Type:1 Out:x85 Rec:x0 Raw:1 Cap:0 Exe:1 Flush:x0] [META ze:0 ci:3 rt:-1 tn:-1 qc:-1 fi:-1 fr:-1] [New-Request][0] [0] [IMGO:1 (-1,-1)] [Gp:255/0] IOmap-Img[1]=<0_I[0]{}_O[2]{0x100000003,0x100000004}>-Meta[1]=<0_I[2]{0x80000000,0x100000018}_O[2]{0x10000001b,0x100000024}> CfgStream-Img[OutIMG:0x100000001(0),OutRRZ:0x100000003(1),OutLCS:0x100000004(1)]-Meta[InAPP:0x80000000(1),InHAL:0x100000018(1),OutAPP:0x100000024(1),OutHAL:0x10000001b(1)]  | [PreSet][Key:8] Num(0) Dummy(0) MetaCnt[APP:66,HAL:17] | [Rev:0] depth(1) burst(1) Que[1]
07-25 21:40:09.031   723  4812 D MtkCam/ppl_context: [sendFrameToRootNodes] r6 frameNo:6 (X) -> 0x1 success; erase record
07-25 21:40:09.031   723  5052 D LMVDrv  : [GetLMVStatusAndUpdate]Suspicous clear, driver may drop frame and now in new pipeline: magicNum(6)=bypass(0)
07-25 21:40:09.031   723  5052 W LMVDrv  : [GetLMVStatusAndUpdate]Cannot find magicNum(0) in queue(0)
07-25 21:40:09.031   723  5052 D camiopipe: [sendCommand] [0x0]:[1]P1_UPDATE_CHECK CTL_EN(0x11bebee3) +[0_0]:0x11bebee3 [1_0]:0x11bebee3 [2_0]:0x11bebee3 -[0_0]:0x11bebee3 [1_0]:0x11bebee3 [2_0]:0x11bebee3 
07-25 21:40:09.031   723  5052 D NormalPipe: [frameToEnque] - sof(7)
07-25 21:40:09.031   723  5052 D NormalPipe: [enqueRequest] -
07-25 21:40:09.032   723  5028 D AeFlowDefault: [monitorAndReschedule:Perframe AE] Calc:1 Apply:1 Magic:4 AEMonitorStable:0 VdCnt:0 u4CwvYcur:0 u4CwvYpre:0 
07-25 21:40:09.032   723  5028 D ae_mgr  : [doPvAE()] AE config change (Skip AeAlgo once)
07-25 21:40:09.032   723  5028 D awb_mgr : [setIspAwbInfo()] m_eSensorDev: 1, awb_gain: 988/512/824, PreGain1: 512/512/512, RPG: 988/512/824, PGN: 988/512/824, bAWBLock: 0 (m_bAWBLock:0, m_u4AWBMode:1)
07-25 21:40:09.032   723  5028 D Task3APv: [run] getSensorParams: m_u4PreRealISO(750), u4RealISO(750), m_preAwbGain(988, 512, 824), rAwbInfo.gain(988, 512, 824)
07-25 21:40:09.032   723  5028 D isp_tuning_custom: [evaluate_Shading_Ratio] sensorid(1379), preSensorId(1379), eSensorMode(2), preSensorMode(2), isSensorOrModeSwitch(0), isInit(0)
07-25 21:40:09.032   723  5028 D isp_tuning_custom: [iso_smooth][ISO smooth enabled][ISO idx(3312)]avgISO = 750.
07-25 21:40:09.032   723  5028 D isp_tuning_custom: [RA_smooth][RA smooth][frm idx(3312)] rto for iso(21), prev_rto(21),RA_incremental_step(2), smoothed ratio(21)
07-25 21:40:09.032   723  5028 D paramctrl_per_frame: put ratio with m_eSensorDev(1), i4Rto(21)
07-25 21:40:09.032   723  4812 D ULog    : R AppRequest:7 M[CameraDevice:187001] +  :mtkcam-dev3 #38214
07-25 21:40:09.032   723  5028 D paramctrl_per_frame: [updateLscInfo] (flash, iso, rto)=(0, 750, 21), auto(1), lock(0,0,0), dyn(1), op(0), PreCapFlashIsLockRto(0), fgForceUnlock(0)
07-25 21:40:09.032   723  5028 D Task3APv: [run] Cam 1 : Req(#7)/Stt(#4)/i4Opt(0)/FlashOnOff(0) Lv(8)/ISO(750)/RGB(988,512,824) AFisLockAE(1) isLVChangeTooMuch(0) m_i4FrameCount(5) m_i4TsfFrameCount(6)
07-25 21:40:09.032   723  4812 D mtkcam-dev3-utils: [0-AppRequestUtil::createOneRequest] requestNumber[7]:StreamBuffer:0xb400007dbe822450 streamId:0 bufferId:1 buffer:0xb400007e2e818450 status:OK acquireFenceOp.hdl:0x7cde6082f0 releaseFenceOp.hdl:0x0 acquireFenceOp.fd:-1 releaseFenceOp.fd:-1 appBufferHandleHolder:0xb400007d8e857928 freeByOthers:0 / 
07-25 21:40:09.033   723  5028 W TuningMgr: TuningMgr[updateEngine] WARNING: [temp log] AF enable(1_0x100e02e0_0x808001e8)
07-25 21:40:09.033   723  4812 D mtkcam-HDRPolicyHelper: [getSeamlessSmoothResult][Cam::0]frameType[3] requestAETargetMode=0 requestExpNum=0
07-25 21:40:09.033   723  5028 D TuningMgr: TuningMgr[enqueBuffer] magicNum(0x7)
07-25 21:40:09.033   723  4812 D MtkCam/ppl_context: [sendFrameToRootNodes] r7 frameNo:7 (X) -> 0x1 BUSY
07-25 21:40:09.034   723  5028 I MtkCam/P1NodeImp: [setupAction] [Cam::0 R7 S7 E7 D4 O4 #1] [P1::ENQ][Num Q:7 M:7 F:5 R:5 @7][Type:1 Out:x85 Rec:x0 Raw:1 Cap:0 Exe:1 Flush:x0] [Exp:30003000ns] [MetaCtrl][SCALER_CROP(1) (0,0_2016x1512) ][SENSOR_CROP(0)][RESIZER_SET(0)]
07-25 21:40:09.034   723  5028 D NormalPipe: [acceptEnqRequest] MyEnq:0: dma:0x8 pa(0x7100000)io(0_0_2016_1136_1920_1088) mag(0x7)|dma:0x6 pa(0x4F013C0)io(0_0_2016_1_2016_1) mag(0x7)|dma:0xf pa(0x9000700)io(0_0_256_1_256_1) mag(0x7)|dma:0xb pa(0xDA00000)io(0_0_384_384_384_384) mag(0x7)|
07-25 21:40:09.036   723  5080 D af_mgr_v3: #(    7,    5) SelROIToFocusing [SEL] 4 (X,Y,W,H)=(879, 439, 257, 257)
07-25 21:40:09.036   723  5080 D AfAlgo  : down maxOffset=46 maxCompLevel=46, cutOffset=7, maxOffset=46 offset 0, level 4, cut offset 7, x/y/z/g=71/1042/-83/1047
07-25 21:40:09.036   723  5080 D AfAlgoC : [HB] DafIO in: mode 0(in:0), (PD,LD,SD) cus(1,0,0) input(0,0,0) Que -1
07-25 21:40:09.036   723  5080 E AfAlgo  : Err:  6195: [AdpComp]Adaptive input error!! 
07-25 21:40:09.036   723  5080 E AfAlgo  : Err:  6279: [AdpComp]Adaptive input error
07-25 21:40:09.036   723  5080 D AfAlgoC : [DAF] DafIO out: mode 0 isL 0 isQ 0 isV 0 afdac 200 afconf 100 qNum 0  sPDWin (0,0,0,0)
07-25 21:40:09.036   723  5080 D AfAlgoC : [handleAFout0](7) Mode=3,Status=1,StatusC=8,IsAfSearch=4,IsSelROI=0,ROISel=4,FDstatus=0,AFMark=1,mTrig=1,SceneState=00000000,ext=1, PostureDac=100/46, TermalPos=0, searchRange (200,800), camA=8, post=0
07-25 21:40:09.036   723  5080 D AfAlgoC : [AdpComp]Equivalent lens pos = 0
07-25 21:40:09.036   723  5080 D af_mgr_v3: #(    7,    5) MoveLensTo Dev(1) DAC(100)
07-25 21:40:09.037   723  5080 D LensDrv : [moveMCU] Dev(1) , ioctl - mcuIOC_T_MOVETO, error Operation not permitted
07-25 21:40:09.037   723  5080 D af_mgr_v3: #(    7,    5) doAF Dev(1): [Status] IsAFSearch(4->4), IsSelHWROI(1->0), ROISel(4), Event(0x100)
07-25 21:40:09.037   723  5080 D TaskAFNormal: [run] Cam 1 : Req(#7)/Stt(#5)/i4Opt(0)/FlashOnOff(0)
07-25 21:40:09.038   723  5053 D SecMgr  : [SecMgr_GetSecurePortStatus] + (0x0x0)module:0x0 dma port:rrzo
07-25 21:40:09.039   723  5053 D SecMgr  : [SecMgr_GetSecurePortStatus] (0x0)DMA port (0x1) is not supported
07-25 21:40:09.039   723  5053 D ifunc_cam_buf: [waitBufReady] [0x0]:, [0x6900000] waitbufready pass
07-25 21:40:09.039   723  5053 D ifunc_cam_buf: [dequeueHwBuf] [0x0]:BUF_CTRL_RRZO:(0xd_0x0),PA(0x6900000_0xBC00A00),FH_VA(0x7F775C3A00),size(0x3bc400),cur sof(0),
07-25 21:40:09.039   723  5053 D SecMgr  : [SecMgr_GetSecurePortStatus] + (0x0x0)module:0x0 dma port:imgo
07-25 21:40:09.039   723  5053 D SecMgr  : [SecMgr_GetSecurePortStatus] (0x0)DMA port (0x0) is not supported
07-25 21:40:09.039   723  5053 D SecMgr  : [SecMgr_GetSecurePortStatus] + (0x0x0)module:0x0 dma port:
07-25 21:40:09.039   723  5053 D SecMgr  : [SecMgr_GetSecurePortStatus] + (0x0x0)module:0x0 dma port:lcso
07-25 21:40:09.039   723  5053 D NormalPipe: [ispDequeThread] N:0_deq@SOF_7
07-25 21:40:09.039   723  5044 D NormalPipe: [deque] MyDeq:0: dma:0x6 pa(0x4F009E0) io(0_0_1_0_0_0_2016_1_2016_1) mag(0x5)|dma:0x8 pa(0x6900000) io(0_0_2016_1136_0_0_1920_1088_1920_1088) mag(0x5)|dma:0xb pa(0xDF00000) io(0_0_0_0_0_0_0_0_0_0) mag(0x5)|dma:0xf pa(0x9000500) io(0_0_0_0_0_0_0_0_0_0) mag(0x5)|
07-25 21:40:09.039   723  5053 D SecMgr  : [SecMgr_GetSecurePortStatus] + (0x0x0)module:0x0 dma port:rrzo
07-25 21:40:09.039   723  5053 D SecMgr  : [SecMgr_GetSecurePortStatus] (0x0)DMA port (0x1) is not supported
07-25 21:40:09.039   723  5044 W fsc_hal : [processResult]image_scale_output.image_scale == 0
07-25 21:40:09.039   723  5044 D fsc_hal : [processResult]P magic(5) dac(100) ET(30003) EIS(0), CB magic(5), factor(1.000000), sensor(2016,1136), RRZO: c(0,0,2016,1136) s(1920,1088) f(0.000000,0.000000,1920.000000,1088.000000),RSSO: s(0,0), f(0.000000,0.000000,0.000000,0.000000)
07-25 21:40:09.039   723  5044 D MtkCam/HalSensorList: [querySecureState] Secure State is 0
07-25 21:40:09.039   723  5044 D MtkCam/HalSensor: [destroyInstance] HalSensor destroyInstance count = 6, caller =MtkCam/P1NodeUtility
07-25 21:40:09.040   723  5044 D MtkCam/BaseHeap: [IonHeap::unlockBufLocked] Hal:Image:P1:Fullraw_main1:Size2016x1:Stride2520.0.0:Sn2@ still locked (2)
07-25 21:40:09.040   723  5044 I MtkCam/P1NodeImp: [releaseAction] [Cam::0 R7 S7 E7 D5 O4 #1] [P1::DEQ][Num Q:5 M:5 F:3 R:3 @5][Type:1 Out:x85 Rec:x0 Raw:1 Cap:0 Exe:3 Flush:x0] job(0/1) IMG(pure) RRZ0(0-0-2016x1136)(0-0-1920x1088)(1920x1088) T-ns(EXP: 30003000)(Src:0)(SOF: m_947708862000 b_947708856000)(SS: 947678859000) ExpExtend(0, 0)Q(SensorTs
07-25 21:40:09.040   723  5047 I MtkCam/P1NodeImp: [releaseFrame] [Cam::0 R7 S7 E7 D5 O5 #1] [P1::OUT][Num Q:5 M:5 F:3 R:3 @5][Type:1 Out:x85 Rec:x0 Raw:1 Cap:0 Exe:3 Flush:x0] [Release-0] [DispatchFrame]
07-25 21:40:09.040   723  5047 D MtkCam/ppl_context: [onDispatchFrame] r3 frameNo:3 0x1 -> 0x15 READY(1/1)
07-25 21:40:09.041   723  5047 D MtkCam/P2/MWFrameRequest: [printIOMap] P2S cam 0 MWFrame:#3 MWReq:#3, frame 4 : iomap: [0]=>img[2/1], meta[3/2], fps[30.00]
07-25 21:40:09.041   723  5062 D MtkCam/P2/StreamingProcessor: [makePayLoad] P2S cam 0 MWFrame:#3 MWReq:#3, frame 4-0 : masterID(0) #Requests(1) merged into #RequestsPacks(1), PendingPayload(1), p1Ts=0000947681359000
07-25 21:40:09.041   723  5062 D MtkCam/StreamingPipe/Data: [calNonLargeSrcCrop]sID(0), imgoIn(0), srcCrop(0,0,1920x1088), isSrcCrop(0), mP2Pack Valid(1), imgo(0x0),rrz(1920x1088)
07-25 21:40:09.042   723  5062 D MtkCam/StreamingPipe/Pipe: [prepareIORequest]P2S cam 0 MWFrame:#3 MWReq:#3, frame 4-4  master/slave/fd(0/-1/0) ReqNo(4), feature=0x8008(3DNR+FSC), cycle(33), fps(n/a)=(30/30), ZoomROI((1442.539673x1088.000000)@(238.730179,0.000000)) SFPIOMgr:[sID(0)--IMG(0x0/0),RRZ(0xb400007e0e81a110/1),LCS(0xb400007e0e829e30/1),LCSH(0x0/0),pRSS(0x0/0),cRSS(0x0/0),RSSR2(0x0/0),FYuv(0x0/0),RYuv1(0x0/0),RYuv2(0x0/0),mAIYuv(0x0/0),HalI(0xb400007dbe81fac0),AppI(0xb400007e2e8290f8),AppDI(0xb400007dbe8216c0),AppOver(0x0)]{path(GEN),halO(0xb400007e2e8214f0),appO(0xb400007e2e813330),Outs--[buf(0xb400007e0e829890/1)(320x240),tran(0),type(1), tar(disp), prof(0), crop(238.730179,0.000000,1442.539673x1088.000000), flag(0x0)]Tuning--id(0)--[flag(5)]}
07-25 21:40:09.043   723  5060 D isp_mgr_sl2: DIP_X_SL2H_RZ is (SL2_VRZ_COM, SL2_HRZ_COM) = (2138, 2150), (i4RzWidth, i4Width) = (1920, 2016), (i4RzHeight, i4Height) = (1088, 1136)
07-25 21:40:09.043   723  5060 D isp_mgr_sl2: profile is 1, DIP_X_SL2H_RZ is (0x085a0866)
07-25 21:40:09.043   723  5060 D isp_mgr_nr3d: NR3D_EN(1), SL2E_EN(1), x,y,w,h(0,0,1920,1088), full x,y,w,h(0,0,1920,1088),vipi offst(0) w,h(1920,1088), R2C en(1) cnt(1,5,5,5)
07-25 21:40:09.043   723  5060 D MtkCam/StreamingPipe/P2ANode: [enqueFeatureStream] P2S cam 0 MWFrame:#3 MWReq:#3, frame 4-4 :sensor(0) Frame 4 enque start
07-25 21:40:09.043   723  5055 D Iop/p2HPEQNode: [doEnque] sDrvScen:0, CQIdx:0, dupCQIdx:1, burstQIdx:0, RingBufIndex:3,  mTuningData ptr:780447908
07-25 21:40:09.044   723  5055 D PostProcPipe: [PrintPipePortInfo] vInPorts:FN(3),RN(3),TS(0xa635f498),UK(0xcc183a0),Sec(0),[0]:(0x2205),w(1920),h(1088),stride(3600,0,0),type(0),idx(19),dir(0),Size(0x003bc400,0x00000000,0x00000000),VA(0x7c8ed65000,0x0,0x0),PA(0x6900000,0x0,0x0),secPort(0),
07-25 21:40:09.044   723  5055 D PostProcPipe:                       vInPorts:FN(3),RN(3),TS(0xa635f498),UK(0xcc183a0),Sec(0),[1]:(0x32315659),w(1920),h(1088),stride(1920,960,960),type(0),idx(22),dir(0),Size(0x001fe000,0x0007f800,0x0007f800),VA(0x7c72b2d000,0x7c72d2b000,0x7c72daa800),PA(0xa400000,0xa5fe000,0xa67d800),secPort(0),
07-25 21:40:09.044   723  5055 D PostProcPipe:                       vInPorts:FN(3),RN(3),TS(0xa635f498),UK(0xcc183a0),Sec(0),[2]:(0x2401),w(200),h(112),stride(768,0,0),type(0),idx(26),dir(0),Size(0x00048000,0x00000000,0x00000000),VA(0x7cd5106000,0x0,0x0),PA(0xdf00000,0x0,0x0),secPort(0)
07-25 21:40:09.044   723  5055 D PostProcPipe: [PrintPipePortInfo] vOutPorts:FN(3),RN(3),TS(0xa635f498),UK(0xcc183a0),Sec(0),[0]:(0x32315659),w(1920),h(1088),stride(1920,960,960),type(0),idx(32),dir(1),Size(0x001fe000,0x0007f800,0x0007f800),VA(0x7c72241000,0x7c7243f000,0x7c724be800),PA(0xa700000,0xa8fe000,0xa97d800),secPort(0),
07-25 21:40:09.044   723  5055 D PostProcPipe:                       vOutPorts:FN(3),RN(3),TS(0xa635f498),UK(0xcc183a0),Sec(0),[1]:(0x11),w(320),h(240),stride(320,320,0),type(0),idx(38),dir(1),Size(0x00012c00,0x00009600,0x00000000),VA(0x7f7734b000,0x7f7735dc00,0x0),PA(0xdc00000,0xdc12c00,0x0),secPort(0)
07-25 21:40:09.044   723  5055 D PostProcPipe: [configPipe] [Imgi][crop_1](x,f_x,y,f_y)=(0,0,0,0),(w,f_w,h,f_h)=(0,0,0,0),(tarW,tarH)=(0,0)-
07-25 21:40:09.044   723  5055 D PostProcPipe:                     [crop_2](x,f_x,y,f_y)=(238,765648,0,0),(w,f_w,h,f_h)=(1442,565888,1088,0),(tarW,tarH)=(320,240)-
07-25 21:40:09.044   723  5055 D PostProcPipe:                     [crop_3](x,f_x,y,f_y)=(0,0,0,0),(w,f_w,h,f_h)=(0,0,0,0),(tarW,tarH)=(0,0),dupCqIdx(1),[vipi]ofst(0),rW/H(1920/1088)
07-25 21:40:09.044   723  5055 D PostProcPipe: ,                    isDipOnly(0), hwmodule(9/0), dipCQ/dup/burst(0/1/0), drvSc(0), isWtf(1),tdr_tpipe(0),en_yuv/yuv2/rgb/dma/fmt_sel/ctl_sel/misc (0x11e07df8/0xf0/0x1400f9/0x20e0f1/0x30480409/0x16040/0x10), tcm(0xa/0x9fd8e1e3/0xe807b3c), last(1), CRZ_EN(0), img3o ofset(0,0),userName(),PIX_ID(3),ImgBuf_PIX_ID(3),tv_sec(1784986809),tv_usec(76658)
07-25 21:40:09.044   723  5055 D iio/ifunc_dip: [ConfigDipPipe] moduleIdx(0), pDipWBuf(0xce827188), m_pIspDescript_phy(0x9112000), m_pIspDescript_vir(0x8a667000), m_pIspVirRegAddr_pa(0x9113000), m_pIspVirRegAddr_va(0x8a668000)
07-25 21:40:09.044   723  5056 D iio/ifunc_dip: [enable] thiscq(0), frameflag(0x1), ring_index(3), ref_ringbufidx(2)
07-25 21:40:09.044   723  5056 D MdpMgr  : [updateDpStreamMap] refObjectCqIdx:0, refObjectRingBufIdx:1,cqIdx:0,ringIdx:3,refringbufidx:2
07-25 21:40:09.044   723  5056 D MdpMgr  : [selectDpIspStream] [selectDpIspStream] cqIdx(0/1/0/3_0/1),sceID(0)
07-25 21:40:09.044   723  5056 D MdpMgr  : [_startMdp] dstFmt(657,4982892)
07-25 21:40:09.045   723  5056 D MdpMgr  : [_startMdp] +sceID(0),cqPa(0x9112000)-Va(0x7c8a667000),tpipVa(0x7c8a164000)-Pa(0x9310000),isWaitB(1),cqIndx(0/1/0/3),venc(0),(va: 0x7c8a164000),        srcFt(0x2205),W(1920),H(1088),stride(3600,0),size(0x3bc400-0x0-0x0),VA(0x    ffff),PA(0x 6900000),plane(1),Stmtype(1)
07-25 21:40:09.045   723  5056 D MdpMgr  :         wdma_en(1),idx(0),cap(3),ft(17),rt(0),fp(0),(w,h,s)=(320,240,320),C(w,h,s)=(320,120,320),V(w,h,s)=(0,0,0),mdpidx(0),
07-25 21:40:09.045   723  5056 D MdpMgr  :         wrot_en(0),idx(1),cap(0),ft(0),rt(0),fp(0),(w,h,s)=(0,0,0),C(w,h,s)=(0,0,0),V(w,h,s)=(0,0,0),mdpidx(0),
07-25 21:40:09.045   723  5056 D MdpMgr  :         jpg_en(0),idx(2),cap(0),ft(0),rt(0),fp(0),(w,h,s)=(0,0,0),C(w,h,s)=(0,0,0),V(w,h,s)=(0,0,0),mdpidx(1),
07-25 21:40:09.045   723  5056 D MdpMgr  :         pipe_en(0),idx(3),cap(0),ft(0),rt(0),fp(0),(w,h,s)=(0,0,0),C(w,h,s)=(0,0,0),V(w,h,s)=(0,0,0),mdpidx(2),
07-25 21:40:09.045   723  5056 D MdpMgr  :         (va:0x7c8a164000,dstpa:0x9310000)
07-25 21:40:09.045   723  5056 D MdpMgr  : flag(0_0x1->0x1),startStm(661 us),WDPQ(0x       0),WRPQ(0x       0),tv_sec(1784986809),tv_usec(76658)
07-25 21:40:09.045   723  5056 D Iop/p2HPEQNode: [doMdpStart] frameUnit.idxofwaitDQFrmPackList (0x5e812e78_0_0_1, 0_0_1_0)
07-25 21:40:09.045   723  5057 D MdpMgr  : [selectDpIspStream] [selectDpIspStream] cqIdx(0/1/0/3_0/1),sceID(0)
07-25 21:40:09.047   531  2449 E [GrallocExtra-ERROR]: gralloc_extra_query:105 gralloc_extra_query with NULL handle: 0x0
07-25 21:40:09.048  2345  2403 D C2OMXNode: dhy...mOsdPos:,,mOsdText:
07-25 21:40:09.052   723  5057 D MdpMgr  : [_dequeueBuf] +,cqIndx(0/1/0/3),sceID(0),deqIndex(1),isWaitBuf(1),
07-25 21:40:09.052   723  5057 D MdpMgr  :         deqIndex(1), dequeTime(6588 us)
07-25 21:40:09.052   723  5057 D MdpMgr  : [selectDpIspStream] [selectDpIspStream] cqIdx(0/1/0/3_0/1),sceID(0)
07-25 21:40:09.052   723  5057 D MdpMgr  : [_dequeueBuf] +,cqIndx(0/1/0/3),sceID(0),deqIndex(0),isWaitBuf(1),
07-25 21:40:09.052   723  5057 D MdpMgr  :         deqIndex(0), dequeTime(20 us)
07-25 21:40:09.052   723  5057 D MdpMgr  : [selectDpIspStream] [selectDpIspStream] cqIdx(0/1/0/3_0/1),sceID(0)
07-25 21:40:09.052   723  5057 D MtkCam/StreamingPipe/P2ANode: [onDIPStreamBaseCB] P2S cam 0 MWFrame:#3 MWReq:#3, frame 4-4 :sensor(0) Frame 4 enque done in 8 ms, result = 1
07-25 21:40:09.052   723  5057 D Iop/p2HPDQNode: [doDeque] +,tag(2),idx(0),p2CQ(0/1/0/3),
07-25 21:40:09.052   723  5057 D Iop/p2HPDQNode:                          +,tag(1),idx(0),p2CQ(0/1),
07-25 21:40:09.052   723  5057 D Iop/p2HPDQNode:                          -,cb(167 us)
07-25 21:40:09.052   723  5061 D MtkCam/P2/MWFrame: [doRelease] P2S cam 0 MWFrame:#3 MWReq:#3, frame 4 : all streams(8), using(0), status: s0:d0:App:YCrCb_420_SP:0|HW_TEXTURE(1),Meta:App:Control(1),Hal:Image:P1:Resizeraw_main1(1),Hal:Image:STT_main1(1),Hal:Meta:P1:Dynamic_main1(1),Hal:Meta:P2:Dynamic(1),App:Meta:DynamicP1_main1(1),App:Meta:DynamicP2(1),
07-25 21:40:09.053   723  5025 D mtkcam-AppStreamMgr: [0-FrameHandler::updateResult] requestNo 3, real time:0, last partial:1
07-25 21:40:09.053   723  5025 D ULog    : R AppRequest:3 M[CameraDevice:187001] -  :mtkcam-AppStreamMgr #38215
07-25 21:40:09.053   723  5061 D mtkcam-pipeline: [onLastStrongRef] [ requestNo:3 frameNo:3 ] frame end
07-25 21:40:09.053   723  5061 D MtkCam/StreamingPipe/Timer: [print]Frame timer [#    4/   0][t  10][io   0][tof  0/  0][d  0/  0][mss  0/  0/  0/  0][a 10/  1/  8][tun  0/  0][msf  0/  0][vnr  0/  0/  0][am  0][b  0/  0][tpi(  0/  0)/(  0/  0)/(  0/  0)][vmdp_A  0/  0 vmdp_B  0/  0][h  0/  0/  0][e  0][r  0/  0][w_A  0/  0/  0/  0 w_B  0/  0/  0/  0][x  0][disp  0/  0][async  0/  0][p2sm  0/  0/  0][fps30.61/30.61/ 30/ 30]
07-25 21:40:09.063   531  2449 E [GrallocExtra-ERROR]: gralloc_extra_query:105 gralloc_extra_query with NULL handle: 0x0
07-25 21:40:09.063  2345  2403 D C2OMXNode: dhy...mOsdPos:,,mOsdText:
07-25 21:40:09.064   723  5028 D HwIRQ3A : [wait] VSIrq
07-25 21:40:09.064   723  5052 D NormalPipe: [enqueRequest] +N:0 CurSof:8 enqCnt:6 cqCnt(p/v):6/6 FrameStatus(2)
07-25 21:40:09.064   723  5052 D NormalPipe: [configEnquePath] N:0 configFrame event:1 multiSenNum:2 occupy:0 status:1(2) fsm:0 depth:0
07-25 21:40:09.064   723  5052 D NormalPipe: [dmaCfg] N:0 dma:x8 cmd:0x101a, crop:(0,0,2016,1136), outsize:(1920,1088)
07-25 21:40:09.064   723  5028 I MtkCam/P1NodeImp: [setRequest] [Cam::0 R8 S8 E7 D5 O5 #0] [P1::SET][Num Q:8 M:8 F:6 R:6 @0][Type:1 Out:x85 Rec:x0 Raw:1 Cap:0 Exe:1 Flush:x0] Num[8] Ctrl[1]=[ 8 ]
07-25 21:40:09.064   723  5052 D NormalPipe: [dmaCfg] N:0 dma:x6 cmd:0x101c, crop:(0,0,2016,1), outsize:(2016,1)
07-25 21:40:09.065   723  5028 D aao_buf_mgr: [updateInfo] mMagicNumber(5), i4SubsampleCount(1)
07-25 21:40:09.065   723  4812 E camiopipe: [vendor/mediatek/proprietary/hardware/mtkcam/drv/src/isp/mt6768/imageio/pipe/CamIOPipe/CamIOPipe.cpp, sendCommand, line3805] ERROR: [0x0]:NOT support command! (sendCommand){#3805:vendor/mediatek/proprietary/hardware/mtkcam/drv/src/isp/mt6768/imageio/pipe/CamIOPipe/CamIOPipe.cpp}
07-25 21:40:09.065   723  4812 E camiopipe: [vendor/mediatek/proprietary/hardware/mtkcam/drv/src/isp/mt6768/imageio/pipe/CamIOPipe/CamIOPipe.cpp, sendCommand, line3812] ERROR: [0x0]:sendCommand(0x1500) error! (sendCommand){#3812:vendor/mediatek/proprietary/hardware/mtkcam/drv/src/isp/mt6768/imageio/pipe/CamIOPipe/CamIOPipe.cpp}
07-25 21:40:09.065   723  4812 E NormalPipe: [vendor/mediatek/proprietary/hardware/mtkcam/drv/src/isp/mt6768/iopipe/CamIO/NormalPipe.cpp, sendCommand, line3773] ERROR: error: sendCommand fail: (cmd,arg1,arg2,arg3)=(0x00001500,0x7C9EA4FF40,0x7C9EA4FF44,0xB400007ECE82A6AC) (sendCommand){#3773:vendor/mediatek/proprietary/hardware/mtkcam/drv/src/isp/mt6768/iopipe/CamIO/NormalPipe.cpp}
07-25 21:40:09.065   723  5052 D ifunc_cam_tuning: [update] [0x0]:CAM_TUNING_CTRL - EN:0x100e02e0 DMA:0x808001e8
07-25 21:40:09.065   723  5052 D LMVDrv  : [GetLMVStatusAndUpdate]Suspicous clear, driver may drop frame and now in new pipeline: magicNum(7)=bypass(0)
07-25 21:40:09.065   723  5052 W LMVDrv  : [GetLMVStatusAndUpdate]Cannot find magicNum(0) in queue(0)
07-25 21:40:09.065   723  4812 D Hal3Av3 : [parseMeta] Return to AP AE_REGIONS L(0) T(0) R(0) B(0) W(0)
07-25 21:40:09.065   723  5052 D camiopipe: [sendCommand] [0x0]:[2]P1_UPDATE_CHECK CTL_EN(0x11bebee3) +[0_0]:0x11bebee3 [1_0]:0x11bebee3 [2_0]:0x11bebee3 -[0_0]:0x11bebee3 [1_0]:0x11bebee3 [2_0]:0x11bebee3 
07-25 21:40:09.065   723  4812 D Hal3Av3 : [parseMeta] Return to AP AF_REGIONS L(0) T(0) R(0) B(0) W(0)
07-25 21:40:09.065   723  5052 D NormalPipe: [frameToEnque] - sof(8)
07-25 21:40:09.065   723  5052 D NormalPipe: [enqueRequest] -
07-25 21:40:09.065   723  4812 D Hal3Av3 : [parseMeta] Return to AP AWB_REGIONS L(0) T(0) R(0) B(0) W(0)
07-25 21:40:09.065   723  4812 D Hal3Av3 : [parseMeta] MTK_SENSOR_TEST_PATTERN_DATA(0, 0, 0, 0)
07-25 21:40:09.065   723  4812 I MtkCam/P1NodeImp: [runQueue] [Cam::0 R8 S8 E7 D5 O5 #1] [P1::REQ][Num Q:9 M:0 F:7 R:7 @0][Type:1 Out:x85 Rec:x0 Raw:1 Cap:0 Exe:1 Flush:x0] [META ze:0 ci:3 rt:-1 tn:-1 qc:-1 fi:-1 fr:-1] [New-Request][0] [0] [IMGO:1 (-1,-1)] [Gp:255/0] IOmap-Img[1]=<0_I[0]{}_O[2]{0x100000003,0x100000004}>-Meta[1]=<0_I[2]{0x80000000,0x100000018}_O[2]{0x10000001b,0x100000024}> CfgStream-Img[OutIMG:0x100000001(0),OutRRZ:0x100000003(1),OutLCS:0x100000004(1)]-Meta[InAPP:0x80000000(1),InHAL:0x100000018(1),OutAPP:0x100000024(1),OutHAL:0x10000001b(1)]  | [PreSet][Key:9] Num(0) Dummy(0) MetaCnt[APP:66,HAL:17] | [Rev:0] depth(1) burst(1) Que[1]
07-25 21:40:09.065   723  4812 D MtkCam/ppl_context: [sendFrameToRootNodes] r7 frameNo:7 (X) -> 0x1 success; erase record
07-25 21:40:09.065   723  5028 D AeFlowDefault: [monitorAndReschedule:Perframe AE] Calc:1 Apply:1 Magic:5 AEMonitorStable:0 VdCnt:0 u4CwvYcur:0 u4CwvYpre:0 
07-25 21:40:09.065   723  5028 D ae_mgr  : [updateAEInfo2ISP] State:0 VDNum:0 Shutter:30003 Gain:9040 1024 750 Flare offset:0 512 FrameDuration:33350000 DisableOBC:0 ExpRatio:100 eAEMode:1 eAEstate:2 CurrentidxF:113
07-25 21:40:09.065   723  5081 D MtkCam/HalSensorList: [querySecureState] Secure State is 0
07-25 21:40:09.066   723  5028 D awb_mgr : [setIspAwbInfo()] m_eSensorDev: 1, awb_gain: 990/512/817, PreGain1: 512/512/512, RPG: 990/512/817, PGN: 990/512/817, bAWBLock: 0 (m_bAWBLock:0, m_u4AWBMode:1)
07-25 21:40:09.066   723  5028 D Task3APv: [run] getSensorParams: m_u4PreRealISO(750), u4RealISO(750), m_preAwbGain(988, 512, 824), rAwbInfo.gain(990, 512, 817)
07-25 21:40:09.066   723  5028 D isp_tuning_custom: [evaluate_Shading_Ratio] sensorid(1379), preSensorId(1379), eSensorMode(2), preSensorMode(2), isSensorOrModeSwitch(0), isInit(0)
07-25 21:40:09.066   723  5028 D isp_tuning_custom: [iso_smooth][ISO smooth enabled][ISO idx(3313)]avgISO = 750.
07-25 21:40:09.066   723  5028 D isp_tuning_custom: [RA_smooth][RA smooth][frm idx(3313)] rto for iso(21), prev_rto(21),RA_incremental_step(2), smoothed ratio(21)
07-25 21:40:09.066   723  5028 D paramctrl_per_frame: put ratio with m_eSensorDev(1), i4Rto(21)
07-25 21:40:09.066   723  5028 D paramctrl_per_frame: [updateLscInfo] (flash, iso, rto)=(0, 750, 21), auto(1), lock(0,0,0), dyn(1), op(0), PreCapFlashIsLockRto(0), fgForceUnlock(0)
07-25 21:40:09.066   723  5028 D Task3APv: [run] Cam 1 : Req(#8)/Stt(#5)/i4Opt(0)/FlashOnOff(0) Lv(8)/ISO(750)/RGB(990,512,817) AFisLockAE(1) isLVChangeTooMuch(0) m_i4FrameCount(6) m_i4TsfFrameCount(7)
07-25 21:40:09.066   723  5028 D isp_mgr_af_stat: HW : Config(7) CAM_AFO_XSIZE(0x180) CAM_AFO_YSIZE(0xc) CAM_AF_SIZE(0x7e0) CAM_AF_CON(0x701731) CAM_AF_VLD(0x1b80376) CAM_AF_BLK_0(0x150014) CAM_AF_BLK_1(0xc000c)
07-25 21:40:09.066   723  5028 W TuningMgr: TuningMgr[updateEngine] WARNING: [temp log] AF enable(1_0x100e02e0_0x808001e8)
07-25 21:40:09.066   723  5028 D isp_mgr_af_stat: HW-apply Magic(8) , Config(7)
07-25 21:40:09.067   723  5028 D TuningMgr: TuningMgr[enqueBuffer] magicNum(0x8)
07-25 21:40:09.067   723  4812 D ULog    : R AppRequest:8 M[CameraDevice:187001] +  :mtkcam-dev3 #38216
07-25 21:40:09.067   723  5081 D MtkCam/HalSensorList: [querySecureState] Secure State is 0
07-25 21:40:09.067   723  4812 D mtkcam-dev3-utils: [0-AppRequestUtil::createOneRequest] requestNumber[8]:StreamBuffer:0xb400007dbe822450 streamId:0 bufferId:2 buffer:0xb400007e2e80ef90 status:OK acquireFenceOp.hdl:0x7cde6082f0 releaseFenceOp.hdl:0x0 acquireFenceOp.fd:-1 releaseFenceOp.fd:-1 appBufferHandleHolder:0xb400007d8e85d7a8 freeByOthers:0 / 
07-25 21:40:09.067   723  5028 I MtkCam/P1NodeImp: [setupAction] [Cam::0 R8 S8 E8 D5 O5 #1] [P1::ENQ][Num Q:8 M:8 F:6 R:6 @8][Type:1 Out:x85 Rec:x0 Raw:1 Cap:0 Exe:1 Flush:x0] [Exp:30003000ns] [MetaCtrl][SCALER_CROP(1) (0,0_2016x1512) ][SENSOR_CROP(0)][RESIZER_SET(0)]
07-25 21:40:09.067   723  5028 D NormalPipe: [acceptEnqRequest] MyEnq:0: dma:0x8 pa(0x7500000)io(0_0_2016_1136_1920_1088) mag(0x8)|dma:0x6 pa(0x4F009E0)io(0_0_2016_1_2016_1) mag(0x8)|dma:0xf pa(0x9000800)io(0_0_256_1_256_1) mag(0x8)|dma:0xb pa(0xDB00000)io(0_0_384_384_384_384) mag(0x8)|
07-25 21:40:09.068   723  4812 D mtkcam-HDRPolicyHelper: [getSeamlessSmoothResult][Cam::0]frameType[3] requestAETargetMode=0 requestExpNum=0
07-25 21:40:09.069   723  4812 D MtkCam/ppl_context: [sendFrameToRootNodes] r8 frameNo:8 (X) -> 0x1 BUSY
07-25 21:40:09.070   723  5080 D af_mgr_v3: cmd-getFocusDistance Pos 0->100, Dis 0.330000->-1.433333; fDist_Macro_rev 10.000000, fDist_Inf_rev 0.200000, fDAC_Macro 800.000000, fDAC_Inf 200.000000
07-25 21:40:09.070   723  5080 D isp_mgr_af_stat: isHWRdy Config[7, 5] IsApplied(1)
07-25 21:40:09.070   723  5080 D af_mgr_v3: #(    8,    6) IspMgrAFStatHWPreparing Dev(1) Config(5) bSkip(1) PauseAF(0) Afmode(3) VsyncUpdate(0) IsTargetAssitMove(0) isHWRdy(0) ROISel(4) ZECChg(0) DbgPDVerifyEn(0)
07-25 21:40:09.070   723  5080 D TaskAFNormal: [run] Cam 1 : Req(#8)/Stt(#6)/i4Opt(0)/FlashOnOff(0)
07-25 21:40:09.072   723  5053 D SecMgr  : [SecMgr_GetSecurePortStatus] + (0x0x0)module:0x0 dma port:rrzo
07-25 21:40:09.072   723  5053 D SecMgr  : [SecMgr_GetSecurePortStatus] (0x0)DMA port (0x1) is not supported
07-25 21:40:09.072   723  5053 D ifunc_cam_buf: [waitBufReady] [0x0]:, [0x6d00000] waitbufready pass
07-25 21:40:09.072   723  5053 D ifunc_cam_buf: [dequeueHwBuf] [0x0]:BUF_CTRL_RRZO:(0xd_0x0),PA(0x6D00000_0xBC00A80),FH_VA(0x7F775C3A80),size(0x3bc400),cur sof(0),
07-25 21:40:09.072   723  5053 D SecMgr  : [SecMgr_GetSecurePortStatus] + (0x0x0)module:0x0 dma port:imgo
07-25 21:40:09.072   723  5053 D SecMgr  : [SecMgr_GetSecurePortStatus] (0x0)DMA port (0x0) is not supported
07-25 21:40:09.073   723  5053 D SecMgr  : [SecMgr_GetSecurePortStatus] + (0x0x0)module:0x0 dma port:
07-25 21:40:09.073   723  5053 D SecMgr  : [SecMgr_GetSecurePortStatus] + (0x0x0)module:0x0 dma port:lcso
07-25 21:40:09.073   723  5053 D NormalPipe: [ispDequeThread] N:0_deq@SOF_8
07-25 21:40:09.073   723  5044 D NormalPipe: [deque] MyDeq:0: dma:0x6 pa(0x4F00000) io(0_0_1_0_0_0_2016_1_2016_1) mag(0x6)|dma:0x8 pa(0x6D00000) io(0_0_2016_1136_0_0_1920_1088_1920_1088) mag(0x6)|dma:0xb pa(0x9D00000) io(0_0_0_0_0_0_0_0_0_0) mag(0x6)|dma:0xf pa(0x9000600) io(0_0_0_0_0_0_0_0_0_0) mag(0x6)|
07-25 21:40:09.073   723  5053 D SecMgr  : [SecMgr_GetSecurePortStatus] + (0x0x0)module:0x0 dma port:rrzo
07-25 21:40:09.073   723  5053 D SecMgr  : [SecMgr_GetSecurePortStatus] (0x0)DMA port (0x1) is not supported
07-25 21:40:09.073   723  5044 W fsc_hal : [processResult]image_scale_output.image_scale == 0
07-25 21:40:09.073   723  5044 D fsc_hal : [processResult]P magic(6) dac(100) ET(30003) EIS(0), CB magic(6), factor(1.000000), sensor(2016,1136), RRZO: c(0,0,2016,1136) s(1920,1088) f(0.000000,0.000000,1920.000000,1088.000000),RSSO: s(0,0), f(0.000000,0.000000,0.000000,0.000000)
07-25 21:40:09.073   723  5044 D MtkCam/HalSensorList: [querySecureState] Secure State is 0
07-25 21:40:09.073   723  5044 D MtkCam/HalSensor: [destroyInstance] HalSensor destroyInstance count = 6, caller =MtkCam/P1NodeUtility
07-25 21:40:09.073   723  5044 D MtkCam/BaseHeap: [IonHeap::unlockBufLocked] Hal:Image:P1:Fullraw_main1:Size2016x1:Stride2520.0.0:Sn1@ still locked (2)
07-25 21:40:09.073   723  5044 I MtkCam/P1NodeImp: [releaseAction] [Cam::0 R8 S8 E8 D6 O5 #1] [P1::DEQ][Num Q:6 M:6 F:4 R:4 @6][Type:1 Out:x85 Rec:x0 Raw:1 Cap:0 Exe:3 Flush:x0] job(0/1) IMG(pure) RRZ0(0-0-2016x1136)(0-0-1920x1088)(1920x1088) T-ns(EXP: 30003000)(Src:0)(SOF: m_947742640000 b_947742634000)(SS: 947712637000) ExpExtend(0, 0)Q(SensorTs
07-25 21:40:09.074   723  5047 I MtkCam/P1NodeImp: [releaseFrame] [Cam::0 R8 S8 E8 D6 O6 #1] [P1::OUT][Num Q:6 M:6 F:4 R:4 @6][Type:1 Out:x85 Rec:x0 Raw:1 Cap:0 Exe:3 Flush:x0] [Release-0] [DispatchFrame]
07-25 21:40:09.074   723  5047 D MtkCam/ppl_context: [onDispatchFrame] r4 frameNo:4 0x1 -> 0x15 READY(1/1)
07-25 21:40:09.074   723  5047 D MtkCam/P2/MWFrameRequest: [printIOMap] P2S cam 0 MWFrame:#4 MWReq:#4, frame 5 : iomap: [0]=>img[2/1], meta[3/2], fps[29.85]
07-25 21:40:09.075   723  5062 D MtkCam/P2/StreamingProcessor: [makePayLoad] P2S cam 0 MWFrame:#4 MWReq:#4, frame 5-0 : masterID(0) #Requests(1) merged into #RequestsPacks(1), PendingPayload(1), p1Ts=0000947715137000
07-25 21:40:09.075   723  5062 D MtkCam/StreamingPipe/Data: [calNonLargeSrcCrop]sID(0), imgoIn(0), srcCrop(0,0,1920x1088), isSrcCrop(0), mP2Pack Valid(1), imgo(0x0),rrz(1920x1088)
07-25 21:40:09.076   723  5062 D MtkCam/StreamingPipe/Pipe: [prepareIORequest]P2S cam 0 MWFrame:#4 MWReq:#4, frame 5-5  master/slave/fd(0/-1/0) ReqNo(5), feature=0x8008(3DNR+FSC), cycle(33), fps(n/a)=(30/30), ZoomROI((1442.539673x1088.000000)@(238.730179,0.000000)) SFPIOMgr:[sID(0)--IMG(0x0/0),RRZ(0xb400007e0e82f4d0/1),LCS(0xb400007e0e8252d0/1),LCSH(0x0/0),pRSS(0x0/0),cRSS(0x0/0),RSSR2(0x0/0),FYuv(0x0/0),RYuv1(0x0/0),RYuv2(0x0/0),mAIYuv(0x0/0),HalI(0xb400007dbe8194d0),AppI(0xb400007e2e810738),AppDI(0xb400007dbe822fb0),AppOver(0x0)]{path(GEN),halO(0xb400007e2e828330),appO(0xb400007e2e82b0b0),Outs--[buf(0xb400007e0e82cd70/1)(320x240),tran(0),type(1), tar(disp), prof(0), crop(238.730179,0.000000,1442.539673x1088.000000), flag(0x0)]Tuning--id(0)--[flag(5)]}
07-25 21:40:09.077   723  5060 D isp_mgr_sl2: DIP_X_SL2H_RZ is (SL2_VRZ_COM, SL2_HRZ_COM) = (2138, 2150), (i4RzWidth, i4Width) = (1920, 2016), (i4RzHeight, i4Height) = (1088, 1136)
07-25 21:40:09.077   723  5060 D isp_mgr_sl2: profile is 1, DIP_X_SL2H_RZ is (0x085a0866)
07-25 21:40:09.077   723  5060 D isp_mgr_nr3d: NR3D_EN(1), SL2E_EN(1), x,y,w,h(0,0,1920,1088), full x,y,w,h(0,0,1920,1088),vipi offst(0) w,h(1920,1088), R2C en(1) cnt(2,6,6,6)
07-25 21:40:09.077   723  5060 D MtkCam/StreamingPipe/P2ANode: [enqueFeatureStream] P2S cam 0 MWFrame:#4 MWReq:#4, frame 5-5 :sensor(0) Frame 5 enque start
07-25 21:40:09.077   723  5055 D Iop/p2HPEQNode: [doEnque] sDrvScen:0, CQIdx:0, dupCQIdx:0, burstQIdx:0, RingBufIndex:4,  mTuningData ptr:780701860
07-25 21:40:09.077  4539  4563 I mali_config: @get_buffer_dataspace_setting: update dataspace (0x10020000 -> 0x08020000)
07-25 21:40:09.077   723  5055 D PostProcPipe: [PrintPipePortInfo] vInPorts:FN(4),RN(4),TS(0xa8395de8),UK(0xcc183a0),Sec(0),[0]:(0x2205),w(1920),h(1088),stride(3600,0,0),type(0),idx(19),dir(0),Size(0x003bc400,0x00000000,0x00000000),VA(0x7c88606000,0x0,0x0),PA(0x6d00000,0x0,0x0),secPort(0),
07-25 21:40:09.077   723  5055 D PostProcPipe:                       vInPorts:FN(4),RN(4),TS(0xa8395de8),UK(0xcc183a0),Sec(0),[1]:(0x32315659),w(1920),h(1088),stride(1920,960,960),type(0),idx(22),dir(0),Size(0x001fe000,0x0007f800,0x0007f800),VA(0x7c72241000,0x7c7243f000,0x7c724be800),PA(0xa700000,0xa8fe000,0xa97d800),secPort(0),
07-25 21:40:09.077   723  5055 D PostProcPipe:                       vInPorts:FN(4),RN(4),TS(0xa8395de8),UK(0xcc183a0),Sec(0),[2]:(0x2401),w(200),h(112),stride(768,0,0),type(0),idx(26),dir(0),Size(0x00048000,0x00000000,0x00000000),VA(0x7cd1266000,0x0,0x0),PA(0x9d00000,0x0,0x0),secPort(0)
07-25 21:40:09.077   723  5055 D PostProcPipe: [PrintPipePortInfo] vOutPorts:FN(4),RN(4),TS(0xa8395de8),UK(0xcc183a0),Sec(0),[0]:(0x32315659),w(1920),h(1088),stride(1920,960,960),type(0),idx(32),dir(1),Size(0x001fe000,0x0007f800,0x0007f800),VA(0x7c85b2d000,0x7c85d2b000,0x7c85daa800),PA(0xaa00000,0xabfe000,0xac7d800),secPort(0),
07-25 21:40:09.077   723  5055 D PostProcPipe:                       vOutPorts:FN(4),RN(4),TS(0xa8395de8),UK(0xcc183a0),Sec(0),[1]:(0x11),w(320),h(240),stride(320,320,0),type(0),idx(38),dir(1),Size(0x00012c00,0x00009600,0x00000000),VA(0x7f7732a000,0x7f7733cc00,0x0),PA(0xde00000,0xde12c00,0x0),secPort(0)
07-25 21:40:09.078   723  5055 D PostProcPipe: [configPipe] [Imgi][crop_1](x,f_x,y,f_y)=(0,0,0,0),(w,f_w,h,f_h)=(0,0,0,0),(tarW,tarH)=(0,0)-
07-25 21:40:09.078   723  5055 D PostProcPipe:                     [crop_2](x,f_x,y,f_y)=(238,765648,0,0),(w,f_w,h,f_h)=(1442,565888,1088,0),(tarW,tarH)=(320,240)-
07-25 21:40:09.078   723  5055 D PostProcPipe:                     [crop_3](x,f_x,y,f_y)=(0,0,0,0),(w,f_w,h,f_h)=(0,0,0,0),(tarW,tarH)=(0,0),dupCqIdx(0),[vipi]ofst(0),rW/H(1920/1088)
07-25 21:40:09.078   723  5055 D PostProcPipe: ,                    isDipOnly(0), hwmodule(9/0), dipCQ/dup/burst(0/0/0), drvSc(0), isWtf(1),tdr_tpipe(0),en_yuv/yuv2/rgb/dma/fmt_sel/ctl_sel/misc (0x11e07df8/0xf0/0x1400f9/0x20e0f1/0x30480409/0x16040/0x10), tcm(0xa/0x9fd8e1e3/0xe807b3c), last(1), CRZ_EN(0), img3o ofset(0,0),userName(),PIX_ID(3),ImgBuf_PIX_ID(3),tv_sec(1784986809),tv_usec(110521)
07-25 21:40:09.078   723  5055 D iio/ifunc_dip: [ConfigDipPipe] moduleIdx(0), pDipWBuf(0xce8271e0), m_pIspDescript_phy(0x9118000), m_pIspDescript_vir(0x8a66d000), m_pIspVirRegAddr_pa(0x9119000), m_pIspVirRegAddr_va(0x8a66e000)
07-25 21:40:09.078   723  5056 D iio/ifunc_dip: [enable] thiscq(0), frameflag(0x1), ring_index(4), ref_ringbufidx(3)
07-25 21:40:09.078   723  5056 D MdpMgr  : [updateDpStreamMap] refObjectCqIdx:0, refObjectRingBufIdx:1,cqIdx:0,ringIdx:4,refringbufidx:3
07-25 21:40:09.078   723  5056 D MdpMgr  : [selectDpIspStream] [selectDpIspStream] cqIdx(0/0/0/4_0/1),sceID(0)
07-25 21:40:09.078   723  5056 D MdpMgr  : [_startMdp] dstFmt(657,4982892)
07-25 21:40:09.079   723  5056 D MdpMgr  : [_startMdp] +sceID(0),cqPa(0x9118000)-Va(0x7c8a66d000),tpipVa(0x7c8a164000)-Pa(0x9310000),isWaitB(1),cqIndx(0/0/0/4),venc(0),(va: 0x7c8a164000),        srcFt(0x2205),W(1920),H(1088),stride(3600,0),size(0x3bc400-0x0-0x0),VA(0x    ffff),PA(0x 6d00000),plane(1),Stmtype(1)
07-25 21:40:09.079   723  5056 D MdpMgr  :         wdma_en(1),idx(0),cap(3),ft(17),rt(0),fp(0),(w,h,s)=(320,240,320),C(w,h,s)=(320,120,320),V(w,h,s)=(0,0,0),mdpidx(0),
07-25 21:40:09.079   723  5056 D MdpMgr  :         wrot_en(0),idx(1),cap(0),ft(0),rt(0),fp(0),(w,h,s)=(0,0,0),C(w,h,s)=(0,0,0),V(w,h,s)=(0,0,0),mdpidx(0),
07-25 21:40:09.079   723  5056 D MdpMgr  :         jpg_en(0),idx(2),cap(0),ft(0),rt(0),fp(0),(w,h,s)=(0,0,0),C(w,h,s)=(0,0,0),V(w,h,s)=(0,0,0),mdpidx(1),
07-25 21:40:09.079   723  5056 D MdpMgr  :         pipe_en(0),idx(3),cap(0),ft(0),rt(0),fp(0),(w,h,s)=(0,0,0),C(w,h,s)=(0,0,0),V(w,h,s)=(0,0,0),mdpidx(2),
07-25 21:40:09.079   723  5056 D MdpMgr  :         (va:0x7c8a164000,dstpa:0x9310000)
07-25 21:40:09.079   723  5056 D MdpMgr  : flag(0_0x1->0x1),startStm(537 us),WDPQ(0x       0),WRPQ(0x       0),tv_sec(1784986809),tv_usec(110521)
07-25 21:40:09.079   723  5056 D Iop/p2HPEQNode: [doMdpStart] frameUnit.idxofwaitDQFrmPackList (0x5e812e78_0_0_0, 0_0_1_0)
07-25 21:40:09.079   723  5057 D MdpMgr  : [selectDpIspStream] [selectDpIspStream] cqIdx(0/0/0/4_0/1),sceID(0)
07-25 21:40:09.086   723  5057 D MdpMgr  : [_dequeueBuf] +,cqIndx(0/0/0/4),sceID(0),deqIndex(1),isWaitBuf(1),
07-25 21:40:09.086   723  5057 D MdpMgr  :         deqIndex(1), dequeTime(6672 us)
07-25 21:40:09.086   723  5057 D MdpMgr  : [selectDpIspStream] [selectDpIspStream] cqIdx(0/0/0/4_0/1),sceID(0)
07-25 21:40:09.086   723  5057 D MdpMgr  : [_dequeueBuf] +,cqIndx(0/0/0/4),sceID(0),deqIndex(0),isWaitBuf(1),
07-25 21:40:09.086   723  5057 D MdpMgr  :         deqIndex(0), dequeTime(20 us)
07-25 21:40:09.086   723  5057 D MdpMgr  : [selectDpIspStream] [selectDpIspStream] cqIdx(0/0/0/4_0/1),sceID(0)
07-25 21:40:09.086   723  5057 D MtkCam/StreamingPipe/P2ANode: [onDIPStreamBaseCB] P2S cam 0 MWFrame:#4 MWReq:#4, frame 5-5 :sensor(0) Frame 5 enque done in 8 ms, result = 1
07-25 21:40:09.086   723  5057 D Iop/p2HPDQNode: [doDeque] +,tag(2),idx(0),p2CQ(0/0/0/4),
07-25 21:40:09.086   723  5057 D Iop/p2HPDQNode:                          +,tag(1),idx(0),p2CQ(0/0),
07-25 21:40:09.086   723  5057 D Iop/p2HPDQNode:                          -,cb(145 us)
07-25 21:40:09.086   723  5061 D MtkCam/P2/MWFrame: [doRelease] P2S cam 0 MWFrame:#4 MWReq:#4, frame 5 : all streams(8), using(0), status: s0:d0:App:YCrCb_420_SP:0|HW_TEXTURE(1),Meta:App:Control(1),Hal:Image:P1:Resizeraw_main1(1),Hal:Image:STT_main1(1),Hal:Meta:P1:Dynamic_main1(1),Hal:Meta:P2:Dynamic(1),App:Meta:DynamicP1_main1(1),App:Meta:DynamicP2(1),
07-25 21:40:09.087   723  5025 D mtkcam-AppStreamMgr: [0-FrameHandler::updateResult] requestNo 4, real time:0, last partial:1
07-25 21:40:09.087   723  5025 D ULog    : R AppRequest:4 M[CameraDevice:187001] -  :mtkcam-AppStreamMgr #38217
07-25 21:40:09.087   723  5061 D mtkcam-pipeline: [onLastStrongRef] [ requestNo:4 frameNo:4 ] frame end
07-25 21:40:09.087   723  5061 D MtkCam/StreamingPipe/Timer: [print]Frame timer [#    5/   0][t  10][io   0][tof  0/  0][d  0/  0][mss  0/  0/  0/  0][a  9/  1/  8][tun  0/  0][msf  0/  0][vnr  0/  0/  0][am  0][b  0/  0][tpi(  0/  0)/(  0/  0)/(  0/  0)][vmdp_A  0/  0 vmdp_B  0/  0][h  1/  0/  0][e  0][r  0/  0][w_A  0/  0/  0/  0 w_B  0/  0/  0/  0][x  0][disp  0/  0][async  0/  0][p2sm  0/  0/  0][fps30.30/30.30/ 30/ 30]
07-25 21:40:09.094  4539  4563 I mali_config: @get_buffer_dataspace_setting: update dataspace (0x10020000 -> 0x08020000)
07-25 21:40:09.098   723  5028 D HwIRQ3A : [wait] VSIrq
07-25 21:40:09.098   723  5052 D NormalPipe: [enqueRequest] +N:0 CurSof:9 enqCnt:7 cqCnt(p/v):7/7 FrameStatus(2)
07-25 21:40:09.098   723  5052 D NormalPipe: [configEnquePath] N:0 configFrame event:1 multiSenNum:2 occupy:0 status:1(2) fsm:0 depth:0
07-25 21:40:09.098   723  5052 D NormalPipe: [dmaCfg] N:0 dma:x8 cmd:0x101a, crop:(0,0,2016,1136), outsize:(1920,1088)
07-25 21:40:09.098   723  5028 I MtkCam/P1NodeImp: [setRequest] [Cam::0 R9 S9 E8 D6 O6 #0] [P1::SET][Num Q:9 M:9 F:7 R:7 @0][Type:1 Out:x85 Rec:x0 Raw:1 Cap:0 Exe:1 Flush:x0] Num[9] Ctrl[1]=[ 9 ]
07-25 21:40:09.098   723  5028 D aao_buf_mgr: [updateInfo] mMagicNumber(6), i4SubsampleCount(1)
07-25 21:40:09.098   723  5052 D NormalPipe: [dmaCfg] N:0 dma:x6 cmd:0x101c, crop:(0,0,2016,1), outsize:(2016,1)
07-25 21:40:09.098   723  4812 E camiopipe: [vendor/mediatek/proprietary/hardware/mtkcam/drv/src/isp/mt6768/imageio/pipe/CamIOPipe/CamIOPipe.cpp, sendCommand, line3805] ERROR: [0x0]:NOT support command! (sendCommand){#3805:vendor/mediatek/proprietary/hardware/mtkcam/drv/src/isp/mt6768/imageio/pipe/CamIOPipe/CamIOPipe.cpp}
07-25 21:40:09.098   723  4812 E camiopipe: [vendor/mediatek/proprietary/hardware/mtkcam/drv/src/isp/mt6768/imageio/pipe/CamIOPipe/CamIOPipe.cpp, sendCommand, line3812] ERROR: [0x0]:sendCommand(0x1500) error! (sendCommand){#3812:vendor/mediatek/proprietary/hardware/mtkcam/drv/src/isp/mt6768/imageio/pipe/CamIOPipe/CamIOPipe.cpp}
07-25 21:40:09.098   723  4812 E NormalPipe: [vendor/mediatek/proprietary/hardware/mtkcam/drv/src/isp/mt6768/iopipe/CamIO/NormalPipe.cpp, sendCommand, line3773] ERROR: error: sendCommand fail: (cmd,arg1,arg2,arg3)=(0x00001500,0x7C9EA4FF40,0x7C9EA4FF44,0xB400007ECE81C82C) (sendCommand){#3773:vendor/mediatek/proprietary/hardware/mtkcam/drv/src/isp/mt6768/iopipe/CamIO/NormalPipe.cpp}
07-25 21:40:09.099   723  4812 D Hal3Av3 : [parseMeta] Return to AP AE_REGIONS L(0) T(0) R(0) B(0) W(0)
07-25 21:40:09.099   723  5052 D ifunc_cam_tuning: [update] [0x0]:CAM_TUNING_CTRL - EN:0x100e02e0 DMA:0x808001e8
07-25 21:40:09.099   723  4812 D Hal3Av3 : [parseMeta] Return to AP AF_REGIONS L(0) T(0) R(0) B(0) W(0)
07-25 21:40:09.099   723  5052 D LMVDrv  : [GetLMVStatusAndUpdate]Suspicous clear, driver may drop frame and now in new pipeline: magicNum(8)=bypass(0)
07-25 21:40:09.099   723  4812 D Hal3Av3 : [parseMeta] Return to AP AWB_REGIONS L(0) T(0) R(0) B(0) W(0)
07-25 21:40:09.099   723  5052 W LMVDrv  : [GetLMVStatusAndUpdate]Cannot find magicNum(0) in queue(0)
07-25 21:40:09.099   723  4812 D Hal3Av3 : [parseMeta] MTK_SENSOR_TEST_PATTERN_DATA(0, 0, 0, 0)
07-25 21:40:09.099   723  5052 D camiopipe: [sendCommand] [0x0]:[0]P1_UPDATE_CHECK CTL_EN(0x11bebee3) +[0_0]:0x11bebee3 [1_0]:0x11bebee3 [2_0]:0x11bebee3 -[0_0]:0x11bebee3 [1_0]:0x11bebee3 [2_0]:0x11bebee3 
07-25 21:40:09.099   723  4812 I MtkCam/P1NodeImp: [runQueue] [Cam::0 R9 S9 E8 D6 O6 #1] [P1::REQ][Num Q:10 M:0 F:8 R:8 @0][Type:1 Out:x85 Rec:x0 Raw:1 Cap:0 Exe:1 Flush:x0] [META ze:0 ci:3 rt:-1 tn:-1 qc:-1 fi:-1 fr:-1] [New-Request][0] [0] [IMGO:1 (-1,-1)] [Gp:255/0] IOmap-Img[1]=<0_I[0]{}_O[2]{0x100000003,0x100000004}>-Meta[1]=<0_I[2]{0x80000000,0x100000018}_O[2]{0x10000001b,0x100000024}> CfgStream-Img[OutIMG:0x100000001(0),OutRRZ:0x100000003(1),OutLCS:0x100000004(1)]-Meta[InAPP:0x80000000(1),InHAL:0x100000018(1),OutAPP:0x100000024(1),OutHAL:0x10000001b(1)]  | [PreSet][Key:10] Num(0) Dummy(0) MetaCnt[APP:66,HAL:17] | [Rev:0] depth(1) burst(1) Que[1]
07-25 21:40:09.099   723  5052 D NormalPipe: [frameToEnque] - sof(9)
07-25 21:40:09.099   723  5028 D AeFlowDefault: [monitorAndReschedule:Perframe AE] Calc:1 Apply:1 Magic:6 AEMonitorStable:1 VdCnt:0 u4CwvYcur:0 u4CwvYpre:0 
07-25 21:40:09.099   723  4812 D MtkCam/ppl_context: [sendFrameToRootNodes] r8 frameNo:8 (X) -> 0x1 success; erase record
07-25 21:40:09.099   723  5052 D NormalPipe: [enqueRequest] -
07-25 21:40:09.099   723  5028 D ae_mgr  : [updateAEInfo2ISP] State:0 VDNum:0 Shutter:30003 Gain:9040 1024 750 Flare offset:0 512 FrameDuration:33350000 DisableOBC:0 ExpRatio:100 eAEMode:1 eAEstate:2 CurrentidxF:113
07-25 21:40:09.099   723  5081 D MtkCam/HalSensorList: [querySecureState] Secure State is 0
07-25 21:40:09.099   723  5028 D awb_mgr : [setIspAwbInfo()] m_eSensorDev: 1, awb_gain: 990/512/817, PreGain1: 512/512/512, RPG: 990/512/817, PGN: 990/512/817, bAWBLock: 0 (m_bAWBLock:0, m_u4AWBMode:1)
07-25 21:40:09.099   723  5028 D Task3APv: [run] getSensorParams: m_u4PreRealISO(750), u4RealISO(750), m_preAwbGain(990, 512, 817), rAwbInfo.gain(990, 512, 817)
07-25 21:40:09.100   723  5028 D isp_tuning_custom: [evaluate_Shading_Ratio] sensorid(1379), preSensorId(1379), eSensorMode(2), preSensorMode(2), isSensorOrModeSwitch(0), isInit(0)
07-25 21:40:09.100   723  5028 D isp_tuning_custom: [iso_smooth][ISO smooth enabled][ISO idx(3314)]avgISO = 750.
07-25 21:40:09.100   723  5028 D isp_tuning_custom: [RA_smooth][RA smooth][frm idx(3314)] rto for iso(21), prev_rto(21),RA_incremental_step(2), smoothed ratio(21)
07-25 21:40:09.100   723  5028 D paramctrl_per_frame: put ratio with m_eSensorDev(1), i4Rto(21)
07-25 21:40:09.100   723  5028 D paramctrl_per_frame: [updateLscInfo] (flash, iso, rto)=(0, 750, 21), auto(1), lock(0,0,0), dyn(1), op(0), PreCapFlashIsLockRto(0), fgForceUnlock(0)
07-25 21:40:09.100   723  5028 D Task3APv: [run] Cam 1 : Req(#9)/Stt(#6)/i4Opt(0)/FlashOnOff(0) Lv(8)/ISO(750)/RGB(990,512,817) AFisLockAE(1) isLVChangeTooMuch(0) m_i4FrameCount(7) m_i4TsfFrameCount(8)
07-25 21:40:09.100   723  5028 W TuningMgr: TuningMgr[updateEngine] WARNING: [temp log] AF enable(1_0x100e02e0_0x808001e8)
07-25 21:40:09.100   723  5028 D TuningMgr: TuningMgr[enqueBuffer] magicNum(0x9)
07-25 21:40:09.100   723  4812 D ULog    : R AppRequest:9 M[CameraDevice:187001] +  :mtkcam-dev3 #38218
07-25 21:40:09.100   723  5081 D MtkCam/HalSensorList: [querySecureState] Secure State is 0
07-25 21:40:09.101   723  4812 D mtkcam-dev3-utils: [0-AppRequestUtil::createOneRequest] requestNumber[9]:StreamBuffer:0xb400007dbe822450 streamId:0 bufferId:3 buffer:0xb400007e2e83efd0 status:OK acquireFenceOp.hdl:0x7cde6082f0 releaseFenceOp.hdl:0x0 acquireFenceOp.fd:-1 releaseFenceOp.fd:-1 appBufferHandleHolder:0xb400007d8e83c4a8 freeByOthers:0 / 
07-25 21:40:09.101   723  4812 D mtkcam-HDRPolicyHelper: [getSeamlessSmoothResult][Cam::0]frameType[3] requestAETargetMode=0 requestExpNum=0
07-25 21:40:09.101   723  5028 I MtkCam/P1NodeImp: [setupAction] [Cam::0 R9 S9 E9 D6 O6 #1] [P1::ENQ][Num Q:9 M:9 F:7 R:7 @9][Type:1 Out:x85 Rec:x0 Raw:1 Cap:0 Exe:1 Flush:x0] [Exp:30003000ns] [MetaCtrl][SCALER_CROP(1) (0,0_2016x1512) ][SENSOR_CROP(0)][RESIZER_SET(0)]
07-25 21:40:09.101   723  5028 D NormalPipe: [acceptEnqRequest] MyEnq:0: dma:0x8 pa(0x7900000)io(0_0_2016_1136_1920_1088) mag(0x9)|dma:0x6 pa(0x4F00000)io(0_0_2016_1_2016_1) mag(0x9)|dma:0xf pa(0x9000900)io(0_0_256_1_256_1) mag(0x9)|dma:0xb pa(0xE000000)io(0_0_384_384_384_384) mag(0x9)|
07-25 21:40:09.101   723  4812 D MtkCam/ppl_context: [sendFrameToRootNodes] r9 frameNo:9 (X) -> 0x1 BUSY
07-25 21:40:09.103   723  5080 D isp_mgr_af_stat: isHWRdy Config[7, 6] IsApplied(1)
07-25 21:40:09.103   723  5080 D af_mgr_v3: #(    9,    7) IspMgrAFStatHWPreparing Dev(1) Config(6) bSkip(1) PauseAF(0) Afmode(3) VsyncUpdate(0) IsTargetAssitMove(0) isHWRdy(0) ROISel(4) ZECChg(0) DbgPDVerifyEn(0)
07-25 21:40:09.104   723  5080 D TaskAFNormal: [run] Cam 1 : Req(#9)/Stt(#7)/i4Opt(0)/FlashOnOff(0)
07-25 21:40:09.106   723  5053 D SecMgr  : [SecMgr_GetSecurePortStatus] + (0x0x0)module:0x0 dma port:rrzo
07-25 21:40:09.106   723  5053 D SecMgr  : [SecMgr_GetSecurePortStatus] (0x0)DMA port (0x1) is not supported
07-25 21:40:09.106   723  5053 D ifunc_cam_buf: [waitBufReady] [0x0]:, [0x7100000] waitbufready pass
07-25 21:40:09.106   723  5053 D ifunc_cam_buf: [dequeueHwBuf] [0x0]:BUF_CTRL_RRZO:(0xd_0x0),PA(0x7100000_0xBC00B00),FH_VA(0x7F775C3B00),size(0x3bc400),cur sof(0),
07-25 21:40:09.106   723  5053 D SecMgr  : [SecMgr_GetSecurePortStatus] + (0x0x0)module:0x0 dma port:imgo
07-25 21:40:09.106   723  5053 D SecMgr  : [SecMgr_GetSecurePortStatus] (0x0)DMA port (0x0) is not supported
07-25 21:40:09.106   723  5053 D SecMgr  : [SecMgr_GetSecurePortStatus] + (0x0x0)module:0x0 dma port:
07-25 21:40:09.106   723  5053 D SecMgr  : [SecMgr_GetSecurePortStatus] + (0x0x0)module:0x0 dma port:lcso
07-25 21:40:09.106   723  5053 D NormalPipe: [ispDequeThread] N:0_deq@SOF_9
07-25 21:40:09.107   723  5044 D NormalPipe: [deque] MyDeq:0: dma:0x6 pa(0x4F013C0) io(0_0_1_0_0_0_2016_1_2016_1) mag(0x7)|dma:0x8 pa(0x7100000) io(0_0_2016_1136_0_0_1920_1088_1920_1088) mag(0x7)|dma:0xb pa(0xDA00000) io(0_0_0_0_0_0_0_0_0_0) mag(0x7)|dma:0xf pa(0x9000700) io(0_0_0_0_0_0_0_0_0_0) mag(0x7)|
07-25 21:40:09.107   723  5053 D SecMgr  : [SecMgr_GetSecurePortStatus] + (0x0x0)module:0x0 dma port:rrzo
07-25 21:40:09.107   723  5053 D SecMgr  : [SecMgr_GetSecurePortStatus] (0x0)DMA port (0x1) is not supported
07-25 21:40:09.107   723  5044 W fsc_hal : [processResult]image_scale_output.image_scale == 0
07-25 21:40:09.107   723  5044 D fsc_hal : [processResult]P magic(7) dac(100) ET(30003) EIS(0), CB magic(7), factor(1.000000), sensor(2016,1136), RRZO: c(0,0,2016,1136) s(1920,1088) f(0.000000,0.000000,1920.000000,1088.000000),RSSO: s(0,0), f(0.000000,0.000000,0.000000,0.000000)
07-25 21:40:09.107   723  5044 D MtkCam/HalSensorList: [querySecureState] Secure State is 0
07-25 21:40:09.107   723  5044 D MtkCam/HalSensor: [destroyInstance] HalSensor destroyInstance count = 6, caller =MtkCam/P1NodeUtility
07-25 21:40:09.107   723  5044 D MtkCam/BaseHeap: [IonHeap::unlockBufLocked] Hal:Image:P1:Fullraw_main1:Size2016x1:Stride2520.0.0:Sn3@ still locked (2)
07-25 21:40:09.107   723  5044 I MtkCam/P1NodeImp: [releaseAction] [Cam::0 R9 S9 E9 D7 O6 #1] [P1::DEQ][Num Q:7 M:7 F:5 R:5 @7][Type:1 Out:x85 Rec:x0 Raw:1 Cap:0 Exe:3 Flush:x0] job(0/1) IMG(pure) RRZ0(0-0-2016x1136)(0-0-1920x1088)(1920x1088) T-ns(EXP: 30003000)(Src:0)(SOF: m_947776419000 b_947776413000)(SS: 947746416000) ExpExtend(0, 0)Q(SensorTs
07-25 21:40:09.107   723  5047 I MtkCam/P1NodeImp: [releaseFrame] [Cam::0 R9 S9 E9 D7 O7 #1] [P1::OUT][Num Q:7 M:7 F:5 R:5 @7][Type:1 Out:x85 Rec:x0 Raw:1 Cap:0 Exe:3 Flush:x0] [Release-0] [DispatchFrame]
07-25 21:40:09.108   723  5047 D MtkCam/ppl_context: [onDispatchFrame] r5 frameNo:5 0x1 -> 0x15 READY(1/1)
07-25 21:40:09.108   723  5047 D MtkCam/P2/MWFrameRequest: [printIOMap] P2S cam 0 MWFrame:#5 MWReq:#5, frame 6 : iomap: [0]=>img[2/1], meta[3/2], fps[29.94]
07-25 21:40:09.109   723  5062 D MtkCam/P2/StreamingProcessor: [makePayLoad] P2S cam 0 MWFrame:#5 MWReq:#5, frame 6-0 : masterID(0) #Requests(1) merged into #RequestsPacks(1), PendingPayload(1), p1Ts=0000947748916000
07-25 21:40:09.109   723  5062 D MtkCam/StreamingPipe/Data: [calNonLargeSrcCrop]sID(0), imgoIn(0), srcCrop(0,0,1920x1088), isSrcCrop(0), mP2Pack Valid(1), imgo(0x0),rrz(1920x1088)
07-25 21:40:09.109   723  5062 D MtkCam/StreamingPipe/Pipe: [prepareIORequest]P2S cam 0 MWFrame:#5 MWReq:#5, frame 6-6  master/slave/fd(0/-1/0) ReqNo(6), feature=0x8008(3DNR+FSC), cycle(33), fps(n/a)=(30/30), ZoomROI((1442.539673x1088.000000)@(238.730179,0.000000)) SFPIOMgr:[sID(0)--IMG(0x0/0),RRZ(0xb400007e0e833970/1),LCS(0xb400007e0e821730/1),LCSH(0x0/0),pRSS(0x0/0),cRSS(0x0/0),RSSR2(0x0/0),FYuv(0x0/0),RYuv1(0x0/0),RYuv2(0x0/0),mAIYuv(0x0/0),HalI(0xb400007dbe8198c0),AppI(0xb400007e2e838278),AppDI(0xb400007dbe81aea0),AppOver(0x0)]{path(GEN),halO(0xb400007e2e8149f0),appO(0xb400007e2e81af70),Outs--[buf(0xb400007e0e82e870/1)(320x240),tran(0),type(1), tar(disp), prof(0), crop(238.730179,0.000000,1442.539673x1088.000000), flag(0x0)]Tuning--id(0)--[flag(5)]}
07-25 21:40:09.110   723  5060 D isp_mgr_sl2: DIP_X_SL2H_RZ is (SL2_VRZ_COM, SL2_HRZ_COM) = (2138, 2150), (i4RzWidth, i4Width) = (1920, 2016), (i4RzHeight, i4Height) = (1088, 1136)
07-25 21:40:09.110   723  5060 D isp_mgr_sl2: profile is 1, DIP_X_SL2H_RZ is (0x085a0866)
07-25 21:40:09.111   723  5060 D isp_mgr_nr3d: NR3D_EN(1), SL2E_EN(1), x,y,w,h(0,0,1920,1088), full x,y,w,h(0,0,1920,1088),vipi offst(0) w,h(1920,1088), R2C en(1) cnt(3,7,7,7)
07-25 21:40:09.111   723  5060 D MtkCam/StreamingPipe/P2ANode: [enqueFeatureStream] P2S cam 0 MWFrame:#5 MWReq:#5, frame 6-6 :sensor(0) Frame 6 enque start
07-25 21:40:09.111   723  5055 D Iop/p2HPEQNode: [doEnque] sDrvScen:0, CQIdx:0, dupCQIdx:1, burstQIdx:0, RingBufIndex:5,  mTuningData ptr:780427428
07-25 21:40:09.111   723  5055 D PostProcPipe: [PrintPipePortInfo] vInPorts:FN(5),RN(5),TS(0xaa3ccb20),UK(0xcc183a0),Sec(0),[0]:(0x2205),w(1920),h(1088),stride(3600,0,0),type(0),idx(19),dir(0),Size(0x003bc400,0x00000000,0x00000000),VA(0x7c88249000,0x0,0x0),PA(0x7100000,0x0,0x0),secPort(0),
07-25 21:40:09.111   723  5055 D PostProcPipe:                       vInPorts:FN(5),RN(5),TS(0xaa3ccb20),UK(0xcc183a0),Sec(0),[1]:(0x32315659),w(1920),h(1088),stride(1920,960,960),type(0),idx(22),dir(0),Size(0x001fe000,0x0007f800,0x0007f800),VA(0x7c85b2d000,0x7c85d2b000,0x7c85daa800),PA(0xaa00000,0xabfe000,0xac7d800),secPort(0),
07-25 21:40:09.111   723  5055 D PostProcPipe:                       vInPorts:FN(5),RN(5),TS(0xaa3ccb20),UK(0xcc183a0),Sec(0),[2]:(0x2401),w(200),h(112),stride(768,0,0),type(0),idx(26),dir(0),Size(0x00048000,0x00000000,0x00000000),VA(0x7cd115e000,0x0,0x0),PA(0xda00000,0x0,0x0),secPort(0)
07-25 21:40:09.111   723  5055 D PostProcPipe: [PrintPipePortInfo] vOutPorts:FN(5),RN(5),TS(0xaa3ccb20),UK(0xcc183a0),Sec(0),[0]:(0x32315659),w(1920),h(1088),stride(1920,960,960),type(0),idx(32),dir(1),Size(0x001fe000,0x0007f800,0x0007f800),VA(0x7c8582f000,0x7c85a2d000,0x7c85aac800),PA(0xad00000,0xaefe000,0xaf7d800),secPort(0),
07-25 21:40:09.111   723  5055 D PostProcPipe:                       vOutPorts:FN(5),RN(5),TS(0xaa3ccb20),UK(0xcc183a0),Sec(0),[1]:(0x11),w(320),h(240),stride(320,320,0),type(0),idx(38),dir(1),Size(0x00012c00,0x00009600,0x00000000),VA(0x7f7717b000,0x7f7718dc00,0x0),PA(0xe100000,0xe112c00,0x0),secPort(0)
07-25 21:40:09.111   723  5055 D PostProcPipe: [configPipe] [Imgi][crop_1](x,f_x,y,f_y)=(0,0,0,0),(w,f_w,h,f_h)=(0,0,0,0),(tarW,tarH)=(0,0)-
07-25 21:40:09.111   723  5055 D PostProcPipe:                     [crop_2](x,f_x,y,f_y)=(238,765648,0,0),(w,f_w,h,f_h)=(1442,565888,1088,0),(tarW,tarH)=(320,240)-
07-25 21:40:09.111   723  5055 D PostProcPipe:                     [crop_3](x,f_x,y,f_y)=(0,0,0,0),(w,f_w,h,f_h)=(0,0,0,0),(tarW,tarH)=(0,0),dupCqIdx(1),[vipi]ofst(0),rW/H(1920/1088)
07-25 21:40:09.111   723  5055 D PostProcPipe: ,                    isDipOnly(0), hwmodule(9/0), dipCQ/dup/burst(0/1/0), drvSc(0), isWtf(1),tdr_tpipe(0),en_yuv/yuv2/rgb/dma/fmt_sel/ctl_sel/misc (0x11e07df8/0xf0/0x1400f9/0x20e0f1/0x30480409/0x16040/0x10), tcm(0xa/0x9fd8e1e3/0xe807b3c), last(1), CRZ_EN(0), img3o ofset(0,0),userName(),PIX_ID(3),ImgBuf_PIX_ID(3),tv_sec(1784986809),tv_usec(144221)
07-25 21:40:09.111   723  5055 D iio/ifunc_dip: [ConfigDipPipe] moduleIdx(0), pDipWBuf(0xce827238), m_pIspDescript_phy(0x911e000), m_pIspDescript_vir(0x8a673000), m_pIspVirRegAddr_pa(0x911f000), m_pIspVirRegAddr_va(0x8a674000)
07-25 21:40:09.111   723  5056 D iio/ifunc_dip: [enable] thiscq(0), frameflag(0x1), ring_index(5), ref_ringbufidx(4)
07-25 21:40:09.111   723  5056 D MdpMgr  : [updateDpStreamMap] refObjectCqIdx:0, refObjectRingBufIdx:1,cqIdx:0,ringIdx:5,refringbufidx:4
07-25 21:40:09.111   723  5056 D MdpMgr  : [selectDpIspStream] [selectDpIspStream] cqIdx(0/1/0/5_0/1),sceID(0)
07-25 21:40:09.112   723  5056 D MdpMgr  : [_startMdp] dstFmt(657,4982892)
07-25 21:40:09.112   723  5056 D MdpMgr  : [_startMdp] +sceID(0),cqPa(0x911e000)-Va(0x7c8a673000),tpipVa(0x7c8a164000)-Pa(0x9310000),isWaitB(1),cqIndx(0/1/0/5),venc(0),(va: 0x7c8a164000),        srcFt(0x2205),W(1920),H(1088),stride(3600,0),size(0x3bc400-0x0-0x0),VA(0x    ffff),PA(0x 7100000),plane(1),Stmtype(1)
07-25 21:40:09.112   723  5056 D MdpMgr  :         wdma_en(1),idx(0),cap(3),ft(17),rt(0),fp(0),(w,h,s)=(320,240,320),C(w,h,s)=(320,120,320),V(w,h,s)=(0,0,0),mdpidx(0),
07-25 21:40:09.112   723  5056 D MdpMgr  :         wrot_en(0),idx(1),cap(0),ft(0),rt(0),fp(0),(w,h,s)=(0,0,0),C(w,h,s)=(0,0,0),V(w,h,s)=(0,0,0),mdpidx(0),
07-25 21:40:09.112   723  5056 D MdpMgr  :         jpg_en(0),idx(2),cap(0),ft(0),rt(0),fp(0),(w,h,s)=(0,0,0),C(w,h,s)=(0,0,0),V(w,h,s)=(0,0,0),mdpidx(1),
07-25 21:40:09.112   723  5056 D MdpMgr  :         pipe_en(0),idx(3),cap(0),ft(0),rt(0),fp(0),(w,h,s)=(0,0,0),C(w,h,s)=(0,0,0),V(w,h,s)=(0,0,0),mdpidx(2),
07-25 21:40:09.112   723  5056 D MdpMgr  :         (va:0x7c8a164000,dstpa:0x9310000)
07-25 21:40:09.112   723  5056 D MdpMgr  : flag(0_0x1->0x1),startStm(323 us),WDPQ(0x       0),WRPQ(0x       0),tv_sec(1784986809),tv_usec(144221)
07-25 21:40:09.112   723  5056 D Iop/p2HPEQNode: [doMdpStart] frameUnit.idxofwaitDQFrmPackList (0x5e812e78_0_0_1, 0_0_1_0)
07-25 21:40:09.112   723  5057 D MdpMgr  : [selectDpIspStream] [selectDpIspStream] cqIdx(0/1/0/5_0/1),sceID(0)
07-25 21:40:09.115   531  2449 E [GrallocExtra-ERROR]: gralloc_extra_query:105 gralloc_extra_query with NULL handle: 0x0
07-25 21:40:09.115  2345  2403 D C2OMXNode: dhy...mOsdPos:,,mOsdText:
07-25 21:40:09.119   723  5057 D MdpMgr  : [_dequeueBuf] +,cqIndx(0/1/0/5),sceID(0),deqIndex(1),isWaitBuf(1),
07-25 21:40:09.119   723  5057 D MdpMgr  :         deqIndex(1), dequeTime(6599 us)
07-25 21:40:09.119   723  5057 D MdpMgr  : [selectDpIspStream] [selectDpIspStream] cqIdx(0/1/0/5_0/1),sceID(0)
07-25 21:40:09.119   723  5057 D MdpMgr  : [_dequeueBuf] +,cqIndx(0/1/0/5),sceID(0),deqIndex(0),isWaitBuf(1),
07-25 21:40:09.119   723  5057 D MdpMgr  :         deqIndex(0), dequeTime(20 us)
07-25 21:40:09.119   723  5057 D MdpMgr  : [selectDpIspStream] [selectDpIspStream] cqIdx(0/1/0/5_0/1),sceID(0)
07-25 21:40:09.119   723  5057 D MtkCam/StreamingPipe/P2ANode: [onDIPStreamBaseCB] P2S cam 0 MWFrame:#5 MWReq:#5, frame 6-6 :sensor(0) Frame 6 enque done in 8 ms, result = 1
07-25 21:40:09.119   723  5057 D Iop/p2HPDQNode: [doDeque] +,tag(2),idx(0),p2CQ(0/1/0/5),
07-25 21:40:09.119   723  5057 D Iop/p2HPDQNode:                          +,tag(1),idx(0),p2CQ(0/1),
07-25 21:40:09.119   723  5057 D Iop/p2HPDQNode:                          -,cb(144 us)
07-25 21:40:09.120   723  5061 D MtkCam/P2/MWFrame: [doRelease] P2S cam 0 MWFrame:#5 MWReq:#5, frame 6 : all streams(8), using(0), status: s0:d0:App:YCrCb_420_SP:0|HW_TEXTURE(1),Meta:App:Control(1),Hal:Image:P1:Resizeraw_main1(1),Hal:Image:STT_main1(1),Hal:Meta:P1:Dynamic_main1(1),Hal:Meta:P2:Dynamic(1),App:Meta:DynamicP1_main1(1),App:Meta:DynamicP2(1),
07-25 21:40:09.120   723  5025 D mtkcam-AppStreamMgr: [0-FrameHandler::updateResult] requestNo 5, real time:0, last partial:1
07-25 21:40:09.120   723  5061 D mtkcam-pipeline: [onLastStrongRef] [ requestNo:5 frameNo:5 ] frame end
07-25 21:40:09.120   723  5025 D ULog    : R AppRequest:5 M[CameraDevice:187001] -  :mtkcam-AppStreamMgr #38219
07-25 21:40:09.120   723  5061 D MtkCam/StreamingPipe/Timer: [print]Frame timer [#    6/   0][t  10][io   0][tof  0/  0][d  0/  0][mss  0/  0/  0/  0][a  9/  1/  8][tun  0/  0][msf  0/  0][vnr  0/  0/  0][am  0][b  0/  0][tpi(  0/  0)/(  0/  0)/(  0/  0)][vmdp_A  0/  0 vmdp_B  0/  0][h  0/  0/  0][e  0][r  0/  0][w_A  0/  0/  0/  0 w_B  0/  0/  0/  0][x  0][disp  0/  0][async  0/  0][p2sm  0/  0/  0][fps30.30/30.30/ 30/ 30]
07-25 21:40:09.132   723  5028 D HwIRQ3A : [wait] VSIrq
07-25 21:40:09.132   723  5052 D NormalPipe: [enqueRequest] +N:0 CurSof:10 enqCnt:8 cqCnt(p/v):8/8 FrameStatus(2)
07-25 21:40:09.132   723  5052 D NormalPipe: [configEnquePath] N:0 configFrame event:1 multiSenNum:2 occupy:0 status:1(2) fsm:0 depth:0
07-25 21:40:09.132   723  5052 D NormalPipe: [dmaCfg] N:0 dma:x8 cmd:0x101a, crop:(0,0,2016,1136), outsize:(1920,1088)
07-25 21:40:09.132   723  5028 I MtkCam/P1NodeImp: [setRequest] [Cam::0 R10 S10 E9 D7 O7 #0] [P1::SET][Num Q:10 M:10 F:8 R:8 @0][Type:1 Out:x85 Rec:x0 Raw:1 Cap:0 Exe:1 Flush:x0] Num[10] Ctrl[1]=[ 10 ]
07-25 21:40:09.132   723  5052 D NormalPipe: [dmaCfg] N:0 dma:x6 cmd:0x101c, crop:(0,0,2016,1), outsize:(2016,1)
07-25 21:40:09.132   723  4812 E camiopipe: [vendor/mediatek/proprietary/hardware/mtkcam/drv/src/isp/mt6768/imageio/pipe/CamIOPipe/CamIOPipe.cpp, sendCommand, line3805] ERROR: [0x0]:NOT support command! (sendCommand){#3805:vendor/mediatek/proprietary/hardware/mtkcam/drv/src/isp/mt6768/imageio/pipe/CamIOPipe/CamIOPipe.cpp}
07-25 21:40:09.132   723  5028 D aao_buf_mgr: [updateInfo] mMagicNumber(7), i4SubsampleCount(1)
07-25 21:40:09.132   723  4812 E camiopipe: [vendor/mediatek/proprietary/hardware/mtkcam/drv/src/isp/mt6768/imageio/pipe/CamIOPipe/CamIOPipe.cpp, sendCommand, line3812] ERROR: [0x0]:sendCommand(0x1500) error! (sendCommand){#3812:vendor/mediatek/proprietary/hardware/mtkcam/drv/src/isp/mt6768/imageio/pipe/CamIOPipe/CamIOPipe.cpp}
07-25 21:40:09.132   723  4812 E NormalPipe: [vendor/mediatek/proprietary/hardware/mtkcam/drv/src/isp/mt6768/iopipe/CamIO/NormalPipe.cpp, sendCommand, line3773] ERROR: error: sendCommand fail: (cmd,arg1,arg2,arg3)=(0x00001500,0x7C9EA4FF40,0x7C9EA4FF44,0xB400007ECE8174BC) (sendCommand){#3773:vendor/mediatek/proprietary/hardware/mtkcam/drv/src/isp/mt6768/iopipe/CamIO/NormalPipe.cpp}
07-25 21:40:09.132   723  4812 D Hal3Av3 : [parseMeta] Return to AP AE_REGIONS L(0) T(0) R(0) B(0) W(0)
07-25 21:40:09.132   723  4812 D Hal3Av3 : [parseMeta] Return to AP AF_REGIONS L(0) T(0) R(0) B(0) W(0)
07-25 21:40:09.132   723  4812 D Hal3Av3 : [parseMeta] Return to AP AWB_REGIONS L(0) T(0) R(0) B(0) W(0)
07-25 21:40:09.132   723  4812 D Hal3Av3 : [parseMeta] MTK_SENSOR_TEST_PATTERN_DATA(0, 0, 0, 0)
07-25 21:40:09.132   723  5052 D ifunc_cam_tuning: [update] [0x0]:CAM_TUNING_CTRL - EN:0x100e02e0 DMA:0x808001e8
07-25 21:40:09.132   723  4812 I MtkCam/P1NodeImp: [runQueue] [Cam::0 R10 S10 E9 D7 O7 #1] [P1::REQ][Num Q:11 M:0 F:9 R:9 @0][Type:1 Out:x85 Rec:x0 Raw:1 Cap:0 Exe:1 Flush:x0] [META ze:0 ci:3 rt:-1 tn:-1 qc:-1 fi:-1 fr:-1] [New-Request][0] [0] [IMGO:1 (-1,-1)] [Gp:255/0] IOmap-Img[1]=<0_I[0]{}_O[2]{0x100000003,0x100000004}>-Meta[1]=<0_I[2]{0x80000000,0x100000018}_O[2]{0x10000001b,0x100000024}> CfgStream-Img[OutIMG:0x100000001(0),OutRRZ:0x100000003(1),OutLCS:0x100000004(1)]-Meta[InAPP:0x80000000(1),InHAL:0x100000018(1),OutAPP:0x100000024(1),OutHAL:0x10000001b(1)]  | [PreSet][Key:11] Num(0) Dummy(0) MetaCnt[APP:66,HAL:17] | [Rev:0] depth(1) burst(1) Que[1]
07-25 21:40:09.132   723  5052 D LMVDrv  : [GetLMVStatusAndUpdate]Suspicous clear, driver may drop frame and now in new pipeline: magicNum(9)=bypass(0)
07-25 21:40:09.132   723  4812 D MtkCam/ppl_context: [sendFrameToRootNodes] r9 frameNo:9 (X) -> 0x1 success; erase record
07-25 21:40:09.132   723  5052 W LMVDrv  : [GetLMVStatusAndUpdate]Cannot find magicNum(0) in queue(0)
07-25 21:40:09.133   723  5052 D camiopipe: [sendCommand] [0x0]:[1]P1_UPDATE_CHECK CTL_EN(0x11bebee3) +[0_0]:0x11bebee3 [1_0]:0x11bebee3 [2_0]:0x11bebee3 -[0_0]:0x11bebee3 [1_0]:0x11bebee3 [2_0]:0x11bebee3 
07-25 21:40:09.133   723  5028 D AeFlowDefault: [monitorAndReschedule:Perframe AE] Calc:1 Apply:1 Magic:7 AEMonitorStable:1 VdCnt:0 u4CwvYcur:0 u4CwvYpre:0 
07-25 21:40:09.133   723  5052 D NormalPipe: [frameToEnque] - sof(10)
07-25 21:40:09.133   723  5052 D NormalPipe: [enqueRequest] -
07-25 21:40:09.133   723  5028 D ae_mgr  : [updateAEInfo2ISP] State:0 VDNum:0 Shutter:30003 Gain:9040 1024 750 Flare offset:0 512 FrameDuration:33350000 DisableOBC:0 ExpRatio:100 eAEMode:1 eAEstate:2 CurrentidxF:113
07-25 21:40:09.133   723  5081 D MtkCam/HalSensorList: [querySecureState] Secure State is 0
07-25 21:40:09.133   723  5028 D awb_mgr : [setIspAwbInfo()] m_eSensorDev: 1, awb_gain: 988/512/824, PreGain1: 512/512/512, RPG: 988/512/824, PGN: 988/512/824, bAWBLock: 0 (m_bAWBLock:0, m_u4AWBMode:1)
07-25 21:40:09.133   723  5028 D Task3APv: [run] getSensorParams: m_u4PreRealISO(750), u4RealISO(750), m_preAwbGain(990, 512, 817), rAwbInfo.gain(988, 512, 824)
07-25 21:40:09.133   723  5028 D isp_tuning_custom: [evaluate_Shading_Ratio] sensorid(1379), preSensorId(1379), eSensorMode(2), preSensorMode(2), isSensorOrModeSwitch(0), isInit(0)
07-25 21:40:09.133   723  5028 D isp_tuning_custom: [iso_smooth][ISO smooth enabled][ISO idx(3315)]avgISO = 750.
07-25 21:40:09.133   723  5028 D isp_tuning_custom: [RA_smooth][RA smooth][frm idx(3315)] rto for iso(21), prev_rto(21),RA_incremental_step(2), smoothed ratio(21)
07-25 21:40:09.133   723  5028 D paramctrl_per_frame: put ratio with m_eSensorDev(1), i4Rto(21)
07-25 21:40:09.134   723  5028 D paramctrl_per_frame: [updateLscInfo] (flash, iso, rto)=(0, 750, 21), auto(1), lock(0,0,0), dyn(1), op(0), PreCapFlashIsLockRto(0), fgForceUnlock(0)
07-25 21:40:09.134   723  5028 D Task3APv: [run] Cam 1 : Req(#10)/Stt(#7)/i4Opt(0)/FlashOnOff(0) Lv(8)/ISO(750)/RGB(988,512,824) AFisLockAE(1) isLVChangeTooMuch(0) m_i4FrameCount(8) m_i4TsfFrameCount(9)
07-25 21:40:09.134   723  5033 D MtkCam/BaseHeap: [IonHeap::helpFlushCacheIon] ctrl(0), num[0]: mID(0x26),size(24576),VA(0x7f77703000),PA(0x5400000)
07-25 21:40:09.134   723  4812 D ULog    : R AppRequest:10 M[CameraDevice:187001] +  :mtkcam-dev3 #38220
07-25 21:40:09.134   723  5028 W TuningMgr: TuningMgr[updateEngine] WARNING: [temp log] AF enable(1_0x100e02e0_0x808001e8)
07-25 21:40:09.134   723  5028 D TuningMgr: TuningMgr[enqueBuffer] magicNum(0xa)
07-25 21:40:09.134   723  4812 D mtkcam-dev3-utils: [0-AppRequestUtil::createOneRequest] requestNumber[10]:StreamBuffer:0xb400007dbe822450 streamId:0 bufferId:4 buffer:0xb400007e2e823dd0 status:OK acquireFenceOp.hdl:0x7cde6082f0 releaseFenceOp.hdl:0x0 acquireFenceOp.fd:-1 releaseFenceOp.fd:-1 appBufferHandleHolder:0xb400007d8e852a28 freeByOthers:0 / 
07-25 21:40:09.134   723  5081 D MtkCam/HalSensorList: [querySecureState] Secure State is 0
07-25 21:40:09.135   723  4812 D mtkcam-HDRPolicyHelper: [getSeamlessSmoothResult][Cam::0]frameType[3] requestAETargetMode=0 requestExpNum=0
07-25 21:40:09.135   723  5028 I MtkCam/P1NodeImp: [setupAction] [Cam::0 R10 S10 E10 D7 O7 #1] [P1::ENQ][Num Q:10 M:10 F:8 R:8 @10][Type:1 Out:x85 Rec:x0 Raw:1 Cap:0 Exe:1 Flush:x0] [Exp:30003000ns] [MetaCtrl][SCALER_CROP(1) (0,0_2016x1512) ][SENSOR_CROP(0)][RESIZER_SET(0)]
07-25 21:40:09.135   723  5028 D NormalPipe: [acceptEnqRequest] MyEnq:0: dma:0x8 pa(0x7D00000)io(0_0_2016_1136_1920_1088) mag(0xa)|dma:0x6 pa(0x4F013C0)io(0_0_2016_1_2016_1) mag(0xa)|dma:0xf pa(0x9000A00)io(0_0_256_1_256_1) mag(0xa)|dma:0xb pa(0xE200000)io(0_0_384_384_384_384) mag(0xa)|
07-25 21:40:09.135   723  4812 D MtkCam/ppl_context: [sendFrameToRootNodes] r10 frameNo:10 (X) -> 0x1 BUSY
07-25 21:40:09.137   723  5080 D AfAlgoC : [handleAFin0](8) Mode=3,Status=1,StatusC=8,AFSTrigger=0,FirstEnterCam=0,CurPos=100,ISO=750(100,6400),Shutter=30003,frameT=41,LV=8,deltaBV=0(0),curBV=113(113),stable=1,IsAfSearch=4,IsSelROI=0,ROISel=4,FDstatus=0,fundie=2,tmpv=0,AFMark=1,Time=1784986809,tg 2016 1136, hw 2016 1136, afa 257 257 config num 7 monitor roi 18 24, focus roi 18 24
07-25 21:40:09.137   723  5080 D AfAlgoC : [AdpComp] TS_AFDone(947815445) TS_MLStart(947715139) PixelInLine(24736) PixelClk(-694967296)PSample=0 CSample=0 BeforeM=0 MIng=0 AfterM=0 LENS_MOVING_TIME=12000
07-25 21:40:09.137   723  5080 D AfAlgo  : down maxOffset=46 maxCompLevel=46, cutOffset=7, maxOffset=46 offset 0, level 4, cut offset 7, x/y/z/g=70/1041/-83/1046
07-25 21:40:09.137   723  5080 D AfAlgoC : [HB] DafIO in: mode 0(in:0), (PD,LD,SD) cus(1,0,0) input(0,0,0) Que -1
07-25 21:40:09.137   723  5080 E AfAlgo  : Err:  6195: [AdpComp]Adaptive input error!! 
07-25 21:40:09.137   723  5080 E AfAlgo  : Err:  6279: [AdpComp]Adaptive input error
07-25 21:40:09.138   723  5080 D af_mgr_v3: #(   10,    8) MoveLensTo Dev(1) DAC(200)
07-25 21:40:09.138   723  5080 D LensDrv : [moveMCU] Dev(1) , ioctl - mcuIOC_T_MOVETO, error Operation not permitted
07-25 21:40:09.138   723  5080 D TaskAFNormal: [run] Cam 1 : Req(#10)/Stt(#8)/i4Opt(0)/FlashOnOff(0)
07-25 21:40:09.140   723  5053 D SecMgr  : [SecMgr_GetSecurePortStatus] + (0x0x0)module:0x0 dma port:rrzo
07-25 21:40:09.140   723  5053 D SecMgr  : [SecMgr_GetSecurePortStatus] (0x0)DMA port (0x1) is not supported
07-25 21:40:09.140   723  5053 D ifunc_cam_buf: [waitBufReady] [0x0]:, [0x7500000] waitbufready pass
07-25 21:40:09.140   723  5053 D ifunc_cam_buf: [dequeueHwBuf] [0x0]:BUF_CTRL_RRZO:(0xd_0x0),PA(0x7500000_0xBC00B80),FH_VA(0x7F775C3B80),size(0x3bc400),cur sof(0),
07-25 21:40:09.140   723  5053 D SecMgr  : [SecMgr_GetSecurePortStatus] + (0x0x0)module:0x0 dma port:imgo
07-25 21:40:09.140   723  5053 D SecMgr  : [SecMgr_GetSecurePortStatus] (0x0)DMA port (0x0) is not supported
07-25 21:40:09.140   723  5053 D SecMgr  : [SecMgr_GetSecurePortStatus] + (0x0x0)module:0x0 dma port:
07-25 21:40:09.140   723  5053 D SecMgr  : [SecMgr_GetSecurePortStatus] + (0x0x0)module:0x0 dma port:lcso
07-25 21:40:09.140   723  5053 D NormalPipe: [ispDequeThread] N:0_deq@SOF_10
07-25 21:40:09.140   723  5053 D SecMgr  : [SecMgr_GetSecurePortStatus] + (0x0x0)module:0x0 dma port:rrzo
07-25 21:40:09.140   723  5053 D SecMgr  : [SecMgr_GetSecurePortStatus] (0x0)DMA port (0x1) is not supported
07-25 21:40:09.140   723  5044 D NormalPipe: [deque] MyDeq:0: dma:0x6 pa(0x4F009E0) io(0_0_1_0_0_0_2016_1_2016_1) mag(0x8)|dma:0x8 pa(0x7500000) io(0_0_2016_1136_0_0_1920_1088_1920_1088) mag(0x8)|dma:0xb pa(0xDB00000) io(0_0_0_0_0_0_0_0_0_0) mag(0x8)|dma:0xf pa(0x9000800) io(0_0_0_0_0_0_0_0_0_0) mag(0x8)|
07-25 21:40:09.140   723  5044 W fsc_hal : [processResult]image_scale_output.image_scale == 0
07-25 21:40:09.141   723  5044 D fsc_hal : [processResult]P magic(8) dac(200) ET(30003) EIS(0), CB magic(8), factor(1.000000), sensor(2016,1136), RRZO: c(0,0,2016,1136) s(1920,1088) f(0.000000,0.000000,1920.000000,1088.000000),RSSO: s(0,0), f(0.000000,0.000000,0.000000,0.000000)
07-25 21:40:09.141   723  5044 D MtkCam/HalSensorList: [querySecureState] Secure State is 0
07-25 21:40:09.141   723  5044 D MtkCam/HalSensor: [destroyInstance] HalSensor destroyInstance count = 6, caller =MtkCam/P1NodeUtility
07-25 21:40:09.141   723  5044 D MtkCam/BaseHeap: [IonHeap::unlockBufLocked] Hal:Image:P1:Fullraw_main1:Size2016x1:Stride2520.0.0:Sn2@ still locked (2)
07-25 21:40:09.141   723  5044 I MtkCam/P1NodeImp: [releaseAction] [Cam::0 R10 S10 E10 D8 O7 #1] [P1::DEQ][Num Q:8 M:8 F:6 R:6 @8][Type:1 Out:x85 Rec:x0 Raw:1 Cap:0 Exe:3 Flush:x0] job(0/1) IMG(pure) RRZ0(0-0-2016x1136)(0-0-1920x1088)(1920x1088) T-ns(EXP: 30003000)(Src:0)(SOF: m_947810197000 b_947810191000)(SS: 947780194000) ExpExtend(0, 0)Q(SensorTs
07-25 21:40:09.141   723  5047 I MtkCam/P1NodeImp: [releaseFrame] [Cam::0 R10 S10 E10 D8 O8 #1] [P1::OUT][Num Q:8 M:8 F:6 R:6 @8][Type:1 Out:x85 Rec:x0 Raw:1 Cap:0 Exe:3 Flush:x0] [Release-0] [DispatchFrame]
07-25 21:40:09.141   723  5047 D MtkCam/ppl_context: [onDispatchFrame] r6 frameNo:6 0x1 -> 0x15 READY(1/1)
07-25 21:40:09.141   723  5047 D MtkCam/P2/MWFrameRequest: [printIOMap] P2S cam 0 MWFrame:#6 MWReq:#6, frame 7 : iomap: [0]=>img[2/1], meta[3/2], fps[29.85]
07-25 21:40:09.142   723  5062 D MtkCam/P2/StreamingProcessor: [makePayLoad] P2S cam 0 MWFrame:#6 MWReq:#6, frame 7-0 : masterID(0) #Requests(1) merged into #RequestsPacks(1), PendingPayload(1), p1Ts=0000947782694000
07-25 21:40:09.142   723  5062 D MtkCam/StreamingPipe/Data: [calNonLargeSrcCrop]sID(0), imgoIn(0), srcCrop(0,0,1920x1088), isSrcCrop(0), mP2Pack Valid(1), imgo(0x0),rrz(1920x1088)
07-25 21:40:09.143   723  5062 D MtkCam/StreamingPipe/Pipe: [prepareIORequest]P2S cam 0 MWFrame:#6 MWReq:#6, frame 7-7  master/slave/fd(0/-1/0) ReqNo(7), feature=0x8008(3DNR+FSC), cycle(33), fps(n/a)=(30/30), ZoomROI((1442.539673x1088.000000)@(238.730179,0.000000)) SFPIOMgr:[sID(0)--IMG(0x0/0),RRZ(0xb400007e0e832410/1),LCS(0xb400007e0e818bb0/1),LCSH(0x0/0),pRSS(0x0/0),cRSS(0x0/0),RSSR2(0x0/0),FYuv(0x0/0),RYuv1(0x0/0),RYuv2(0x0/0),mAIYuv(0x0/0),HalI(0xb400007dbe81b920),AppI(0xb400007e2e81d238),AppDI(0xb400007dbe8218f0),AppOver(0x0)]{path(GEN),halO(0xb400007e2e831470),appO(0xb400007e2e832eb0),Outs--[buf(0xb400007e0e82b390/1)(320x240),tran(0),type(1), tar(disp), prof(0), crop(238.730179,0.000000,1442.539673x1088.000000), flag(0x0)]Tuning--id(0)--[flag(5)]}
07-25 21:40:09.144   723  5060 D isp_mgr_sl2: DIP_X_SL2H_RZ is (SL2_VRZ_COM, SL2_HRZ_COM) = (2138, 2150), (i4RzWidth, i4Width) = (1920, 2016), (i4RzHeight, i4Height) = (1088, 1136)
07-25 21:40:09.144   723  5060 D isp_mgr_sl2: profile is 1, DIP_X_SL2H_RZ is (0x085a0866)
07-25 21:40:09.144   723  5060 D isp_mgr_nr3d: NR3D_EN(1), SL2E_EN(1), x,y,w,h(0,0,1920,1088), full x,y,w,h(0,0,1920,1088),vipi offst(0) w,h(1920,1088), R2C en(1) cnt(0,0,8,8)
07-25 21:40:09.144   723  5060 D MtkCam/StreamingPipe/P2ANode: [enqueFeatureStream] P2S cam 0 MWFrame:#6 MWReq:#6, frame 7-7 :sensor(0) Frame 7 enque start
07-25 21:40:09.144  4539  4563 I mali_config: @get_buffer_dataspace_setting: update dataspace (0x10020000 -> 0x08020000)
07-25 21:40:09.144   723  5055 D Iop/p2HPEQNode: [doEnque] sDrvScen:0, CQIdx:0, dupCQIdx:0, burstQIdx:0, RingBufIndex:6,  mTuningData ptr:780333220
07-25 21:40:09.145   723  5055 D PostProcPipe: [PrintPipePortInfo] vInPorts:FN(6),RN(6),TS(0xac403470),UK(0xcc183a0),Sec(0),[0]:(0x2205),w(1920),h(1088),stride(3600,0,0),type(0),idx(19),dir(0),Size(0x003bc400,0x00000000,0x00000000),VA(0x7c87e8c000,0x0,0x0),PA(0x7500000,0x0,0x0),secPort(0),
07-25 21:40:09.145   723  5055 D PostProcPipe:                       vInPorts:FN(6),RN(6),TS(0xac403470),UK(0xcc183a0),Sec(0),[1]:(0x32315659),w(1920),h(1088),stride(1920,960,960),type(0),idx(22),dir(0),Size(0x001fe000,0x0007f800,0x0007f800),VA(0x7c8582f000,0x7c85a2d000,0x7c85aac800),PA(0xad00000,0xaefe000,0xaf7d800),secPort(0),
07-25 21:40:09.145   723  5055 D PostProcPipe:                       vInPorts:FN(6),RN(6),TS(0xac403470),UK(0xcc183a0),Sec(0),[2]:(0x2401),w(200),h(112),stride(768,0,0),type(0),idx(26),dir(0),Size(0x00048000,0x00000000,0x00000000),VA(0x7cd1047000,0x0,0x0),PA(0xdb00000,0x0,0x0),secPort(0)
07-25 21:40:09.145   723  5055 D PostProcPipe: [PrintPipePortInfo] vOutPorts:FN(6),RN(6),TS(0xac403470),UK(0xcc183a0),Sec(0),[0]:(0x32315659),w(1920),h(1088),stride(1920,960,960),type(0),idx(32),dir(1),Size(0x001fe000,0x0007f800,0x0007f800),VA(0x7c864cb000,0x7c866c9000,0x7c86748800),PA(0x9e00000,0x9ffe000,0xa07d800),secPort(0),
07-25 21:40:09.145   723  5055 D PostProcPipe:                       vOutPorts:FN(6),RN(6),TS(0xac403470),UK(0xcc183a0),Sec(0),[1]:(0x11),w(320),h(240),stride(320,320,0),type(0),idx(38),dir(1),Size(0x00012c00,0x00009600,0x00000000),VA(0x7f72fd1000,0x7f72fe3c00,0x0),PA(0xe300000,0xe312c00,0x0),secPort(0)
07-25 21:40:09.145   723  5055 D PostProcPipe: [configPipe] [Imgi][crop_1](x,f_x,y,f_y)=(0,0,0,0),(w,f_w,h,f_h)=(0,0,0,0),(tarW,tarH)=(0,0)-
07-25 21:40:09.145   723  5055 D PostProcPipe:                     [crop_2](x,f_x,y,f_y)=(238,765648,0,0),(w,f_w,h,f_h)=(1442,565888,1088,0),(tarW,tarH)=(320,240)-
07-25 21:40:09.145   723  5055 D PostProcPipe:                     [crop_3](x,f_x,y,f_y)=(0,0,0,0),(w,f_w,h,f_h)=(0,0,0,0),(tarW,tarH)=(0,0),dupCqIdx(0),[vipi]ofst(0),rW/H(1920/1088)
07-25 21:40:09.145   723  5055 D PostProcPipe: ,                    isDipOnly(0), hwmodule(9/0), dipCQ/dup/burst(0/0/0), drvSc(0), isWtf(1),tdr_tpipe(0),en_yuv/yuv2/rgb/dma/fmt_sel/ctl_sel/misc (0x11e07df8/0xf0/0x1400f9/0x20e0f1/0x30480409/0x16040/0x10), tcm(0xa/0x9fd8e1e3/0xe807b3c), last(1), CRZ_EN(0), img3o ofset(0,0),userName(),PIX_ID(3),ImgBuf_PIX_ID(3),tv_sec(1784986809),tv_usec(177711)
07-25 21:40:09.145   723  5055 D iio/ifunc_dip: [ConfigDipPipe] moduleIdx(0), pDipWBuf(0xce827290), m_pIspDescript_phy(0x9124000), m_pIspDescript_vir(0x8a679000), m_pIspVirRegAddr_pa(0x9125000), m_pIspVirRegAddr_va(0x8a67a000)
07-25 21:40:09.145   723  5056 D iio/ifunc_dip: [enable] thiscq(0), frameflag(0x1), ring_index(6), ref_ringbufidx(5)
07-25 21:40:09.145   723  5056 D MdpMgr  : [updateDpStreamMap] refObjectCqIdx:0, refObjectRingBufIdx:1,cqIdx:0,ringIdx:6,refringbufidx:5
07-25 21:40:09.145   723  5056 D MdpMgr  : [selectDpIspStream] [selectDpIspStream] cqIdx(0/0/0/6_0/1),sceID(0)
07-25 21:40:09.145   723  5056 D MdpMgr  : [_startMdp] dstFmt(657,4982892)
07-25 21:40:09.146   723  5056 D MdpMgr  : [_startMdp] +sceID(0),cqPa(0x9124000)-Va(0x7c8a679000),tpipVa(0x7c8a164000)-Pa(0x9310000),isWaitB(1),cqIndx(0/0/0/6),venc(0),(va: 0x7c8a164000),        srcFt(0x2205),W(1920),H(1088),stride(3600,0),size(0x3bc400-0x0-0x0),VA(0x    ffff),PA(0x 7500000),plane(1),Stmtype(1)
07-25 21:40:09.146   723  5056 D MdpMgr  :         wdma_en(1),idx(0),cap(3),ft(17),rt(0),fp(0),(w,h,s)=(320,240,320),C(w,h,s)=(320,120,320),V(w,h,s)=(0,0,0),mdpidx(0),
07-25 21:40:09.146   723  5056 D MdpMgr  :         wrot_en(0),idx(1),cap(0),ft(0),rt(0),fp(0),(w,h,s)=(0,0,0),C(w,h,s)=(0,0,0),V(w,h,s)=(0,0,0),mdpidx(0),
07-25 21:40:09.146   723  5056 D MdpMgr  :         jpg_en(0),idx(2),cap(0),ft(0),rt(0),fp(0),(w,h,s)=(0,0,0),C(w,h,s)=(0,0,0),V(w,h,s)=(0,0,0),mdpidx(1),
07-25 21:40:09.146   723  5056 D MdpMgr  :         pipe_en(0),idx(3),cap(0),ft(0),rt(0),fp(0),(w,h,s)=(0,0,0),C(w,h,s)=(0,0,0),V(w,h,s)=(0,0,0),mdpidx(2),
07-25 21:40:09.146   723  5056 D MdpMgr  :         (va:0x7c8a164000,dstpa:0x9310000)
07-25 21:40:09.146   723  5056 D MdpMgr  : flag(0_0x1->0x1),startStm(377 us),WDPQ(0x       0),WRPQ(0x       0),tv_sec(1784986809),tv_usec(177711)
07-25 21:40:09.146   723  5056 D Iop/p2HPEQNode: [doMdpStart] frameUnit.idxofwaitDQFrmPackList (0x5e812e78_0_0_0, 0_0_1_0)
07-25 21:40:09.146   723  5057 D MdpMgr  : [selectDpIspStream] [selectDpIspStream] cqIdx(0/0/0/6_0/1),sceID(0)
07-25 21:40:09.153   723  5057 D MdpMgr  : [_dequeueBuf] +,cqIndx(0/0/0/6),sceID(0),deqIndex(1),isWaitBuf(1),
07-25 21:40:09.153   723  5057 D MdpMgr  :         deqIndex(1), dequeTime(6750 us)
07-25 21:40:09.153   723  5057 D MdpMgr  : [selectDpIspStream] [selectDpIspStream] cqIdx(0/0/0/6_0/1),sceID(0)
07-25 21:40:09.153   723  5057 D MdpMgr  : [_dequeueBuf] +,cqIndx(0/0/0/6),sceID(0),deqIndex(0),isWaitBuf(1),
07-25 21:40:09.153   723  5057 D MdpMgr  :         deqIndex(0), dequeTime(20 us)
07-25 21:40:09.153   723  5057 D MdpMgr  : [selectDpIspStream] [selectDpIspStream] cqIdx(0/0/0/6_0/1),sceID(0)
07-25 21:40:09.153   723  5057 D MtkCam/StreamingPipe/P2ANode: [onDIPStreamBaseCB] P2S cam 0 MWFrame:#6 MWReq:#6, frame 7-7 :sensor(0) Frame 7 enque done in 8 ms, result = 1
07-25 21:40:09.153   723  5057 D Iop/p2HPDQNode: [doDeque] +,tag(2),idx(0),p2CQ(0/0/0/6),
07-25 21:40:09.153   723  5057 D Iop/p2HPDQNode:                          +,tag(1),idx(0),p2CQ(0/0),
07-25 21:40:09.153   723  5057 D Iop/p2HPDQNode:                          -,cb(155 us)
07-25 21:40:09.153   723  5061 D MtkCam/P2/MWFrame: [doRelease] P2S cam 0 MWFrame:#6 MWReq:#6, frame 7 : all streams(8), using(0), status: s0:d0:App:YCrCb_420_SP:0|HW_TEXTURE(1),Meta:App:Control(1),Hal:Image:P1:Resizeraw_main1(1),Hal:Image:STT_main1(1),Hal:Meta:P1:Dynamic_main1(1),Hal:Meta:P2:Dynamic(1),App:Meta:DynamicP1_main1(1),App:Meta:DynamicP2(1),
07-25 21:40:09.154   723  5025 D mtkcam-AppStreamMgr: [0-FrameHandler::updateResult] requestNo 6, real time:0, last partial:1
07-25 21:40:09.154   723  5061 D mtkcam-pipeline: [onLastStrongRef] [ requestNo:6 frameNo:6 ] frame end
07-25 21:40:09.154   723  5025 D ULog    : R AppRequest:6 M[CameraDevice:187001] -  :mtkcam-AppStreamMgr #38221
07-25 21:40:09.154   723  5061 D MtkCam/StreamingPipe/Timer: [print]Frame timer [#    7/   0][t  10][io   0][tof  0/  0][d  0/  0][mss  0/  0/  0/  0][a  9/  1/  8][tun  0/  0][msf  0/  0][vnr  0/  0/  0][am  0][b  0/  0][tpi(  0/  0)/(  0/  0)/(  0/  0)][vmdp_A  0/  0 vmdp_B  0/  0][h  0/  0/  0][e  0][r  0/  0][w_A  0/  0/  0/  0 w_B  0/  0/  0/  0][x  0][disp  0/  0][async  0/  0][p2sm  0/  0/  0][fps30.15/30.15/ 30/ 30]
07-25 21:40:09.161  4539  4563 I mali_config: @get_buffer_dataspace_setting: update dataspace (0x10020000 -> 0x08020000)
07-25 21:40:09.165   723  5028 D HwIRQ3A : [wait] VSIrq
07-25 21:40:09.165   723  5052 D NormalPipe: [enqueRequest] +N:0 CurSof:11 enqCnt:9 cqCnt(p/v):9/9 FrameStatus(2)
07-25 21:40:09.166   723  5052 D NormalPipe: [configEnquePath] N:0 configFrame event:1 multiSenNum:2 occupy:0 status:1(2) fsm:0 depth:0
07-25 21:40:09.166   723  5052 D NormalPipe: [dmaCfg] N:0 dma:x8 cmd:0x101a, crop:(0,0,2016,1136), outsize:(1920,1088)
07-25 21:40:09.166   723  5028 I MtkCam/P1NodeImp: [setRequest] [Cam::0 R11 S11 E10 D8 O8 #0] [P1::SET][Num Q:11 M:11 F:9 R:9 @0][Type:1 Out:x85 Rec:x0 Raw:1 Cap:0 Exe:1 Flush:x0] Num[11] Ctrl[1]=[ 11 ]
07-25 21:40:09.166   723  5052 D NormalPipe: [dmaCfg] N:0 dma:x6 cmd:0x101c, crop:(0,0,2016,1), outsize:(2016,1)
07-25 21:40:09.166   723  4812 E camiopipe: [vendor/mediatek/proprietary/hardware/mtkcam/drv/src/isp/mt6768/imageio/pipe/CamIOPipe/CamIOPipe.cpp, sendCommand, line3805] ERROR: [0x0]:NOT support command! (sendCommand){#3805:vendor/mediatek/proprietary/hardware/mtkcam/drv/src/isp/mt6768/imageio/pipe/CamIOPipe/CamIOPipe.cpp}
07-25 21:40:09.166   723  4812 E camiopipe: [vendor/mediatek/proprietary/hardware/mtkcam/drv/src/isp/mt6768/imageio/pipe/CamIOPipe/CamIOPipe.cpp, sendCommand, line3812] ERROR: [0x0]:sendCommand(0x1500) error! (sendCommand){#3812:vendor/mediatek/proprietary/hardware/mtkcam/drv/src/isp/mt6768/imageio/pipe/CamIOPipe/CamIOPipe.cpp}
07-25 21:40:09.166   723  4812 E NormalPipe: [vendor/mediatek/proprietary/hardware/mtkcam/drv/src/isp/mt6768/iopipe/CamIO/NormalPipe.cpp, sendCommand, line3773] ERROR: error: sendCommand fail: (cmd,arg1,arg2,arg3)=(0x00001500,0x7C9EA4FF40,0x7C9EA4FF44,0xB400007ECE81057C) (sendCommand){#3773:vendor/mediatek/proprietary/hardware/mtkcam/drv/src/isp/mt6768/iopipe/CamIO/NormalPipe.cpp}
07-25 21:40:09.166   723  5028 D aao_buf_mgr: [updateInfo] mMagicNumber(8), i4SubsampleCount(1)
07-25 21:40:09.166   723  4812 D Hal3Av3 : [parseMeta] Return to AP AE_REGIONS L(0) T(0) R(0) B(0) W(0)
07-25 21:40:09.166   723  4812 D Hal3Av3 : [parseMeta] Return to AP AF_REGIONS L(0) T(0) R(0) B(0) W(0)
07-25 21:40:09.166   723  5052 D ifunc_cam_tuning: [update] [0x0]:CAM_TUNING_CTRL - EN:0x100e02e0 DMA:0x808001e8
07-25 21:40:09.166   723  4812 D Hal3Av3 : [parseMeta] Return to AP AWB_REGIONS L(0) T(0) R(0) B(0) W(0)
07-25 21:40:09.166   723  5052 D LMVDrv  : [GetLMVStatusAndUpdate]Suspicous clear, driver may drop frame and now in new pipeline: magicNum(10)=bypass(0)
07-25 21:40:09.166   723  5052 W LMVDrv  : [GetLMVStatusAndUpdate]Cannot find magicNum(0) in queue(0)
07-25 21:40:09.166   723  4812 D Hal3Av3 : [parseMeta] MTK_SENSOR_TEST_PATTERN_DATA(0, 0, 0, 0)
07-25 21:40:09.166   723  5052 D camiopipe: [sendCommand] [0x0]:[2]P1_UPDATE_CHECK CTL_EN(0x11bebee3) +[0_0]:0x11bebee3 [1_0]:0x11bebee3 [2_0]:0x11bebee3 -[0_0]:0x11bebee3 [1_0]:0x11bebee3 [2_0]:0x11bebee3 
07-25 21:40:09.166   723  4812 I MtkCam/P1NodeImp: [runQueue] [Cam::0 R11 S11 E10 D8 O8 #1] [P1::REQ][Num Q:12 M:0 F:10 R:10 @0][Type:1 Out:x85 Rec:x0 Raw:1 Cap:0 Exe:1 Flush:x0] [META ze:0 ci:3 rt:-1 tn:-1 qc:-1 fi:-1 fr:-1] [New-Request][0] [0] [IMGO:1 (-1,-1)] [Gp:255/0] IOmap-Img[1]=<0_I[0]{}_O[2]{0x100000003,0x100000004}>-Meta[1]=<0_I[2]{0x80000000,0x100000018}_O[2]{0x10000001b,0x100000024}> CfgStream-Img[OutIMG:0x100000001(0),OutRRZ:0x100000003(1),OutLCS:0x100000004(1)]-Meta[InAPP:0x80000000(1),InHAL:0x100000018(1),OutAPP:0x100000024(1),OutHAL:0x10000001b(1)]  | [PreSet][Key:12] Num(0) Dummy(0) MetaCnt[APP:66,HAL:17] | [Rev:0] depth(1) burst(1) Que[1]
07-25 21:40:09.166   723  5052 D NormalPipe: [frameToEnque] - sof(11)
07-25 21:40:09.166   723  4812 D MtkCam/ppl_context: [sendFrameToRootNodes] r10 frameNo:10 (X) -> 0x1 success; erase record
07-25 21:40:09.166   723  5052 D NormalPipe: [enqueRequest] -
07-25 21:40:09.166   723  5028 D AeFlowDefault: [monitorAndReschedule:Perframe AE] Calc:1 Apply:1 Magic:8 AEMonitorStable:1 VdCnt:0 u4CwvYcur:0 u4CwvYpre:0 
07-25 21:40:09.167   723  5028 D ae_mgr  : [updateAEInfo2ISP] State:0 VDNum:0 Shutter:30003 Gain:9040 1024 750 Flare offset:0 512 FrameDuration:33350000 DisableOBC:0 ExpRatio:100 eAEMode:1 eAEstate:2 CurrentidxF:113
07-25 21:40:09.167   723  5081 D MtkCam/HalSensorList: [querySecureState] Secure State is 0
07-25 21:40:09.167   723  5028 D awb_mgr : [setIspAwbInfo()] m_eSensorDev: 1, awb_gain: 988/512/824, PreGain1: 512/512/512, RPG: 988/512/824, PGN: 988/512/824, bAWBLock: 0 (m_bAWBLock:0, m_u4AWBMode:1)
07-25 21:40:09.167   723  5028 D Task3APv: [run] getSensorParams: m_u4PreRealISO(750), u4RealISO(750), m_preAwbGain(988, 512, 824), rAwbInfo.gain(988, 512, 824)
07-25 21:40:09.167   723  5028 D isp_tuning_custom: [evaluate_Shading_Ratio] sensorid(1379), preSensorId(1379), eSensorMode(2), preSensorMode(2), isSensorOrModeSwitch(0), isInit(0)
07-25 21:40:09.167   723  5028 D isp_tuning_custom: [iso_smooth][ISO smooth enabled][ISO idx(3316)]avgISO = 750.
07-25 21:40:09.167   723  5028 D isp_tuning_custom: [RA_smooth][RA smooth][frm idx(3316)] rto for iso(21), prev_rto(21),RA_incremental_step(2), smoothed ratio(21)
07-25 21:40:09.167   723  5028 D paramctrl_per_frame: put ratio with m_eSensorDev(1), i4Rto(21)
07-25 21:40:09.167   723  5028 D paramctrl_per_frame: [updateLscInfo] (flash, iso, rto)=(0, 750, 21), auto(1), lock(0,0,0), dyn(1), op(0), PreCapFlashIsLockRto(0), fgForceUnlock(0)
07-25 21:40:09.167   723  5028 D Task3APv: [run] Cam 1 : Req(#11)/Stt(#8)/i4Opt(0)/FlashOnOff(0) Lv(8)/ISO(750)/RGB(988,512,824) AFisLockAE(1) isLVChangeTooMuch(0) m_i4FrameCount(9) m_i4TsfFrameCount(10)
07-25 21:40:09.168   723  5028 W TuningMgr: TuningMgr[updateEngine] WARNING: [temp log] AF enable(1_0x100e02e0_0x808001e8)
07-25 21:40:09.168   723  5028 D TuningMgr: TuningMgr[enqueBuffer] magicNum(0xb)
07-25 21:40:09.168   723  1126 D ULog    : R AppRequest:11 M[CameraDevice:187001] +  :mtkcam-dev3 #38222
07-25 21:40:09.168   723  5081 D MtkCam/HalSensorList: [querySecureState] Secure State is 0
07-25 21:40:09.168   723  1126 D mtkcam-dev3-utils: [0-AppRequestUtil::createOneRequest] requestNumber[11]:StreamBuffer:0xb400007dbe8190e0 streamId:0 bufferId:5 buffer:0xb400007e2e817110 status:OK acquireFenceOp.hdl:0x7cde6082f0 releaseFenceOp.hdl:0x0 acquireFenceOp.fd:-1 releaseFenceOp.fd:-1 appBufferHandleHolder:0xb400007d8e8482a8 freeByOthers:0 / 
07-25 21:40:09.169   723  1126 D mtkcam-HDRPolicyHelper: [getSeamlessSmoothResult][Cam::0]frameType[3] requestAETargetMode=0 requestExpNum=0
07-25 21:40:09.169   723  5028 I MtkCam/P1NodeImp: [setupAction] [Cam::0 R11 S11 E11 D8 O8 #1] [P1::ENQ][Num Q:11 M:11 F:9 R:9 @11][Type:1 Out:x85 Rec:x0 Raw:1 Cap:0 Exe:1 Flush:x0] [Exp:30003000ns] [MetaCtrl][SCALER_CROP(1) (0,0_2016x1512) ][SENSOR_CROP(0)][RESIZER_SET(0)]
07-25 21:40:09.169   723  5028 D NormalPipe: [acceptEnqRequest] MyEnq:0: dma:0x8 pa(0x8100000)io(0_0_2016_1136_1920_1088) mag(0xb)|dma:0x6 pa(0x4F009E0)io(0_0_2016_1_2016_1) mag(0xb)|dma:0xf pa(0x9000B00)io(0_0_256_1_256_1) mag(0xb)|dma:0xb pa(0xE400000)io(0_0_384_384_384_384) mag(0xb)|
07-25 21:40:09.169   723  1126 D MtkCam/ppl_context: [sendFrameToRootNodes] r11 frameNo:11 (X) -> 0x1 BUSY
07-25 21:40:09.171   723  5080 D af_mgr_v3: cmd-getFocusDistance Pos 100->200, Dis -1.433333->0.200000; fDist_Macro_rev 10.000000, fDist_Inf_rev 0.200000, fDAC_Macro 800.000000, fDAC_Inf 200.000000
07-25 21:40:09.171   723  5080 D AfAlgo  : down maxOffset=46 maxCompLevel=46, cutOffset=7, maxOffset=46 offset 0, level 4, cut offset 7, x/y/z/g=71/1040/-83/1045
07-25 21:40:09.171   723  5080 D AfAlgoC : [HB] DafIO in: mode 0(in:0), (PD,LD,SD) cus(1,0,0) input(0,0,0) Que -1
07-25 21:40:09.171   723  5080 E AfAlgo  : Err:  6195: [AdpComp]Adaptive input error!! 
07-25 21:40:09.171   723  5080 E AfAlgo  : Err:  6279: [AdpComp]Adaptive input error
07-25 21:40:09.171   723  5080 D AfAlgoC : [DAF] DafIO out: mode 0 isL 0 isQ 0 isV 0 afdac 200 afconf 100 qNum 0  sPDWin (0,0,0,0)
07-25 21:40:09.171   723  5080 D AfAlgoC : [handleAFout0](9) Mode=3,Status=1,StatusC=3,IsAfSearch=3,IsSelROI=0,ROISel=4,FDstatus=0,AFMark=1,mTrig=1,SceneState=00000000,ext=1, PostureDac=200/46, TermalPos=0, searchRange (200,800), camA=8, post=0
07-25 21:40:09.171   723  5080 D AfAlgoC : [AdpComp]Equivalent lens pos = 200
07-25 21:40:09.171   723  5080 D af_mgr_v3: #(   11,    9) doAF Dev(1) isAFSearch changed : 4 -> 3
07-25 21:40:09.172   723  5080 D LensDrv : [setMCUParam] Dev(1) , ioctl - mcuIOC_S_SETPARA, error Operation not permitted
07-25 21:40:09.172   723  5080 D af_mgr_v3: #(   11,    9) doAF Dev(1) checkSendCallback: m_bNeedSendCallback(1), AfterAutoMode(0), Searching(3), PDCL(0, 101), ISO(750, 0), FPS(29, 0)
07-25 21:40:09.172   723  5080 D af_mgr_v3: #(   11,    9) UpdateState Dev(1) EVENT_SEARCHING_START
07-25 21:40:09.172   723  5080 D af_mgr_v3: [6]
07-25 21:40:09.172   723  5080 D af_mgr_v3: #(   11,    9) UpdateState  Dev(1) : 6->1
07-25 21:40:09.172   723  5080 D af_mgr_v3: #(   11,    9) doAF Dev(1): [Status] IsAFSearch(4->3), IsSelHWROI(0->0), ROISel(4), Event(0x140)
07-25 21:40:09.172   723  5080 D TaskAFNormal: [run] Cam 1 : Req(#11)/Stt(#9)/i4Opt(0)/FlashOnOff(0)
07-25 21:40:09.174   723  5053 D SecMgr  : [SecMgr_GetSecurePortStatus] + (0x0x0)module:0x0 dma port:rrzo
07-25 21:40:09.174   723  5053 D SecMgr  : [SecMgr_GetSecurePortStatus] (0x0)DMA port (0x1) is not supported
07-25 21:40:09.174   723  5053 D ifunc_cam_buf: [waitBufReady] [0x0]:, [0x7900000] waitbufready pass
07-25 21:40:09.174   723  5053 D ifunc_cam_buf: [dequeueHwBuf] [0x0]:BUF_CTRL_RRZO:(0xd_0x0),PA(0x7900000_0xBC00C00),FH_VA(0x7F775C3C00),size(0x3bc400),cur sof(0),
07-25 21:40:09.174   723  5053 D SecMgr  : [SecMgr_GetSecurePortStatus] + (0x0x0)module:0x0 dma port:imgo
07-25 21:40:09.174   723  5053 D SecMgr  : [SecMgr_GetSecurePortStatus] (0x0)DMA port (0x0) is not supported
07-25 21:40:09.174   723  5053 D SecMgr  : [SecMgr_GetSecurePortStatus] + (0x0x0)module:0x0 dma port:
07-25 21:40:09.174   723  5053 D SecMgr  : [SecMgr_GetSecurePortStatus] + (0x0x0)module:0x0 dma port:lcso
07-25 21:40:09.174   723  5053 D NormalPipe: [ispDequeThread] N:0_deq@SOF_11
07-25 21:40:09.174   723  5053 D SecMgr  : [SecMgr_GetSecurePortStatus] + (0x0x0)module:0x0 dma port:rrzo
07-25 21:40:09.174   723  5044 D NormalPipe: [deque] MyDeq:0: dma:0x6 pa(0x4F00000) io(0_0_1_0_0_0_2016_1_2016_1) mag(0x9)|dma:0x8 pa(0x7900000) io(0_0_2016_1136_0_0_1920_1088_1920_1088) mag(0x9)|dma:0xb pa(0xE000000) io(0_0_0_0_0_0_0_0_0_0) mag(0x9)|dma:0xf pa(0x9000900) io(0_0_0_0_0_0_0_0_0_0) mag(0x9)|
07-25 21:40:09.174   723  5053 D SecMgr  : [SecMgr_GetSecurePortStatus] (0x0)DMA port (0x1) is not supported
07-25 21:40:09.174   723  5044 W fsc_hal : [processResult]image_scale_output.image_scale == 0
07-25 21:40:09.174   723  5044 D fsc_hal : [processResult]P magic(9) dac(200) ET(30003) EIS(0), CB magic(9), factor(1.000000), sensor(2016,1136), RRZO: c(0,0,2016,1136) s(1920,1088) f(0.000000,0.000000,1920.000000,1088.000000),RSSO: s(0,0), f(0.000000,0.000000,0.000000,0.000000)
07-25 21:40:09.174   723  5044 D MtkCam/HalSensorList: [querySecureState] Secure State is 0
07-25 21:40:09.174   723  5044 D MtkCam/HalSensor: [destroyInstance] HalSensor destroyInstance count = 6, caller =MtkCam/P1NodeUtility
07-25 21:40:09.175   723  5044 D MtkCam/BaseHeap: [IonHeap::unlockBufLocked] Hal:Image:P1:Fullraw_main1:Size2016x1:Stride2520.0.0:Sn1@ still locked (2)
07-25 21:40:09.175   723  5044 I MtkCam/P1NodeImp: [releaseAction] [Cam::0 R11 S11 E11 D9 O8 #1] [P1::DEQ][Num Q:9 M:9 F:7 R:7 @9][Type:1 Out:x85 Rec:x0 Raw:1 Cap:0 Exe:3 Flush:x0] job(0/1) IMG(pure) RRZ0(0-0-2016x1136)(0-0-1920x1088)(1920x1088) T-ns(EXP: 30003000)(Src:0)(SOF: m_947843976000 b_947843970000)(SS: 947813973000) ExpExtend(0, 0)Q(SensorTs
07-25 21:40:09.175   723  5047 I MtkCam/P1NodeImp: [releaseFrame] [Cam::0 R11 S11 E11 D9 O9 #1] [P1::OUT][Num Q:9 M:9 F:7 R:7 @9][Type:1 Out:x85 Rec:x0 Raw:1 Cap:0 Exe:3 Flush:x0] [Release-0] [DispatchFrame]
07-25 21:40:09.175   723  5047 D MtkCam/ppl_context: [onDispatchFrame] r7 frameNo:7 0x1 -> 0x15 READY(1/1)
07-25 21:40:09.175   723  5047 D MtkCam/P2/MWFrameRequest: [printIOMap] P2S cam 0 MWFrame:#7 MWReq:#7, frame 8 : iomap: [0]=>img[2/1], meta[3/2], fps[29.79]
07-25 21:40:09.176   723  5062 D MtkCam/P2/StreamingProcessor: [makePayLoad] P2S cam 0 MWFrame:#7 MWReq:#7, frame 8-0 : masterID(0) #Requests(1) merged into #RequestsPacks(1), PendingPayload(1), p1Ts=0000947816473000
07-25 21:40:09.177   723  5062 D MtkCam/StreamingPipe/Data: [calNonLargeSrcCrop]sID(0), imgoIn(0), srcCrop(0,0,1920x1088), isSrcCrop(0), mP2Pack Valid(1), imgo(0x0),rrz(1920x1088)
07-25 21:40:09.177   723  5062 D MtkCam/StreamingPipe/Pipe: [prepareIORequest]P2S cam 0 MWFrame:#7 MWReq:#7, frame 8-8  master/slave/fd(0/-1/0) ReqNo(8), feature=0x8008(3DNR+FSC), cycle(33), fps(n/a)=(30/30), ZoomROI((1442.539673x1088.000000)@(238.730179,0.000000)) SFPIOMgr:[sID(0)--IMG(0x0/0),RRZ(0xb400007e0e81a230/1),LCS(0xb400007e0e8196f0/1),LCSH(0x0/0),pRSS(0x0/0),cRSS(0x0/0),RSSR2(0x0/0),FYuv(0x0/0),RYuv1(0x0/0),RYuv2(0x0/0),mAIYuv(0x0/0),HalI(0xb400007dbe816de0),AppI(0xb400007e2e82fd78),AppDI(0xb400007dbe816050),AppOver(0x0)]{path(GEN),halO(0xb400007e2e837830),appO(0xb400007e2e8268f0),Outs--[buf(0xb400007e0e818bb0/1)(320x240),tran(0),type(1), tar(disp), prof(0), crop(238.730179,0.000000,1442.539673x1088.000000), flag(0x0)]Tuning--id(0)--[flag(5)]}
07-25 21:40:09.178   723  5060 D isp_mgr_sl2: DIP_X_SL2H_RZ is (SL2_VRZ_COM, SL2_HRZ_COM) = (2138, 2150), (i4RzWidth, i4Width) = (1920, 2016), (i4RzHeight, i4Height) = (1088, 1136)
07-25 21:40:09.178   723  5060 D isp_mgr_sl2: profile is 1, DIP_X_SL2H_RZ is (0x085a0866)
07-25 21:40:09.178   723  5060 D isp_mgr_nr3d: NR3D_EN(1), SL2E_EN(1), x,y,w,h(0,0,1920,1088), full x,y,w,h(0,0,1920,1088),vipi offst(0) w,h(1920,1088), R2C en(1) cnt(1,1,9,9)
07-25 21:40:09.178   723  5060 D MtkCam/StreamingPipe/P2ANode: [enqueFeatureStream] P2S cam 0 MWFrame:#7 MWReq:#7, frame 8-8 :sensor(0) Frame 8 enque start
07-25 21:40:09.178   723  5055 D Iop/p2HPEQNode: [doEnque] sDrvScen:0, CQIdx:0, dupCQIdx:1, burstQIdx:0, RingBufIndex:7,  mTuningData ptr:780771492
07-25 21:40:09.178   723  5055 D PostProcPipe: [PrintPipePortInfo] vInPorts:FN(7),RN(7),TS(0xae43a1a8),UK(0xcc183a0),Sec(0),[0]:(0x2205),w(1920),h(1088),stride(3600,0,0),type(0),idx(19),dir(0),Size(0x003bc400,0x00000000,0x00000000),VA(0x7c87acf000,0x0,0x0),PA(0x7900000,0x0,0x0),secPort(0),
07-25 21:40:09.178   723  5055 D PostProcPipe:                       vInPorts:FN(7),RN(7),TS(0xae43a1a8),UK(0xcc183a0),Sec(0),[1]:(0x32315659),w(1920),h(1088),stride(1920,960,960),type(0),idx(22),dir(0),Size(0x001fe000,0x0007f800,0x0007f800),VA(0x7c864cb000,0x7c866c9000,0x7c86748800),PA(0x9e00000,0x9ffe000,0xa07d800),secPort(0),
07-25 21:40:09.178   723  5055 D PostProcPipe:                       vInPorts:FN(7),RN(7),TS(0xae43a1a8),UK(0xcc183a0),Sec(0),[2]:(0x2401),w(200),h(112),stride(768,0,0),type(0),idx(26),dir(0),Size(0x00048000,0x00000000,0x00000000),VA(0x7cd0e61000,0x0,0x0),PA(0xe000000,0x0,0x0),secPort(0)
07-25 21:40:09.178   723  5055 D PostProcPipe: [PrintPipePortInfo] vOutPorts:FN(7),RN(7),TS(0xae43a1a8),UK(0xcc183a0),Sec(0),[0]:(0x32315659),w(1920),h(1088),stride(1920,960,960),type(0),idx(32),dir(1),Size(0x001fe000,0x0007f800,0x0007f800),VA(0x7c861cd000,0x7c863cb000,0x7c8644a800),PA(0xa100000,0xa2fe000,0xa37d800),secPort(0),
07-25 21:40:09.178   723  5055 D PostProcPipe:                       vOutPorts:FN(7),RN(7),TS(0xae43a1a8),UK(0xcc183a0),Sec(0),[1]:(0x11),w(320),h(240),stride(320,320,0),type(0),idx(38),dir(1),Size(0x00012c00,0x00009600,0x00000000),VA(0x7cdd46b000,0x7cdd47dc00,0x0),PA(0x9a00000,0x9a12c00,0x0),secPort(0)
07-25 21:40:09.178   723  5055 D PostProcPipe: [configPipe] [Imgi][crop_1](x,f_x,y,f_y)=(0,0,0,0),(w,f_w,h,f_h)=(0,0,0,0),(tarW,tarH)=(0,0)-
07-25 21:40:09.178   723  5055 D PostProcPipe:                     [crop_2](x,f_x,y,f_y)=(238,765648,0,0),(w,f_w,h,f_h)=(1442,565888,1088,0),(tarW,tarH)=(320,240)-
07-25 21:40:09.178   723  5055 D PostProcPipe:                     [crop_3](x,f_x,y,f_y)=(0,0,0,0),(w,f_w,h,f_h)=(0,0,0,0),(tarW,tarH)=(0,0),dupCqIdx(1),[vipi]ofst(0),rW/H(1920/1088)
07-25 21:40:09.178   723  5055 D PostProcPipe: ,                    isDipOnly(0), hwmodule(9/0), dipCQ/dup/burst(0/1/0), drvSc(0), isWtf(1),tdr_tpipe(0),en_yuv/yuv2/rgb/dma/fmt_sel/ctl_sel/misc (0x11e07df8/0xf0/0x1400f9/0x20e0f1/0x30480409/0x16040/0x10), tcm(0xa/0x9fd8e1e3/0xe807b3c), last(1), CRZ_EN(0), img3o ofset(0,0),userName(),PIX_ID(3),ImgBuf_PIX_ID(3),tv_sec(1784986809),tv_usec(211486)
07-25 21:40:09.178   723  5055 D iio/ifunc_dip: [ConfigDipPipe] moduleIdx(0), pDipWBuf(0xce8272e8), m_pIspDescript_phy(0x912a000), m_pIspDescript_vir(0x8a67f000), m_pIspVirRegAddr_pa(0x912b000), m_pIspVirRegAddr_va(0x8a680000)
07-25 21:40:09.179   723  5056 D iio/ifunc_dip: [enable] thiscq(0), frameflag(0x1), ring_index(7), ref_ringbufidx(6)
07-25 21:40:09.179   723  5056 D MdpMgr  : [updateDpStreamMap] refObjectCqIdx:0, refObjectRingBufIdx:1,cqIdx:0,ringIdx:7,refringbufidx:6
07-25 21:40:09.179   723  5056 D MdpMgr  : [selectDpIspStream] [selectDpIspStream] cqIdx(0/1/0/7_0/1),sceID(0)
07-25 21:40:09.179   723  5056 D MdpMgr  : [_startMdp] dstFmt(657,4982892)
07-25 21:40:09.179   723  5056 D MdpMgr  : [_startMdp] +sceID(0),cqPa(0x912a000)-Va(0x7c8a67f000),tpipVa(0x7c8a164000)-Pa(0x9310000),isWaitB(1),cqIndx(0/1/0/7),venc(0),(va: 0x7c8a164000),        srcFt(0x2205),W(1920),H(1088),stride(3600,0),size(0x3bc400-0x0-0x0),VA(0x    ffff),PA(0x 7900000),plane(1),Stmtype(1)
07-25 21:40:09.179   723  5056 D MdpMgr  :         wdma_en(1),idx(0),cap(3),ft(17),rt(0),fp(0),(w,h,s)=(320,240,320),C(w,h,s)=(320,120,320),V(w,h,s)=(0,0,0),mdpidx(0),
07-25 21:40:09.179   723  5056 D MdpMgr  :         wrot_en(0),idx(1),cap(0),ft(0),rt(0),fp(0),(w,h,s)=(0,0,0),C(w,h,s)=(0,0,0),V(w,h,s)=(0,0,0),mdpidx(0),
07-25 21:40:09.179   723  5056 D MdpMgr  :         jpg_en(0),idx(2),cap(0),ft(0),rt(0),fp(0),(w,h,s)=(0,0,0),C(w,h,s)=(0,0,0),V(w,h,s)=(0,0,0),mdpidx(1),
07-25 21:40:09.179   723  5056 D MdpMgr  :         pipe_en(0),idx(3),cap(0),ft(0),rt(0),fp(0),(w,h,s)=(0,0,0),C(w,h,s)=(0,0,0),V(w,h,s)=(0,0,0),mdpidx(2),
07-25 21:40:09.179   723  5056 D MdpMgr  :         (va:0x7c8a164000,dstpa:0x9310000)
07-25 21:40:09.179   723  5056 D MdpMgr  : flag(0_0x1->0x1),startStm(713 us),WDPQ(0x       0),WRPQ(0x       0),tv_sec(1784986809),tv_usec(211486)
07-25 21:40:09.180   723  5056 D Iop/p2HPEQNode: [doMdpStart] frameUnit.idxofwaitDQFrmPackList (0x5e812e78_0_0_1, 0_0_1_0)
07-25 21:40:09.180   723  5057 D MdpMgr  : [selectDpIspStream] [selectDpIspStream] cqIdx(0/1/0/7_0/1),sceID(0)
07-25 21:40:09.183   531  2449 E [GrallocExtra-ERROR]: gralloc_extra_query:105 gralloc_extra_query with NULL handle: 0x0
07-25 21:40:09.183  2345  2403 D C2OMXNode: dhy...mOsdPos:,,mOsdText:
07-25 21:40:09.186   723  5057 D MdpMgr  : [_dequeueBuf] +,cqIndx(0/1/0/7),sceID(0),deqIndex(1),isWaitBuf(1),
07-25 21:40:09.186   723  5057 D MdpMgr  :         deqIndex(1), dequeTime(6607 us)
07-25 21:40:09.186   723  5057 D MdpMgr  : [selectDpIspStream] [selectDpIspStream] cqIdx(0/1/0/7_0/1),sceID(0)
07-25 21:40:09.186   723  5057 D MdpMgr  : [_dequeueBuf] +,cqIndx(0/1/0/7),sceID(0),deqIndex(0),isWaitBuf(1),
07-25 21:40:09.186   723  5057 D MdpMgr  :         deqIndex(0), dequeTime(25 us)
07-25 21:40:09.186   723  5057 D MdpMgr  : [selectDpIspStream] [selectDpIspStream] cqIdx(0/1/0/7_0/1),sceID(0)
07-25 21:40:09.187   723  5057 D MtkCam/StreamingPipe/P2ANode: [onDIPStreamBaseCB] P2S cam 0 MWFrame:#7 MWReq:#7, frame 8-8 :sensor(0) Frame 8 enque done in 8 ms, result = 1
07-25 21:40:09.187   723  5057 D Iop/p2HPDQNode: [doDeque] +,tag(2),idx(0),p2CQ(0/1/0/7),
07-25 21:40:09.187   723  5057 D Iop/p2HPDQNode:                          +,tag(1),idx(0),p2CQ(0/1),
07-25 21:40:09.187   723  5057 D Iop/p2HPDQNode:                          -,cb(158 us)
07-25 21:40:09.187   723  5061 D MtkCam/P2/MWFrame: [doRelease] P2S cam 0 MWFrame:#7 MWReq:#7, frame 8 : all streams(8), using(0), status: s0:d0:App:YCrCb_420_SP:0|HW_TEXTURE(1),Meta:App:Control(1),Hal:Image:P1:Resizeraw_main1(1),Hal:Image:STT_main1(1),Hal:Meta:P1:Dynamic_main1(1),Hal:Meta:P2:Dynamic(1),App:Meta:DynamicP1_main1(1),App:Meta:DynamicP2(1),
07-25 21:40:09.187   723  5025 D mtkcam-AppStreamMgr: [0-FrameHandler::updateResult] requestNo 7, real time:0, last partial:1
07-25 21:40:09.187   723  5025 D ULog    : R AppRequest:7 M[CameraDevice:187001] -  :mtkcam-AppStreamMgr #38223
07-25 21:40:09.188   723  5061 D mtkcam-pipeline: [onLastStrongRef] [ requestNo:7 frameNo:7 ] frame end
07-25 21:40:09.188   723  5061 D MtkCam/StreamingPipe/Timer: [print]Frame timer [#    8/   0][t  10][io   0][tof  0/  0][d  0/  0][mss  0/  0/  0/  0][a  9/  0/  8][tun  0/  0][msf  0/  0][vnr  0/  0/  0][am  0][b  0/  0][tpi(  0/  0)/(  0/  0)/(  0/  0)][vmdp_A  0/  0 vmdp_B  0/  0][h  1/  0/  0][e  0][r  0/  0][w_A  0/  0/  0/  0 w_B  0/  0/  0/  0][x  0][disp  0/  0][async  0/  0][p2sm  0/  0/  0][fps30.04/30.04/ 30/ 30]
07-25 21:40:09.199   723  5052 D NormalPipe: [enqueRequest] +N:0 CurSof:12 enqCnt:10 cqCnt(p/v):10/10 FrameStatus(2)
07-25 21:40:09.199   723  5028 D HwIRQ3A : [wait] VSIrq
07-25 21:40:09.199   723  5052 D NormalPipe: [configEnquePath] N:0 configFrame event:1 multiSenNum:2 occupy:0 status:1(2) fsm:0 depth:0
07-25 21:40:09.199   723  5052 D NormalPipe: [dmaCfg] N:0 dma:x8 cmd:0x101a, crop:(0,0,2016,1136), outsize:(1920,1088)
07-25 21:40:09.200   723  5028 I MtkCam/P1NodeImp: [setRequest] [Cam::0 R12 S12 E11 D9 O9 #0] [P1::SET][Num Q:12 M:12 F:10 R:10 @0][Type:1 Out:x85 Rec:x0 Raw:1 Cap:0 Exe:1 Flush:x0] Num[12] Ctrl[1]=[ 12 ]
07-25 21:40:09.200   723  5052 D NormalPipe: [dmaCfg] N:0 dma:x6 cmd:0x101c, crop:(0,0,2016,1), outsize:(2016,1)
07-25 21:40:09.200   723  5028 D aao_buf_mgr: [updateInfo] mMagicNumber(9), i4SubsampleCount(1)
07-25 21:40:09.200   723  1126 E camiopipe: [vendor/mediatek/proprietary/hardware/mtkcam/drv/src/isp/mt6768/imageio/pipe/CamIOPipe/CamIOPipe.cpp, sendCommand, line3805] ERROR: [0x0]:NOT support command! (sendCommand){#3805:vendor/mediatek/proprietary/hardware/mtkcam/drv/src/isp/mt6768/imageio/pipe/CamIOPipe/CamIOPipe.cpp}
07-25 21:40:09.200   723  1126 E camiopipe: [vendor/mediatek/proprietary/hardware/mtkcam/drv/src/isp/mt6768/imageio/pipe/CamIOPipe/CamIOPipe.cpp, sendCommand, line3812] ERROR: [0x0]:sendCommand(0x1500) error! (sendCommand){#3812:vendor/mediatek/proprietary/hardware/mtkcam/drv/src/isp/mt6768/imageio/pipe/CamIOPipe/CamIOPipe.cpp}
07-25 21:40:09.200   723  1126 E NormalPipe: [vendor/mediatek/proprietary/hardware/mtkcam/drv/src/isp/mt6768/iopipe/CamIO/NormalPipe.cpp, sendCommand, line3773] ERROR: error: sendCommand fail: (cmd,arg1,arg2,arg3)=(0x00001500,0x7C9833AF40,0x7C9833AF44,0xB400007ECE82A6AC) (sendCommand){#3773:vendor/mediatek/proprietary/hardware/mtkcam/drv/src/isp/mt6768/iopipe/CamIO/NormalPipe.cpp}
07-25 21:40:09.200   723  5052 D ifunc_cam_tuning: [update] [0x0]:CAM_TUNING_CTRL - EN:0x100e02e0 DMA:0x808001e8
07-25 21:40:09.200   723  1126 D Hal3Av3 : [parseMeta] Return to AP AE_REGIONS L(0) T(0) R(0) B(0) W(0)
07-25 21:40:09.200   723  5052 D LMVDrv  : [GetLMVStatusAndUpdate]Suspicous clear, driver may drop frame and now in new pipeline: magicNum(11)=bypass(0)
07-25 21:40:09.200   723  1126 D Hal3Av3 : [parseMeta] Return to AP AF_REGIONS L(0) T(0) R(0) B(0) W(0)
07-25 21:40:09.200   723  5052 W LMVDrv  : [GetLMVStatusAndUpdate]Cannot find magicNum(0) in queue(0)
07-25 21:40:09.200   723  1126 D Hal3Av3 : [parseMeta] Return to AP AWB_REGIONS L(0) T(0) R(0) B(0) W(0)
07-25 21:40:09.200   723  1126 D Hal3Av3 : [parseMeta] MTK_SENSOR_TEST_PATTERN_DATA(0, 0, 0, 0)
07-25 21:40:09.200   723  5052 D camiopipe: [sendCommand] [0x0]:[0]P1_UPDATE_CHECK CTL_EN(0x11bebee3) +[0_0]:0x11bebee3 [1_0]:0x11bebee3 [2_0]:0x11bebee3 -[0_0]:0x11bebee3 [1_0]:0x11bebee3 [2_0]:0x11bebee3 
07-25 21:40:09.200   723  1126 I MtkCam/P1NodeImp: [runQueue] [Cam::0 R12 S12 E11 D9 O9 #1] [P1::REQ][Num Q:13 M:0 F:11 R:11 @0][Type:1 Out:x85 Rec:x0 Raw:1 Cap:0 Exe:1 Flush:x0] [META ze:0 ci:3 rt:-1 tn:-1 qc:-1 fi:-1 fr:-1] [New-Request][0] [0] [IMGO:1 (-1,-1)] [Gp:255/0] IOmap-Img[1]=<0_I[0]{}_O[2]{0x100000003,0x100000004}>-Meta[1]=<0_I[2]{0x80000000,0x100000018}_O[2]{0x10000001b,0x100000024}> CfgStream-Img[OutIMG:0x100000001(0),OutRRZ:0x100000003(1),OutLCS:0x100000004(1)]-Meta[InAPP:0x80000000(1),InHAL:0x100000018(1),OutAPP:0x100000024(1),OutHAL:0x10000001b(1)]  | [PreSet][Key:13] Num(0) Dummy(0) MetaCnt[APP:66,HAL:17] | [Rev:0] depth(1) burst(1) Que[1]
07-25 21:40:09.200   723  5052 D NormalPipe: [frameToEnque] - sof(12)
07-25 21:40:09.200   723  1126 D MtkCam/ppl_context: [sendFrameToRootNodes] r11 frameNo:11 (X) -> 0x1 success; erase record
07-25 21:40:09.200   723  5052 D NormalPipe: [enqueRequest] -
07-25 21:40:09.200   723  5028 D AeFlowDefault: [monitorAndReschedule:Perframe AE] Calc:1 Apply:1 Magic:9 AEMonitorStable:1 VdCnt:0 u4CwvYcur:0 u4CwvYpre:0 
07-25 21:40:09.200   723  5028 D ae_mgr  : [updateAEInfo2ISP] State:0 VDNum:0 Shutter:30003 Gain:9040 1024 750 Flare offset:0 512 FrameDuration:33350000 DisableOBC:0 ExpRatio:100 eAEMode:1 eAEstate:2 CurrentidxF:113
07-25 21:40:09.200   723  5081 D MtkCam/HalSensorList: [querySecureState] Secure State is 0
07-25 21:40:09.200   723  5028 D awb_mgr : [setIspAwbInfo()] m_eSensorDev: 1, awb_gain: 990/512/817, PreGain1: 512/512/512, RPG: 990/512/817, PGN: 990/512/817, bAWBLock: 0 (m_bAWBLock:0, m_u4AWBMode:1)
07-25 21:40:09.201   723  5028 D Task3APv: [run] getSensorParams: m_u4PreRealISO(750), u4RealISO(750), m_preAwbGain(988, 512, 824), rAwbInfo.gain(990, 512, 817)
07-25 21:40:09.201   723  5028 D isp_tuning_custom: [evaluate_Shading_Ratio] sensorid(1379), preSensorId(1379), eSensorMode(2), preSensorMode(2), isSensorOrModeSwitch(0), isInit(0)
07-25 21:40:09.201   723  5028 D isp_tuning_custom: [iso_smooth][ISO smooth enabled][ISO idx(3317)]avgISO = 750.
07-25 21:40:09.201   723  5028 D isp_tuning_custom: [RA_smooth][RA smooth][frm idx(3317)] rto for iso(21), prev_rto(21),RA_incremental_step(2), smoothed ratio(21)
07-25 21:40:09.201   723  5028 D paramctrl_per_frame: put ratio with m_eSensorDev(1), i4Rto(21)
07-25 21:40:09.201   723  5028 D paramctrl_per_frame: [updateLscInfo] (flash, iso, rto)=(0, 750, 21), auto(1), lock(0,0,0), dyn(1), op(0), PreCapFlashIsLockRto(0), fgForceUnlock(0)
07-25 21:40:09.201   723  5028 D Task3APv: [run] Cam 1 : Req(#12)/Stt(#9)/i4Opt(0)/FlashOnOff(0) Lv(8)/ISO(750)/RGB(990,512,817) AFisLockAE(1) isLVChangeTooMuch(0) m_i4FrameCount(10) m_i4TsfFrameCount(11)
07-25 21:40:09.201   723  5028 W TuningMgr: TuningMgr[updateEngine] WARNING: [temp log] AF enable(1_0x100e02e0_0x808001e8)
07-25 21:40:09.201   723  5028 D TuningMgr: TuningMgr[enqueBuffer] magicNum(0xc)
07-25 21:40:09.201   723  5028 D af_mgr_v3: cmd-getAFState Dev 1 : 6->1
07-25 21:40:09.201   723  1126 D ULog    : R AppRequest:12 M[CameraDevice:187001] +  :mtkcam-dev3 #38224
07-25 21:40:09.202   723  1126 D mtkcam-dev3-utils: [0-AppRequestUtil::createOneRequest] requestNumber[12]:StreamBuffer:0xb400007dbe8190e0 streamId:0 bufferId:6 buffer:0xb400007e2e811610 status:OK acquireFenceOp.hdl:0x7cde6082f0 releaseFenceOp.hdl:0x0 acquireFenceOp.fd:-1 releaseFenceOp.fd:-1 appBufferHandleHolder:0xb400007d8e85cd68 freeByOthers:0 / 
07-25 21:40:09.202   723  5028 I MtkCam/P1NodeImp: [setupAction] [Cam::0 R12 S12 E12 D9 O9 #1] [P1::ENQ][Num Q:12 M:12 F:10 R:10 @12][Type:1 Out:x85 Rec:x0 Raw:1 Cap:0 Exe:1 Flush:x0] [Exp:30003000ns] [MetaCtrl][SCALER_CROP(1) (0,0_2016x1512) ][SENSOR_CROP(0)][RESIZER_SET(0)]
07-25 21:40:09.202   723  5028 D NormalPipe: [acceptEnqRequest] MyEnq:0: dma:0x8 pa(0x8500000)io(0_0_2016_1136_1920_1088) mag(0xc)|dma:0x6 pa(0x4F00000)io(0_0_2016_1_2016_1) mag(0xc)|dma:0xf pa(0x9000C00)io(0_0_256_1_256_1) mag(0xc)|dma:0xb pa(0xE500000)io(0_0_384_384_384_384) mag(0xc)|
07-25 21:40:09.202   723  5081 D MtkCam/HalSensorList: [querySecureState] Secure State is 0
07-25 21:40:09.202   723  1126 D mtkcam-HDRPolicyHelper: [getSeamlessSmoothResult][Cam::0]frameType[3] requestAETargetMode=0 requestExpNum=0
07-25 21:40:09.203   723  1126 D MtkCam/ppl_context: [sendFrameToRootNodes] r12 frameNo:12 (X) -> 0x1 BUSY
07-25 21:40:09.205   723  5034 D ResultPool: [convertToMetadata4AF] Req (#12) AfState(6->1) AfTrig(0->0)
07-25 21:40:09.205   723  5080 D AfAlgoC : [handleAFin0](10) Mode=3,Status=1,StatusC=3,AFSTrigger=0,FirstEnterCam=0,CurPos=200,ISO=750(100,6400),Shutter=30003,frameT=39,LV=8,deltaBV=0(0),curBV=113(113),stable=1,IsAfSearch=3,IsSelROI=0,ROISel=4,FDstatus=0,fundie=2,tmpv=0,AFMark=1,Time=1784986809,tg 2016 1136, hw 2016 1136, afa 257 257 config num 7 monitor roi 18 24, focus roi 18 24
07-25 21:40:09.205   723  5080 D AfAlgoC : [AdpComp] TS_AFDone(947883027) TS_MLStart(947816438) PixelInLine(24736) PixelClk(-694967296)PSample=200 CSample=200 BeforeM=0 MIng=0 AfterM=0 LENS_MOVING_TIME=12000
07-25 21:40:09.205   723  5080 D AfAlgo  : down maxOffset=46 maxCompLevel=46, cutOffset=7, maxOffset=46 offset 0, level 4, cut offset 7, x/y/z/g=73/1041/-82/1046
07-25 21:40:09.205   723  5080 D AfAlgoC : [HB] DafIO in: mode 0(in:0), (PD,LD,SD) cus(1,0,0) input(0,0,0) Que -1
07-25 21:40:09.205   723  5080 E AfAlgo  : Err:  6195: [AdpComp]Adaptive input error!! 
07-25 21:40:09.205   723  5080 E AfAlgo  : Err:  6279: [AdpComp]Adaptive input error
07-25 21:40:09.205   723  5080 E AfAlgo  : Err:  6279: [AdpComp]Adaptive input error
07-25 21:40:09.205   723  5080 D AfAlgoC : [DAF] DafIO out: mode 0 isL 0 isQ 0 isV 0 afdac 200 afconf 100 qNum 0  sPDWin (0,0,0,0)
07-25 21:40:09.205   723  5080 D AfAlgoC : [handleAFout0](10) Mode=3,Status=1,StatusC=4,IsAfSearch=3,IsSelROI=0,ROISel=4,FDstatus=0,AFMark=1,mTrig=1,SceneState=00000000,ext=1, PostureDac=188/46, TermalPos=0, searchRange (200,800), camA=8, post=0
07-25 21:40:09.205   723  5080 D AfAlgoC : [AdpComp]Equivalent lens pos = 200
07-25 21:40:09.205   723  5080 D af_mgr_v3: #(   12,   10) MoveLensTo Dev(1) DAC(188)
07-25 21:40:09.206   723  5080 D LensDrv : [moveMCU] Dev(1) , ioctl - mcuIOC_T_MOVETO, error Operation not permitted
07-25 21:40:09.206   723  5080 D TaskAFNormal: [run] Cam 1 : Req(#12)/Stt(#10)/i4Opt(0)/FlashOnOff(0)
07-25 21:40:09.207   723  5053 D SecMgr  : [SecMgr_GetSecurePortStatus] + (0x0x0)module:0x0 dma port:rrzo
07-25 21:40:09.207   723  5053 D SecMgr  : [SecMgr_GetSecurePortStatus] (0x0)DMA port (0x1) is not supported
07-25 21:40:09.207   723  5053 D ifunc_cam_buf: [waitBufReady] [0x0]:, [0x7d00000] waitbufready pass
07-25 21:40:09.208   723  5053 D ifunc_cam_buf: [dequeueHwBuf] [0x0]:BUF_CTRL_RRZO:(0xd_0x0),PA(0x7D00000_0xBC00C80),FH_VA(0x7F775C3C80),size(0x3bc400),cur sof(0),
07-25 21:40:09.208   723  5053 D SecMgr  : [SecMgr_GetSecurePortStatus] + (0x0x0)module:0x0 dma port:imgo
07-25 21:40:09.208   723  5053 D SecMgr  : [SecMgr_GetSecurePortStatus] (0x0)DMA port (0x0) is not supported
07-25 21:40:09.208   723  5053 D SecMgr  : [SecMgr_GetSecurePortStatus] + (0x0x0)module:0x0 dma port:
07-25 21:40:09.208   723  5053 D SecMgr  : [SecMgr_GetSecurePortStatus] + (0x0x0)module:0x0 dma port:lcso
07-25 21:40:09.208   723  5053 D NormalPipe: [ispDequeThread] N:0_deq@SOF_12
07-25 21:40:09.208   723  5053 D SecMgr  : [SecMgr_GetSecurePortStatus] + (0x0x0)module:0x0 dma port:rrzo
07-25 21:40:09.208   723  5053 D SecMgr  : [SecMgr_GetSecurePortStatus] (0x0)DMA port (0x1) is not supported
07-25 21:40:09.208   723  5044 D NormalPipe: [deque] MyDeq:0: dma:0x6 pa(0x4F013C0) io(0_0_1_0_0_0_2016_1_2016_1) mag(0xa)|dma:0x8 pa(0x7D00000) io(0_0_2016_1136_0_0_1920_1088_1920_1088) mag(0xa)|dma:0xb pa(0xE200000) io(0_0_0_0_0_0_0_0_0_0) mag(0xa)|dma:0xf pa(0x9000A00) io(0_0_0_0_0_0_0_0_0_0) mag(0xa)|
07-25 21:40:09.208   723  5044 W fsc_hal : [processResult]image_scale_output.image_scale == 0
07-25 21:40:09.208   723  5044 D fsc_hal : [processResult]P magic(10) dac(188) ET(30003) EIS(0), CB magic(10), factor(1.000000), sensor(2016,1136), RRZO: c(0,0,2016,1136) s(1920,1088) f(0.000000,0.000000,1920.000000,1088.000000),RSSO: s(0,0), f(0.000000,0.000000,0.000000,0.000000)
07-25 21:40:09.208   723  5044 D MtkCam/HalSensorList: [querySecureState] Secure State is 0
07-25 21:40:09.208   723  5044 D MtkCam/HalSensor: [destroyInstance] HalSensor destroyInstance count = 6, caller =MtkCam/P1NodeUtility
07-25 21:40:09.208   723  5044 D MtkCam/BaseHeap: [IonHeap::unlockBufLocked] Hal:Image:P1:Fullraw_main1:Size2016x1:Stride2520.0.0:Sn3@ still locked (2)
07-25 21:40:09.208   723  5044 I MtkCam/P1NodeImp: [releaseAction] [Cam::0 R12 S12 E12 D10 O9 #1] [P1::DEQ][Num Q:10 M:10 F:8 R:8 @10][Type:1 Out:x85 Rec:x0 Raw:1 Cap:0 Exe:3 Flush:x0] job(0/1) IMG(pure) RRZ0(0-0-2016x1136)(0-0-1920x1088)(1920x1088) T-ns(EXP: 30003000)(Src:0)(SOF: m_947877754000 b_947877748000)(SS: 947847751000) ExpExtend(0, 0)Q(Senso
07-25 21:40:09.209   723  5047 I MtkCam/P1NodeImp: [releaseFrame] [Cam::0 R12 S12 E12 D10 O10 #1] [P1::OUT][Num Q:10 M:10 F:8 R:8 @10][Type:1 Out:x85 Rec:x0 Raw:1 Cap:0 Exe:3 Flush:x0] [Release-0] [DispatchFrame]
07-25 21:40:09.209   723  5047 D MtkCam/ppl_context: [onDispatchFrame] r8 frameNo:8 0x1 -> 0x15 READY(1/1)
07-25 21:40:09.209   723  5047 D MtkCam/P2/MWFrameRequest: [printIOMap] P2S cam 0 MWFrame:#8 MWReq:#8, frame 9 : iomap: [0]=>img[2/1], meta[3/2], fps[29.74]
07-25 21:40:09.210   723  5062 D MtkCam/P2/StreamingProcessor: [makePayLoad] P2S cam 0 MWFrame:#8 MWReq:#8, frame 9-0 : masterID(0) #Requests(1) merged into #RequestsPacks(1), PendingPayload(1), p1Ts=0000947850251000
07-25 21:40:09.210   723  5062 D MtkCam/StreamingPipe/Data: [calNonLargeSrcCrop]sID(0), imgoIn(0), srcCrop(0,0,1920x1088), isSrcCrop(0), mP2Pack Valid(1), imgo(0x0),rrz(1920x1088)
07-25 21:40:09.210   723  5062 D MtkCam/StreamingPipe/Pipe: [prepareIORequest]P2S cam 0 MWFrame:#8 MWReq:#8, frame 9-9  master/slave/fd(0/-1/0) ReqNo(9), feature=0x8008(3DNR+FSC), cycle(33), fps(n/a)=(30/30), ZoomROI((1442.539673x1088.000000)@(238.730179,0.000000)) SFPIOMgr:[sID(0)--IMG(0x0/0),RRZ(0xb400007e0e81a230/1),LCS(0xb400007e0e8368b0/1),LCSH(0x0/0),pRSS(0x0/0),cRSS(0x0/0),RSSR2(0x0/0),FYuv(0x0/0),RYuv1(0x0/0),RYuv2(0x0/0),mAIYuv(0x0/0),HalI(0xb400007dbe821490),AppI(0xb400007e2e81e738),AppDI(0xb400007dbe820f50),AppOver(0x0)]{path(GEN),halO(0xb400007e2e828db0),appO(0xb400007e2e82dc70),Outs--[buf(0xb400007e0e8182b0/1)(320x240),tran(0),type(1), tar(disp), prof(0), crop(238.730179,0.000000,1442.539673x1088.000000), flag(0x0)]Tuning--id(0)--[flag(5)]}
07-25 21:40:09.212   723  5060 D isp_mgr_sl2: DIP_X_SL2H_RZ is (SL2_VRZ_COM, SL2_HRZ_COM) = (2138, 2150), (i4RzWidth, i4Width) = (1920, 2016), (i4RzHeight, i4Height) = (1088, 1136)
07-25 21:40:09.212   723  5060 D isp_mgr_sl2: profile is 1, DIP_X_SL2H_RZ is (0x085a0866)
07-25 21:40:09.212   723  5060 D isp_mgr_nr3d: NR3D_EN(1), SL2E_EN(1), x,y,w,h(0,0,1920,1088), full x,y,w,h(0,0,1920,1088),vipi offst(0) w,h(1920,1088), R2C en(1) cnt(2,2,10,10)
07-25 21:40:09.212   723  5060 D MtkCam/StreamingPipe/P2ANode: [enqueFeatureStream] P2S cam 0 MWFrame:#8 MWReq:#8, frame 9-9 :sensor(0) Frame 9 enque start
07-25 21:40:09.212   723  5055 D Iop/p2HPEQNode: [doEnque] sDrvScen:0, CQIdx:0, dupCQIdx:0, burstQIdx:0, RingBufIndex:8,  mTuningData ptr:780587172
07-25 21:40:09.212   723  5055 D PostProcPipe: [PrintPipePortInfo] vInPorts:FN(8),RN(8),TS(0xb0470af8),UK(0xcc183a0),Sec(0),[0]:(0x2205),w(1920),h(1088),stride(3600,0,0),type(0),idx(19),dir(0),Size(0x003bc400,0x00000000,0x00000000),VA(0x7c71e84000,0x0,0x0),PA(0x7d00000,0x0,0x0),secPort(0),
07-25 21:40:09.212   723  5055 D PostProcPipe:                       vInPorts:FN(8),RN(8),TS(0xb0470af8),UK(0xcc183a0),Sec(0),[1]:(0x32315659),w(1920),h(1088),stride(1920,960,960),type(0),idx(22),dir(0),Size(0x001fe000,0x0007f800,0x0007f800),VA(0x7c861cd000,0x7c863cb000,0x7c8644a800),PA(0xa100000,0xa2fe000,0xa37d800),secPort(0),
07-25 21:40:09.212   723  5055 D PostProcPipe:                       vInPorts:FN(8),RN(8),TS(0xb0470af8),UK(0xcc183a0),Sec(0),[2]:(0x2401),w(200),h(112),stride(768,0,0),type(0),idx(26),dir(0),Size(0x00048000,0x00000000,0x00000000),VA(0x7cd0daa000,0x0,0x0),PA(0xe200000,0x0,0x0),secPort(0)
07-25 21:40:09.212   723  5055 D PostProcPipe: [PrintPipePortInfo] vOutPorts:FN(8),RN(8),TS(0xb0470af8),UK(0xcc183a0),Sec(0),[0]:(0x32315659),w(1920),h(1088),stride(1920,960,960),type(0),idx(32),dir(1),Size(0x001fe000,0x0007f800,0x0007f800),VA(0x7c72b2d000,0x7c72d2b000,0x7c72daa800),PA(0xa400000,0xa5fe000,0xa67d800),secPort(0),
07-25 21:40:09.212   723  5055 D PostProcPipe:                       vOutPorts:FN(8),RN(8),TS(0xb0470af8),UK(0xcc183a0),Sec(0),[1]:(0x11),w(320),h(240),stride(320,320,0),type(0),idx(38),dir(1),Size(0x00012c00,0x00009600,0x00000000),VA(0x7f773d4000,0x7f773e6c00,0x0),PA(0xd600000,0xd612c00,0x0),secPort(0)
07-25 21:40:09.212   723  5055 D PostProcPipe: [configPipe] [Imgi][crop_1](x,f_x,y,f_y)=(0,0,0,0),(w,f_w,h,f_h)=(0,0,0,0),(tarW,tarH)=(0,0)-
07-25 21:40:09.212   723  5055 D PostProcPipe:                     [crop_2](x,f_x,y,f_y)=(238,765648,0,0),(w,f_w,h,f_h)=(1442,565888,1088,0),(tarW,tarH)=(320,240)-
07-25 21:40:09.212   723  5055 D PostProcPipe:                     [crop_3](x,f_x,y,f_y)=(0,0,0,0),(w,f_w,h,f_h)=(0,0,0,0),(tarW,tarH)=(0,0),dupCqIdx(0),[vipi]ofst(0),rW/H(1920/1088)
07-25 21:40:09.212   723  5055 D PostProcPipe: ,                    isDipOnly(0), hwmodule(9/0), dipCQ/dup/burst(0/0/0), drvSc(0), isWtf(1),tdr_tpipe(0),en_yuv/yuv2/rgb/dma/fmt_sel/ctl_sel/misc (0x11e07df8/0xf0/0x1400f9/0x20e0f1/0x30480409/0x16040/0x10), tcm(0xa/0x9fd8e1e3/0xe807b3c), last(1), CRZ_EN(0), img3o ofset(0,0),userName(),PIX_ID(3),ImgBuf_PIX_ID(3),tv_sec(1784986809),tv_usec(245391)
07-25 21:40:09.212   723  5055 D iio/ifunc_dip: [ConfigDipPipe] moduleIdx(0), pDipWBuf(0xce827340), m_pIspDescript_phy(0x9130000), m_pIspDescript_vir(0x8a685000), m_pIspVirRegAddr_pa(0x9131000), m_pIspVirRegAddr_va(0x8a686000)
07-25 21:40:09.213   723  5056 D iio/ifunc_dip: [enable] thiscq(0), frameflag(0x1), ring_index(8), ref_ringbufidx(7)
07-25 21:40:09.213   723  5056 D MdpMgr  : [updateDpStreamMap] refObjectCqIdx:0, refObjectRingBufIdx:1,cqIdx:0,ringIdx:8,refringbufidx:7
07-25 21:40:09.213   723  5056 D MdpMgr  : [selectDpIspStream] [selectDpIspStream] cqIdx(0/0/0/8_0/1),sceID(0)
07-25 21:40:09.213   723  5056 D MdpMgr  : [_startMdp] dstFmt(657,4982892)
07-25 21:40:09.213   723  5056 D MdpMgr  : [_startMdp] +sceID(0),cqPa(0x9130000)-Va(0x7c8a685000),tpipVa(0x7c8a164000)-Pa(0x9310000),isWaitB(1),cqIndx(0/0/0/8),venc(0),(va: 0x7c8a164000),        srcFt(0x2205),W(1920),H(1088),stride(3600,0),size(0x3bc400-0x0-0x0),VA(0x    ffff),PA(0x 7d00000),plane(1),Stmtype(1)
07-25 21:40:09.213   723  5056 D MdpMgr  :         wdma_en(1),idx(0),cap(3),ft(17),rt(0),fp(0),(w,h,s)=(320,240,320),C(w,h,s)=(320,120,320),V(w,h,s)=(0,0,0),mdpidx(0),
07-25 21:40:09.213   723  5056 D MdpMgr  :         wrot_en(0),idx(1),cap(0),ft(0),rt(0),fp(0),(w,h,s)=(0,0,0),C(w,h,s)=(0,0,0),V(w,h,s)=(0,0,0),mdpidx(0),
07-25 21:40:09.213   723  5056 D MdpMgr  :         jpg_en(0),idx(2),cap(0),ft(0),rt(0),fp(0),(w,h,s)=(0,0,0),C(w,h,s)=(0,0,0),V(w,h,s)=(0,0,0),mdpidx(1),
07-25 21:40:09.213   723  5056 D MdpMgr  :         pipe_en(0),idx(3),cap(0),ft(0),rt(0),fp(0),(w,h,s)=(0,0,0),C(w,h,s)=(0,0,0),V(w,h,s)=(0,0,0),mdpidx(2),
07-25 21:40:09.213   723  5056 D MdpMgr  :         (va:0x7c8a164000,dstpa:0x9310000)
07-25 21:40:09.213   723  5056 D MdpMgr  : flag(0_0x1->0x1),startStm(507 us),WDPQ(0x       0),WRPQ(0x       0),tv_sec(1784986809),tv_usec(245391)
07-25 21:40:09.213   723  5056 D Iop/p2HPEQNode: [doMdpStart] frameUnit.idxofwaitDQFrmPackList (0x5e812e78_0_0_0, 0_0_1_0)
07-25 21:40:09.214   723  5057 D MdpMgr  : [selectDpIspStream] [selectDpIspStream] cqIdx(0/0/0/8_0/1),sceID(0)
07-25 21:40:09.220   723  5057 D MdpMgr  : [_dequeueBuf] +,cqIndx(0/0/0/8),sceID(0),deqIndex(1),isWaitBuf(1),
07-25 21:40:09.220   723  5057 D MdpMgr  :         deqIndex(1), dequeTime(6482 us)
07-25 21:40:09.220   723  5057 D MdpMgr  : [selectDpIspStream] [selectDpIspStream] cqIdx(0/0/0/8_0/1),sceID(0)
07-25 21:40:09.220   723  5057 D MdpMgr  : [_dequeueBuf] +,cqIndx(0/0/0/8),sceID(0),deqIndex(0),isWaitBuf(1),
07-25 21:40:09.220   723  5057 D MdpMgr  :         deqIndex(0), dequeTime(19 us)
07-25 21:40:09.220   723  5057 D MdpMgr  : [selectDpIspStream] [selectDpIspStream] cqIdx(0/0/0/8_0/1),sceID(0)
07-25 21:40:09.220   723  5057 D MtkCam/StreamingPipe/P2ANode: [onDIPStreamBaseCB] P2S cam 0 MWFrame:#8 MWReq:#8, frame 9-9 :sensor(0) Frame 9 enque done in 8 ms, result = 1
07-25 21:40:09.220   723  5057 D Iop/p2HPDQNode: [doDeque] +,tag(2),idx(0),p2CQ(0/0/0/8),
07-25 21:40:09.220   723  5057 D Iop/p2HPDQNode:                          +,tag(1),idx(0),p2CQ(0/0),
07-25 21:40:09.220   723  5057 D Iop/p2HPDQNode:                          -,cb(156 us)
07-25 21:40:09.221   723  5061 D MtkCam/P2/MWFrame: [doRelease] P2S cam 0 MWFrame:#8 MWReq:#8, frame 9 : all streams(8), using(0), status: s0:d0:App:YCrCb_420_SP:0|HW_TEXTURE(1),Meta:App:Control(1),Hal:Image:P1:Resizeraw_main1(1),Hal:Image:STT_main1(1),Hal:Meta:P1:Dynamic_main1(1),Hal:Meta:P2:Dynamic(1),App:Meta:DynamicP1_main1(1),App:Meta:DynamicP2(1),
07-25 21:40:09.221   723  5025 D mtkcam-AppStreamMgr: [0-FrameHandler::updateResult] requestNo 8, real time:0, last partial:1
07-25 21:40:09.221   723  5061 D mtkcam-pipeline: [onLastStrongRef] [ requestNo:8 frameNo:8 ] frame end
07-25 21:40:09.221   723  5025 D ULog    : R AppRequest:8 M[CameraDevice:187001] -  :mtkcam-AppStreamMgr #38225
07-25 21:40:09.221   723  5061 D MtkCam/StreamingPipe/Timer: [print]Frame timer [#    9/   0][t  10][io   0][tof  0/  0][d  0/  0][mss  0/  0/  0/  0][a  9/  1/  8][tun  0/  0][msf  0/  0][vnr  0/  0/  0][am  0][b  0/  0][tpi(  0/  0)/(  0/  0)/(  0/  0)][vmdp_A  0/  0 vmdp_B  0/  0][h  0/  0/  0][e  0][r  0/  0][w_A  0/  0/  0/  0 w_B  0/  0/  0/  0][x  0][disp  0/  0][async  0/  0][p2sm  0/  0/  0][fps29.96/29.96/ 30/ 30]
07-25 21:40:09.231   531  2449 E [GrallocExtra-ERROR]: gralloc_extra_query:105 gralloc_extra_query with NULL handle: 0x0
07-25 21:40:09.232  2345  2403 D C2OMXNode: dhy...mOsdPos:,,mOsdText:
07-25 21:40:09.233   723  5028 D HwIRQ3A : [wait] VSIrq
07-25 21:40:09.233   723  5052 D NormalPipe: [enqueRequest] +N:0 CurSof:13 enqCnt:11 cqCnt(p/v):11/11 FrameStatus(2)
07-25 21:40:09.233   723  5052 D NormalPipe: [configEnquePath] N:0 configFrame event:1 multiSenNum:2 occupy:0 status:1(2) fsm:0 depth:0
07-25 21:40:09.233   723  5052 D NormalPipe: [dmaCfg] N:0 dma:x8 cmd:0x101a, crop:(0,0,2016,1136), outsize:(1920,1088)
07-25 21:40:09.233   723  5028 I MtkCam/P1NodeImp: [setRequest] [Cam::0 R13 S13 E12 D10 O10 #0] [P1::SET][Num Q:13 M:13 F:11 R:11 @0][Type:1 Out:x85 Rec:x0 Raw:1 Cap:0 Exe:1 Flush:x0] Num[13] Ctrl[1]=[ 13 ]
07-25 21:40:09.233   723  5052 D NormalPipe: [dmaCfg] N:0 dma:x6 cmd:0x101c, crop:(0,0,2016,1), outsize:(2016,1)
07-25 21:40:09.233   723  1126 E camiopipe: [vendor/mediatek/proprietary/hardware/mtkcam/drv/src/isp/mt6768/imageio/pipe/CamIOPipe/CamIOPipe.cpp, sendCommand, line3805] ERROR: [0x0]:NOT support command! (sendCommand){#3805:vendor/mediatek/proprietary/hardware/mtkcam/drv/src/isp/mt6768/imageio/pipe/CamIOPipe/CamIOPipe.cpp}
07-25 21:40:09.234   723  1126 E camiopipe: [vendor/mediatek/proprietary/hardware/mtkcam/drv/src/isp/mt6768/imageio/pipe/CamIOPipe/CamIOPipe.cpp, sendCommand, line3812] ERROR: [0x0]:sendCommand(0x1500) error! (sendCommand){#3812:vendor/mediatek/proprietary/hardware/mtkcam/drv/src/isp/mt6768/imageio/pipe/CamIOPipe/CamIOPipe.cpp}
07-25 21:40:09.234   723  5028 D aao_buf_mgr: [updateInfo] mMagicNumber(10), i4SubsampleCount(1)
07-25 21:40:09.234   723  1126 E NormalPipe: [vendor/mediatek/proprietary/hardware/mtkcam/drv/src/isp/mt6768/iopipe/CamIO/NormalPipe.cpp, sendCommand, line3773] ERROR: error: sendCommand fail: (cmd,arg1,arg2,arg3)=(0x00001500,0x7C9833AF40,0x7C9833AF44,0xB400007ECE81E3FC) (sendCommand){#3773:vendor/mediatek/proprietary/hardware/mtkcam/drv/src/isp/mt6768/iopipe/CamIO/NormalPipe.cpp}
07-25 21:40:09.234   723  1126 D Hal3Av3 : [parseMeta] Return to AP AE_REGIONS L(0) T(0) R(0) B(0) W(0)
07-25 21:40:09.234   723  1126 D Hal3Av3 : [parseMeta] Return to AP AF_REGIONS L(0) T(0) R(0) B(0) W(0)
07-25 21:40:09.234   723  1126 D Hal3Av3 : [parseMeta] Return to AP AWB_REGIONS L(0) T(0) R(0) B(0) W(0)
07-25 21:40:09.234   723  1126 D Hal3Av3 : [parseMeta] MTK_SENSOR_TEST_PATTERN_DATA(0, 0, 0, 0)
07-25 21:40:09.234   723  5052 D ifunc_cam_tuning: [update] [0x0]:CAM_TUNING_CTRL - EN:0x100e02e0 DMA:0x808001e8
07-25 21:40:09.234   723  1126 I MtkCam/P1NodeImp: [runQueue] [Cam::0 R13 S13 E12 D10 O10 #1] [P1::REQ][Num Q:14 M:0 F:12 R:12 @0][Type:1 Out:x85 Rec:x0 Raw:1 Cap:0 Exe:1 Flush:x0] [META ze:0 ci:3 rt:-1 tn:-1 qc:-1 fi:-1 fr:-1] [New-Request][0] [0] [IMGO:1 (-1,-1)] [Gp:255/0] IOmap-Img[1]=<0_I[0]{}_O[2]{0x100000003,0x100000004}>-Meta[1]=<0_I[2]{0x80000000,0x100000018}_O[2]{0x10000001b,0x100000024}> CfgStream-Img[OutIMG:0x100000001(0),OutRRZ:0x100000003(1),OutLCS:0x100000004(1)]-Meta[InAPP:0x80000000(1),InHAL:0x100000018(1),OutAPP:0x100000024(1),OutHAL:0x10000001b(1)]  | [PreSet][Key:14] Num(0) Dummy(0) MetaCnt[APP:66,HAL:17] | [Rev:0] depth(1) burst(1) Que[1]
07-25 21:40:09.234   723  1126 D MtkCam/ppl_context: [sendFrameToRootNodes] r12 frameNo:12 (X) -> 0x1 success; erase record
07-25 21:40:09.234   723  5052 D LMVDrv  : [GetLMVStatusAndUpdate]Suspicous clear, driver may drop frame and now in new pipeline: magicNum(12)=bypass(0)
07-25 21:40:09.234   723  5052 W LMVDrv  : [GetLMVStatusAndUpdate]Cannot find magicNum(0) in queue(0)
07-25 21:40:09.234   723  5052 D camiopipe: [sendCommand] [0x0]:[1]P1_UPDATE_CHECK CTL_EN(0x11bebee3) +[0_0]:0x11bebee3 [1_0]:0x11bebee3 [2_0]:0x11bebee3 -[0_0]:0x11bebee3 [1_0]:0x11bebee3 [2_0]:0x11bebee3 
07-25 21:40:09.234   723  5052 D NormalPipe: [frameToEnque] - sof(13)
07-25 21:40:09.234   723  5052 D NormalPipe: [enqueRequest] -
07-25 21:40:09.234   723  5028 D AeFlowDefault: [monitorAndReschedule:Perframe AE] Calc:1 Apply:1 Magic:10 AEMonitorStable:1 VdCnt:0 u4CwvYcur:0 u4CwvYpre:0 
07-25 21:40:09.234   723  5028 D ae_mgr  : [updateAEInfo2ISP] State:0 VDNum:0 Shutter:30003 Gain:9040 1024 750 Flare offset:0 512 FrameDuration:33350000 DisableOBC:0 ExpRatio:100 eAEMode:1 eAEstate:2 CurrentidxF:113
07-25 21:40:09.234   723  5081 D MtkCam/HalSensorList: [querySecureState] Secure State is 0
07-25 21:40:09.234   723  5028 D awb_mgr : [setIspAwbInfo()] m_eSensorDev: 1, awb_gain: 990/512/817, PreGain1: 512/512/512, RPG: 990/512/817, PGN: 990/512/817, bAWBLock: 0 (m_bAWBLock:0, m_u4AWBMode:1)
07-25 21:40:09.234   723  5028 D Task3APv: [run] getSensorParams: m_u4PreRealISO(750), u4RealISO(750), m_preAwbGain(990, 512, 817), rAwbInfo.gain(990, 512, 817)
07-25 21:40:09.234   723  5028 D isp_tuning_custom: [evaluate_Shading_Ratio] sensorid(1379), preSensorId(1379), eSensorMode(2), preSensorMode(2), isSensorOrModeSwitch(0), isInit(0)
07-25 21:40:09.234   723  5028 D isp_tuning_custom: [iso_smooth][ISO smooth enabled][ISO idx(3318)]avgISO = 750.
07-25 21:40:09.234   723  5028 D isp_tuning_custom: [RA_smooth][RA smooth][frm idx(3318)] rto for iso(21), prev_rto(21),RA_incremental_step(2), smoothed ratio(21)
07-25 21:40:09.234   723  5028 D paramctrl_per_frame: put ratio with m_eSensorDev(1), i4Rto(21)
07-25 21:40:09.234   723  5028 D paramctrl_per_frame: [updateLscInfo] (flash, iso, rto)=(0, 750, 21), auto(1), lock(0,0,0), dyn(1), op(0), PreCapFlashIsLockRto(0), fgForceUnlock(0)
07-25 21:40:09.234   723  5028 D Task3APv: [run] Cam 1 : Req(#13)/Stt(#10)/i4Opt(0)/FlashOnOff(0) Lv(8)/ISO(750)/RGB(990,512,817) AFisLockAE(1) isLVChangeTooMuch(0) m_i4FrameCount(11) m_i4TsfFrameCount(12)
07-25 21:40:09.235   723  5028 W TuningMgr: TuningMgr[updateEngine] WARNING: [temp log] AF enable(1_0x100e02e0_0x808001e8)
07-25 21:40:09.235   723  5028 D TuningMgr: TuningMgr[enqueBuffer] magicNum(0xd)
07-25 21:40:09.235   723  4812 D ULog    : R AppRequest:13 M[CameraDevice:187001] +  :mtkcam-dev3 #38226
07-25 21:40:09.235   723  5028 I MtkCam/P1NodeImp: [setupAction] [Cam::0 R13 S13 E13 D10 O10 #1] [P1::ENQ][Num Q:13 M:13 F:11 R:11 @13][Type:1 Out:x85 Rec:x0 Raw:1 Cap:0 Exe:1 Flush:x0] [Exp:30003000ns] [MetaCtrl][SCALER_CROP(1) (0,0_2016x1512) ][SENSOR_CROP(0)][RESIZER_SET(0)]
07-25 21:40:09.235   723  5028 D NormalPipe: [acceptEnqRequest] MyEnq:0: dma:0x8 pa(0x8900000)io(0_0_2016_1136_1920_1088) mag(0xd)|dma:0x6 pa(0x4F013C0)io(0_0_2016_1_2016_1) mag(0xd)|dma:0xf pa(0x9000D00)io(0_0_256_1_256_1) mag(0xd)|dma:0xb pa(0xE600000)io(0_0_384_384_384_384) mag(0xd)|
07-25 21:40:09.236   723  4812 D mtkcam-dev3-utils: [0-AppRequestUtil::createOneRequest] requestNumber[13]:StreamBuffer:0xb400007dbe8190e0 streamId:0 bufferId:7 buffer:0xb400007e2e81ac90 status:OK acquireFenceOp.hdl:0x7cde6082f0 releaseFenceOp.hdl:0x0 acquireFenceOp.fd:-1 releaseFenceOp.fd:-1 appBufferHandleHolder:0xb400007d8e83bda8 freeByOthers:0 / 
07-25 21:40:09.236   723  5081 D MtkCam/HalSensorList: [querySecureState] Secure State is 0
07-25 21:40:09.236   723  4812 D mtkcam-HDRPolicyHelper: [getSeamlessSmoothResult][Cam::0]frameType[3] requestAETargetMode=0 requestExpNum=0
07-25 21:40:09.237   723  4812 D MtkCam/ppl_context: [sendFrameToRootNodes] r13 frameNo:13 (X) -> 0x1 BUSY
07-25 21:40:09.238   723  5080 D af_mgr_v3: cmd-getFocusDistance Pos 200->188, Dis 0.200000->0.004000; fDist_Macro_rev 10.000000, fDist_Inf_rev 0.200000, fDAC_Macro 800.000000, fDAC_Inf 200.000000
07-25 21:40:09.239   723  5080 D AfAlgoC : [handleAFin0](11) Mode=3,Status=1,StatusC=4,AFSTrigger=0,FirstEnterCam=0,CurPos=188,ISO=750(100,6400),Shutter=30003,frameT=38,LV=8,deltaBV=0(0),curBV=113(113),stable=1,IsAfSearch=3,IsSelROI=0,ROISel=4,FDstatus=0,fundie=2,tmpv=0,AFMark=1,Time=1784986809,tg 2016 1136, hw 2016 1136, afa 257 257 config num 8 monitor roi 18 24, focus roi 18 24
07-25 21:40:09.239   723  5080 D AfAlgoC : [AdpComp] TS_AFDone(947916805) TS_MLStart(947883928) PixelInLine(24736) PixelClk(-694967296)PSample=200 CSample=200 BeforeM=0 MIng=0 AfterM=0 LENS_MOVING_TIME=12000
07-25 21:40:09.239   723  5080 D AfAlgo  : down maxOffset=46 maxCompLevel=46, cutOffset=7, maxOffset=46 offset 0, level 4, cut offset 7, x/y/z/g=69/1041/-83/1046
07-25 21:40:09.239   723  5080 D AfAlgoC : [HB] DafIO in: mode 0(in:0), (PD,LD,SD) cus(1,0,0) input(0,0,0) Que -1
07-25 21:40:09.239   723  5080 E AfAlgo  : Err:  6195: [AdpComp]Adaptive input error!! 
07-25 21:40:09.239   723  5080 E AfAlgo  : Err:  6279: [AdpComp]Adaptive input error
07-25 21:40:09.239   723  5080 D AfAlgoC : [DAF] DafIO out: mode 0 isL 0 isQ 0 isV 0 afdac 200 afconf 100 qNum 0  sPDWin (0,0,0,0)
07-25 21:40:09.239   723  5080 D AfAlgoC : [handleAFout0](11) Mode=3,Status=1,StatusC=3,IsAfSearch=3,IsSelROI=0,ROISel=4,FDstatus=0,AFMark=1,mTrig=1,SceneState=00000100,ext=1, PostureDac=200/46, TermalPos=0, searchRange (200,800), camA=8, post=0
07-25 21:40:09.239   723  5080 D AfAlgoC : [AdpComp]Equivalent lens pos = 188
07-25 21:40:09.239   723  5080 D af_mgr_v3: #(   13,   11) MoveLensTo Dev(1) DAC(200)
07-25 21:40:09.240   723  5080 D LensDrv : [moveMCU] Dev(1) , ioctl - mcuIOC_T_MOVETO, error Operation not permitted
07-25 21:40:09.240   723  5080 D TaskAFNormal: [run] Cam 1 : Req(#13)/Stt(#11)/i4Opt(0)/FlashOnOff(0)
07-25 21:40:09.241   723  5053 D SecMgr  : [SecMgr_GetSecurePortStatus] + (0x0x0)module:0x0 dma port:rrzo
07-25 21:40:09.241   723  5053 D SecMgr  : [SecMgr_GetSecurePortStatus] (0x0)DMA port (0x1) is not supported
07-25 21:40:09.241   723  5053 D ifunc_cam_buf: [waitBufReady] [0x0]:, [0x8100000] waitbufready pass
07-25 21:40:09.241   723  5053 D ifunc_cam_buf: [dequeueHwBuf] [0x0]:BUF_CTRL_RRZO:(0xd_0x0),PA(0x8100000_0xBC00D00),FH_VA(0x7F775C3D00),size(0x3bc400),cur sof(0),
07-25 21:40:09.241   723  5053 D SecMgr  : [SecMgr_GetSecurePortStatus] + (0x0x0)module:0x0 dma port:imgo
07-25 21:40:09.242   723  5053 D SecMgr  : [SecMgr_GetSecurePortStatus] (0x0)DMA port (0x0) is not supported
07-25 21:40:09.242   723  5053 D SecMgr  : [SecMgr_GetSecurePortStatus] + (0x0x0)module:0x0 dma port:
07-25 21:40:09.242   723  5053 D SecMgr  : [SecMgr_GetSecurePortStatus] + (0x0x0)module:0x0 dma port:lcso
07-25 21:40:09.242   723  5053 D NormalPipe: [ispDequeThread] N:0_deq@SOF_13
07-25 21:40:09.242   723  5044 D NormalPipe: [deque] MyDeq:0: dma:0x6 pa(0x4F009E0) io(0_0_1_0_0_0_2016_1_2016_1) mag(0xb)|dma:0x8 pa(0x8100000) io(0_0_2016_1136_0_0_1920_1088_1920_1088) mag(0xb)|dma:0xb pa(0xE400000) io(0_0_0_0_0_0_0_0_0_0) mag(0xb)|dma:0xf pa(0x9000B00) io(0_0_0_0_0_0_0_0_0_0) mag(0xb)|
07-25 21:40:09.242   723  5053 D SecMgr  : [SecMgr_GetSecurePortStatus] + (0x0x0)module:0x0 dma port:rrzo
07-25 21:40:09.242   723  5053 D SecMgr  : [SecMgr_GetSecurePortStatus] (0x0)DMA port (0x1) is not supported
07-25 21:40:09.242   723  5044 W fsc_hal : [processResult]image_scale_output.image_scale == 0
07-25 21:40:09.242   723  5044 D fsc_hal : [processResult]P magic(11) dac(200) ET(30003) EIS(0), CB magic(11), factor(1.000000), sensor(2016,1136), RRZO: c(0,0,2016,1136) s(1920,1088) f(0.000000,0.000000,1920.000000,1088.000000),RSSO: s(0,0), f(0.000000,0.000000,0.000000,0.000000)
07-25 21:40:09.242   723  5044 D MtkCam/HalSensorList: [querySecureState] Secure State is 0
07-25 21:40:09.242   723  5044 D MtkCam/HalSensor: [destroyInstance] HalSensor destroyInstance count = 6, caller =MtkCam/P1NodeUtility
07-25 21:40:09.243   723  5044 D MtkCam/BaseHeap: [IonHeap::unlockBufLocked] Hal:Image:P1:Fullraw_main1:Size2016x1:Stride2520.0.0:Sn2@ still locked (2)
07-25 21:40:09.243   723  5044 I MtkCam/P1NodeImp: [releaseAction] [Cam::0 R13 S13 E13 D11 O10 #1] [P1::DEQ][Num Q:11 M:11 F:9 R:9 @11][Type:1 Out:x85 Rec:x0 Raw:1 Cap:0 Exe:3 Flush:x0] job(0/1) IMG(pure) RRZ0(0-0-2016x1136)(0-0-1920x1088)(1920x1088) T-ns(EXP: 30003000)(Src:0)(SOF: m_947911532000 b_947911526000)(SS: 947881529000) ExpExtend(0, 0)Q(Senso
07-25 21:40:09.243   723  5047 I MtkCam/P1NodeImp: [releaseFrame] [Cam::0 R13 S13 E13 D11 O11 #1] [P1::OUT][Num Q:11 M:11 F:9 R:9 @11][Type:1 Out:x85 Rec:x0 Raw:1 Cap:0 Exe:3 Flush:x0] [Release-0] [DispatchFrame]
07-25 21:40:09.243   723  5047 D MtkCam/ppl_context: [onDispatchFrame] r9 frameNo:9 0x1 -> 0x15 READY(1/1)
07-25 21:40:09.243   723  5047 D MtkCam/P2/MWFrameRequest: [printIOMap] P2S cam 0 MWFrame:#9 MWReq:#9, frame 10 : iomap: [0]=>img[2/1], meta[3/2], fps[29.70]
07-25 21:40:09.245   723  5062 D MtkCam/P2/StreamingProcessor: [makePayLoad] P2S cam 0 MWFrame:#9 MWReq:#9, frame 10-0 : masterID(0) #Requests(1) merged into #RequestsPacks(1), PendingPayload(1), p1Ts=0000947884029000
07-25 21:40:09.245   723  5062 D MtkCam/StreamingPipe/Data: [calNonLargeSrcCrop]sID(0), imgoIn(0), srcCrop(0,0,1920x1088), isSrcCrop(0), mP2Pack Valid(1), imgo(0x0),rrz(1920x1088)
07-25 21:40:09.245   723  5062 D MtkCam/StreamingPipe/Pipe: [prepareIORequest]P2S cam 0 MWFrame:#9 MWReq:#9, frame 10-10  master/slave/fd(0/-1/0) ReqNo(10), feature=0x8008(3DNR+FSC), cycle(33), fps(n/a)=(30/30), ZoomROI((1442.539673x1088.000000)@(238.730179,0.000000)) SFPIOMgr:[sID(0)--IMG(0x0/0),RRZ(0xb400007e0e814170/1),LCS(0xb400007e0e8182b0/1),LCSH(0x0/0),pRSS(0x0/0),cRSS(0x0/0),RSSR2(0x0/0),FYuv(0x0/0),RYuv1(0x0/0),RYuv2(0x0/0),mAIYuv(0x0/0),HalI(0xb400007dbe81bd10),AppI(0xb400007e2e8132f8),AppDI(0xb400007dbe81a420),AppOver(0x0)]{path(GEN),halO(0xb400007e2e80d830),appO(0xb400007e2e820530),Outs--[buf(0xb400007e0e832410/1)(320x240),tran(0),type(1), tar(disp), prof(0), crop(238.730179,0.000000,1442.539673x1088.000000), flag(0x0)]Tuning--id(0)--[flag(5)]}
07-25 21:40:09.246   723  5060 D isp_mgr_sl2: DIP_X_SL2H_RZ is (SL2_VRZ_COM, SL2_HRZ_COM) = (2138, 2150), (i4RzWidth, i4Width) = (1920, 2016), (i4RzHeight, i4Height) = (1088, 1136)
07-25 21:40:09.246   723  5060 D isp_mgr_sl2: profile is 1, DIP_X_SL2H_RZ is (0x085a0866)
07-25 21:40:09.247   723  5060 D isp_mgr_nr3d: NR3D_EN(1), SL2E_EN(1), x,y,w,h(0,0,1920,1088), full x,y,w,h(0,0,1920,1088),vipi offst(0) w,h(1920,1088), R2C en(1) cnt(3,3,11,11)
07-25 21:40:09.247   723  5060 D MtkCam/StreamingPipe/P2ANode: [enqueFeatureStream] P2S cam 0 MWFrame:#9 MWReq:#9, frame 10-10 :sensor(0) Frame 10 enque start
07-25 21:40:09.247   723  5055 D Iop/p2HPEQNode: [doEnque] sDrvScen:0, CQIdx:0, dupCQIdx:1, burstQIdx:0, RingBufIndex:9,  mTuningData ptr:780447908
07-25 21:40:09.247   723  5055 D PostProcPipe: [PrintPipePortInfo] vInPorts:FN(9),RN(9),TS(0xb24a7448),UK(0xcc183a0),Sec(0),[0]:(0x2205),w(1920),h(1088),stride(3600,0,0),type(0),idx(19),dir(0),Size(0x003bc400,0x00000000,0x00000000),VA(0x7c65718000,0x0,0x0),PA(0x8100000,0x0,0x0),secPort(0),
07-25 21:40:09.247   723  5055 D PostProcPipe:                       vInPorts:FN(9),RN(9),TS(0xb24a7448),UK(0xcc183a0),Sec(0),[1]:(0x32315659),w(1920),h(1088),stride(1920,960,960),type(0),idx(22),dir(0),Size(0x001fe000,0x0007f800,0x0007f800),VA(0x7c72b2d000,0x7c72d2b000,0x7c72daa800),PA(0xa400000,0xa5fe000,0xa67d800),secPort(0),
07-25 21:40:09.247   723  5055 D PostProcPipe:                       vInPorts:FN(9),RN(9),TS(0xb24a7448),UK(0xcc183a0),Sec(0),[2]:(0x2401),w(200),h(112),stride(768,0,0),type(0),idx(26),dir(0),Size(0x00048000,0x00000000,0x00000000),VA(0x7ccbd08000,0x0,0x0),PA(0xe400000,0x0,0x0),secPort(0)
07-25 21:40:09.247   723  5055 D PostProcPipe: [PrintPipePortInfo] vOutPorts:FN(9),RN(9),TS(0xb24a7448),UK(0xcc183a0),Sec(0),[0]:(0x32315659),w(1920),h(1088),stride(1920,960,960),type(0),idx(32),dir(1),Size(0x001fe000,0x0007f800,0x0007f800),VA(0x7c72241000,0x7c7243f000,0x7c724be800),PA(0xa700000,0xa8fe000,0xa97d800),secPort(0),
07-25 21:40:09.247   723  5055 D PostProcPipe:                       vOutPorts:FN(9),RN(9),TS(0xb24a7448),UK(0xcc183a0),Sec(0),[1]:(0x11),w(320),h(240),stride(320,320,0),type(0),idx(38),dir(1),Size(0x00012c00,0x00009600,0x00000000),VA(0x7f77381000,0x7f77393c00,0x0),PA(0xd700000,0xd712c00,0x0),secPort(0)
07-25 21:40:09.247   723  5055 D PostProcPipe: [configPipe] [Imgi][crop_1](x,f_x,y,f_y)=(0,0,0,0),(w,f_w,h,f_h)=(0,0,0,0),(tarW,tarH)=(0,0)-
07-25 21:40:09.247   723  5055 D PostProcPipe:                     [crop_2](x,f_x,y,f_y)=(238,765648,0,0),(w,f_w,h,f_h)=(1442,565888,1088,0),(tarW,tarH)=(320,240)-
07-25 21:40:09.247   723  5055 D PostProcPipe:                     [crop_3](x,f_x,y,f_y)=(0,0,0,0),(w,f_w,h,f_h)=(0,0,0,0),(tarW,tarH)=(0,0),dupCqIdx(1),[vipi]ofst(0),rW/H(1920/1088)
07-25 21:40:09.247   723  5055 D PostProcPipe: ,                    isDipOnly(0), hwmodule(9/0), dipCQ/dup/burst(0/1/0), drvSc(0), isWtf(1),tdr_tpipe(0),en_yuv/yuv2/rgb/dma/fmt_sel/ctl_sel/misc (0x11e07df8/0xf0/0x1400f9/0x20e0f1/0x30480409/0x16040/0x10), tcm(0xa/0x9fd8e1e3/0xe807b3c), last(1), CRZ_EN(0), img3o ofset(0,0),userName(),PIX_ID(3),ImgBuf_PIX_ID(3),tv_sec(1784986809),tv_usec(280139)
07-25 21:40:09.247   723  5055 D iio/ifunc_dip: [ConfigDipPipe] moduleIdx(0), pDipWBuf(0xce827398), m_pIspDescript_phy(0x9136000), m_pIspDescript_vir(0x8a68b000), m_pIspVirRegAddr_pa(0x9137000), m_pIspVirRegAddr_va(0x8a68c000)
07-25 21:40:09.248   723  5056 D iio/ifunc_dip: [enable] thiscq(0), frameflag(0x1), ring_index(9), ref_ringbufidx(8)
07-25 21:40:09.248   723  5056 D MdpMgr  : [updateDpStreamMap] refObjectCqIdx:0, refObjectRingBufIdx:1,cqIdx:0,ringIdx:9,refringbufidx:8
07-25 21:40:09.248   723  5056 D MdpMgr  : [selectDpIspStream] [selectDpIspStream] cqIdx(0/1/0/9_0/1),sceID(0)
07-25 21:40:09.248   723  5056 D MdpMgr  : [_startMdp] dstFmt(657,4982892)
07-25 21:40:09.248   723  5056 D MdpMgr  : [_startMdp] +sceID(0),cqPa(0x9136000)-Va(0x7c8a68b000),tpipVa(0x7c8a164000)-Pa(0x9310000),isWaitB(1),cqIndx(0/1/0/9),venc(0),(va: 0x7c8a164000),        srcFt(0x2205),W(1920),H(1088),stride(3600,0),size(0x3bc400-0x0-0x0),VA(0x    ffff),PA(0x 8100000),plane(1),Stmtype(1)
07-25 21:40:09.248   723  5056 D MdpMgr  :         wdma_en(1),idx(0),cap(3),ft(17),rt(0),fp(0),(w,h,s)=(320,240,320),C(w,h,s)=(320,120,320),V(w,h,s)=(0,0,0),mdpidx(0),
07-25 21:40:09.248   723  5056 D MdpMgr  :         wrot_en(0),idx(1),cap(0),ft(0),rt(0),fp(0),(w,h,s)=(0,0,0),C(w,h,s)=(0,0,0),V(w,h,s)=(0,0,0),mdpidx(0),
07-25 21:40:09.248   723  5056 D MdpMgr  :         jpg_en(0),idx(2),cap(0),ft(0),rt(0),fp(0),(w,h,s)=(0,0,0),C(w,h,s)=(0,0,0),V(w,h,s)=(0,0,0),mdpidx(1),
07-25 21:40:09.248   723  5056 D MdpMgr  :         pipe_en(0),idx(3),cap(0),ft(0),rt(0),fp(0),(w,h,s)=(0,0,0),C(w,h,s)=(0,0,0),V(w,h,s)=(0,0,0),mdpidx(2),
07-25 21:40:09.248   723  5056 D MdpMgr  :         (va:0x7c8a164000,dstpa:0x9310000)
07-25 21:40:09.248   723  5056 D MdpMgr  : flag(0_0x1->0x1),startStm(799 us),WDPQ(0x       0),WRPQ(0x       0),tv_sec(1784986809),tv_usec(280139)
07-25 21:40:09.249   723  5056 D Iop/p2HPEQNode: [doMdpStart] frameUnit.idxofwaitDQFrmPackList (0x5e812e78_0_0_1, 0_0_1_0)
07-25 21:40:09.249   723  5057 D MdpMgr  : [selectDpIspStream] [selectDpIspStream] cqIdx(0/1/0/9_0/1),sceID(0)
07-25 21:40:09.250   531  2449 E [GrallocExtra-ERROR]: gralloc_extra_query:105 gralloc_extra_query with NULL handle: 0x0
07-25 21:40:09.251  2345  2403 D C2OMXNode: dhy...mOsdPos:,,mOsdText:
07-25 21:40:09.255   723  5057 D MdpMgr  : [_dequeueBuf] +,cqIndx(0/1/0/9),sceID(0),deqIndex(1),isWaitBuf(1),
07-25 21:40:09.255   723  5057 D MdpMgr  :         deqIndex(1), dequeTime(6436 us)
07-25 21:40:09.255   723  5057 D MdpMgr  : [selectDpIspStream] [selectDpIspStream] cqIdx(0/1/0/9_0/1),sceID(0)
07-25 21:40:09.255   723  5057 D MdpMgr  : [_dequeueBuf] +,cqIndx(0/1/0/9),sceID(0),deqIndex(0),isWaitBuf(1),
07-25 21:40:09.255   723  5057 D MdpMgr  :         deqIndex(0), dequeTime(20 us)
07-25 21:40:09.255   723  5057 D MdpMgr  : [selectDpIspStream] [selectDpIspStream] cqIdx(0/1/0/9_0/1),sceID(0)
07-25 21:40:09.256   723  5057 D MtkCam/StreamingPipe/P2ANode: [onDIPStreamBaseCB] P2S cam 0 MWFrame:#9 MWReq:#9, frame 10-10 :sensor(0) Frame 10 enque done in 8 ms, result = 1
07-25 21:40:09.256   723  5057 D Iop/p2HPDQNode: [doDeque] +,tag(2),idx(0),p2CQ(0/1/0/9),
07-25 21:40:09.256   723  5057 D Iop/p2HPDQNode:                          +,tag(1),idx(0),p2CQ(0/1),
07-25 21:40:09.256   723  5057 D Iop/p2HPDQNode:                          -,cb(180 us)
07-25 21:40:09.256   723  5061 D MtkCam/P2/MWFrame: [doRelease] P2S cam 0 MWFrame:#9 MWReq:#9, frame 10 : all streams(8), using(0), status: s0:d0:App:YCrCb_420_SP:0|HW_TEXTURE(1),Meta:App:Control(1),Hal:Image:P1:Resizeraw_main1(1),Hal:Image:STT_main1(1),Hal:Meta:P1:Dynamic_main1(1),Hal:Meta:P2:Dynamic(1),App:Meta:DynamicP1_main1(1),App:Meta:DynamicP2(1),
07-25 21:40:09.256   723  5025 D mtkcam-AppStreamMgr: [0-FrameHandler::updateResult] requestNo 9, real time:0, last partial:1
07-25 21:40:09.257   723  5061 D mtkcam-pipeline: [onLastStrongRef] [ requestNo:9 frameNo:9 ] frame end
07-25 21:40:09.257   723  5025 D ULog    : R AppRequest:9 M[CameraDevice:187001] -  :mtkcam-AppStreamMgr #38227
07-25 21:40:09.257   723  5061 D MtkCam/StreamingPipe/Timer: [print]Frame timer [#   10/   0][t  11][io   0][tof  0/  0][d  0/  0][mss  0/  0/  0/  0][a 10/  1/  8][tun  0/  0][msf  0/  0][vnr  0/  0/  0][am  0][b  0/  0][tpi(  0/  0)/(  0/  0)/(  0/  0)][vmdp_A  0/  0 vmdp_B  0/  0][h  0/  0/  0][e  0][r  0/  0][w_A  0/  0/  0/  0 w_B  0/  0/  0/  0][x  0][disp  0/  0][async  0/  0][p2sm  0/  0/  0][fps29.80/29.80/ 30/ 30]
07-25 21:40:09.267   723  5052 D NormalPipe: [enqueRequest] +N:0 CurSof:14 enqCnt:12 cqCnt(p/v):12/12 FrameStatus(2)
07-25 21:40:09.267   723  5028 D HwIRQ3A : [wait] VSIrq
07-25 21:40:09.267   723  5052 D NormalPipe: [configEnquePath] N:0 configFrame event:1 multiSenNum:2 occupy:0 status:1(2) fsm:0 depth:0
07-25 21:40:09.267   723  5052 D NormalPipe: [dmaCfg] N:0 dma:x8 cmd:0x101a, crop:(0,0,2016,1136), outsize:(1920,1088)
07-25 21:40:09.267   723  5028 I MtkCam/P1NodeImp: [setRequest] [Cam::0 R14 S14 E13 D11 O11 #0] [P1::SET][Num Q:14 M:14 F:12 R:12 @0][Type:1 Out:x85 Rec:x0 Raw:1 Cap:0 Exe:1 Flush:x0] Num[14] Ctrl[1]=[ 14 ]
07-25 21:40:09.267   723  5052 D NormalPipe: [dmaCfg] N:0 dma:x6 cmd:0x101c, crop:(0,0,2016,1), outsize:(2016,1)
07-25 21:40:09.267   723  5028 D aao_buf_mgr: [updateInfo] mMagicNumber(11), i4SubsampleCount(1)
07-25 21:40:09.267   723  4812 E camiopipe: [vendor/mediatek/proprietary/hardware/mtkcam/drv/src/isp/mt6768/imageio/pipe/CamIOPipe/CamIOPipe.cpp, sendCommand, line3805] ERROR: [0x0]:NOT support command! (sendCommand){#3805:vendor/mediatek/proprietary/hardware/mtkcam/drv/src/isp/mt6768/imageio/pipe/CamIOPipe/CamIOPipe.cpp}
07-25 21:40:09.267   723  4812 E camiopipe: [vendor/mediatek/proprietary/hardware/mtkcam/drv/src/isp/mt6768/imageio/pipe/CamIOPipe/CamIOPipe.cpp, sendCommand, line3812] ERROR: [0x0]:sendCommand(0x1500) error! (sendCommand){#3812:vendor/mediatek/proprietary/hardware/mtkcam/drv/src/isp/mt6768/imageio/pipe/CamIOPipe/CamIOPipe.cpp}
07-25 21:40:09.267   723  4812 E NormalPipe: [vendor/mediatek/proprietary/hardware/mtkcam/drv/src/isp/mt6768/iopipe/CamIO/NormalPipe.cpp, sendCommand, line3773] ERROR: error: sendCommand fail: (cmd,arg1,arg2,arg3)=(0x00001500,0x7C9EA4FF40,0x7C9EA4FF44,0xB400007ECE8315EC) (sendCommand){#3773:vendor/mediatek/proprietary/hardware/mtkcam/drv/src/isp/mt6768/iopipe/CamIO/NormalPipe.cpp}
07-25 21:40:09.267   723  5052 D ifunc_cam_tuning: [update] [0x0]:CAM_TUNING_CTRL - EN:0x100e02e0 DMA:0x808001e8
07-25 21:40:09.267   723  4812 D Hal3Av3 : [parseMeta] Return to AP AE_REGIONS L(0) T(0) R(0) B(0) W(0)
07-25 21:40:09.267   723  5052 D LMVDrv  : [GetLMVStatusAndUpdate]Suspicous clear, driver may drop frame and now in new pipeline: magicNum(13)=bypass(0)
07-25 21:40:09.267   723  4812 D Hal3Av3 : [parseMeta] Return to AP AF_REGIONS L(0) T(0) R(0) B(0) W(0)
07-25 21:40:09.267   723  5052 W LMVDrv  : [GetLMVStatusAndUpdate]Cannot find magicNum(0) in queue(0)
07-25 21:40:09.267   723  4812 D Hal3Av3 : [parseMeta] Return to AP AWB_REGIONS L(0) T(0) R(0) B(0) W(0)
07-25 21:40:09.268   723  4812 D Hal3Av3 : [parseMeta] MTK_SENSOR_TEST_PATTERN_DATA(0, 0, 0, 0)
07-25 21:40:09.268   723  5052 D camiopipe: [sendCommand] [0x0]:[2]P1_UPDATE_CHECK CTL_EN(0x11bebee3) +[0_0]:0x11bebee3 [1_0]:0x11bebee3 [2_0]:0x11bebee3 -[0_0]:0x11bebee3 [1_0]:0x11bebee3 [2_0]:0x11bebee3 
07-25 21:40:09.268   723  4812 I MtkCam/P1NodeImp: [runQueue] [Cam::0 R14 S14 E13 D11 O11 #1] [P1::REQ][Num Q:15 M:0 F:13 R:13 @0][Type:1 Out:x85 Rec:x0 Raw:1 Cap:0 Exe:1 Flush:x0] [META ze:0 ci:3 rt:-1 tn:-1 qc:-1 fi:-1 fr:-1] [New-Request][0] [0] [IMGO:1 (-1,-1)] [Gp:255/0] IOmap-Img[1]=<0_I[0]{}_O[2]{0x100000003,0x100000004}>-Meta[1]=<0_I[2]{0x80000000,0x100000018}_O[2]{0x10000001b,0x100000024}> CfgStream-Img[OutIMG:0x100000001(0),OutRRZ:0x100000003(1),OutLCS:0x100000004(1)]-Meta[InAPP:0x80000000(1),InHAL:0x100000018(1),OutAPP:0x100000024(1),OutHAL:0x10000001b(1)]  | [PreSet][Key:15] Num(0) Dummy(0) MetaCnt[APP:66,HAL:17] | [Rev:0] depth(1) burst(1) Que[1]
07-25 21:40:09.268   723  4812 D MtkCam/ppl_context: [sendFrameToRootNodes] r13 frameNo:13 (X) -> 0x1 success; erase record
07-25 21:40:09.268   723  5052 D NormalPipe: [frameToEnque] - sof(14)
07-25 21:40:09.268   723  5052 D NormalPipe: [enqueRequest] -
07-25 21:40:09.268   723  5028 D AeFlowDefault: [monitorAndReschedule:Perframe AE] Calc:1 Apply:1 Magic:11 AEMonitorStable:1 VdCnt:0 u4CwvYcur:0 u4CwvYpre:0 
07-25 21:40:09.268   723  5028 D ae_mgr  : [updateAEInfo2ISP] State:0 VDNum:0 Shutter:30003 Gain:9040 1024 750 Flare offset:0 512 FrameDuration:33350000 DisableOBC:0 ExpRatio:100 eAEMode:1 eAEstate:2 CurrentidxF:113
07-25 21:40:09.268   723  5081 D MtkCam/HalSensorList: [querySecureState] Secure State is 0
07-25 21:40:09.268   723  5028 D awb_mgr : [setIspAwbInfo()] m_eSensorDev: 1, awb_gain: 988/512/819, PreGain1: 512/512/512, RPG: 988/512/819, PGN: 988/512/819, bAWBLock: 0 (m_bAWBLock:0, m_u4AWBMode:1)
07-25 21:40:09.268   723  5028 D Task3APv: [run] getSensorParams: m_u4PreRealISO(750), u4RealISO(750), m_preAwbGain(990, 512, 817), rAwbInfo.gain(988, 512, 819)
07-25 21:40:09.268   723  5028 D isp_tuning_custom: [evaluate_Shading_Ratio] sensorid(1379), preSensorId(1379), eSensorMode(2), preSensorMode(2), isSensorOrModeSwitch(0), isInit(0)
07-25 21:40:09.268   723  5028 D isp_tuning_custom: [iso_smooth][ISO smooth enabled][ISO idx(3319)]avgISO = 750.
07-25 21:40:09.268   723  5028 D isp_tuning_custom: [RA_smooth][RA smooth][frm idx(3319)] rto for iso(21), prev_rto(21),RA_incremental_step(2), smoothed ratio(21)
07-25 21:40:09.268   723  5028 D paramctrl_per_frame: put ratio with m_eSensorDev(1), i4Rto(21)
07-25 21:40:09.268   723  5028 D paramctrl_per_frame: [updateLscInfo] (flash, iso, rto)=(0, 750, 21), auto(1), lock(0,0,0), dyn(1), op(0), PreCapFlashIsLockRto(0), fgForceUnlock(0)
07-25 21:40:09.268   723  5028 D Task3APv: [run] Cam 1 : Req(#14)/Stt(#11)/i4Opt(0)/FlashOnOff(0) Lv(8)/ISO(750)/RGB(988,512,819) AFisLockAE(1) isLVChangeTooMuch(0) m_i4FrameCount(12) m_i4TsfFrameCount(13)
07-25 21:40:09.269   723  5033 D MtkCam/BaseHeap: [IonHeap::helpFlushCacheIon] ctrl(0), num[0]: mID(0x28),size(24576),VA(0x7f776fd000),PA(0x5500000)
07-25 21:40:09.269   723  5028 W TuningMgr: TuningMgr[updateEngine] WARNING: [temp log] AF enable(1_0x100e02e0_0x808001e8)
07-25 21:40:09.269   723  5028 D TuningMgr: TuningMgr[enqueBuffer] magicNum(0xe)
07-25 21:40:09.269   723  4812 D ULog    : R AppRequest:14 M[CameraDevice:187001] +  :mtkcam-dev3 #38228
07-25 21:40:09.269   723  5081 D MtkCam/HalSensorList: [querySecureState] Secure State is 0
07-25 21:40:09.269   723  4812 D mtkcam-dev3-utils: [0-AppRequestUtil::createOneRequest] requestNumber[14]:StreamBuffer:0xb400007dbe8190e0 streamId:0 bufferId:1 buffer:0xb400007e2e818450 status:OK acquireFenceOp.hdl:0x7cde6082f0 releaseFenceOp.hdl:0x0 acquireFenceOp.fd:-1 releaseFenceOp.fd:-1 appBufferHandleHolder:0xb400007d8e857928 freeByOthers:0 / 
07-25 21:40:09.270   723  5028 I MtkCam/P1NodeImp: [setupAction] [Cam::0 R14 S14 E14 D11 O11 #1] [P1::ENQ][Num Q:14 M:14 F:12 R:12 @14][Type:1 Out:x85 Rec:x0 Raw:1 Cap:0 Exe:1 Flush:x0] [Exp:30003000ns] [MetaCtrl][SCALER_CROP(1) (0,0_2016x1512) ][SENSOR_CROP(0)][RESIZER_SET(0)]
07-25 21:40:09.270   723  4812 D mtkcam-HDRPolicyHelper: [getSeamlessSmoothResult][Cam::0]frameType[3] requestAETargetMode=0 requestExpNum=0
07-25 21:40:09.270   723  5028 D NormalPipe: [acceptEnqRequest] MyEnq:0: dma:0x8 pa(0x5900000)io(0_0_2016_1136_1920_1088) mag(0xe)|dma:0x6 pa(0x4F009E0)io(0_0_2016_1_2016_1) mag(0xe)|dma:0xf pa(0x9000E00)io(0_0_256_1_256_1) mag(0xe)|dma:0xb pa(0xD800000)io(0_0_384_384_384_384) mag(0xe)|
07-25 21:40:09.271   723  4812 D MtkCam/ppl_context: [sendFrameToRootNodes] r14 frameNo:14 (X) -> 0x1 BUSY
07-25 21:40:09.272   723  5080 D af_mgr_v3: cmd-getFocusDistance Pos 188->200, Dis 0.004000->0.200000; fDist_Macro_rev 10.000000, fDist_Inf_rev 0.200000, fDAC_Macro 800.000000, fDAC_Inf 200.000000
07-25 21:40:09.272   723  5080 D AfAlgoC : [handleAFin0](12) Mode=3,Status=1,StatusC=3,AFSTrigger=0,FirstEnterCam=0,CurPos=200,ISO=750(100,6400),Shutter=30003,frameT=38,LV=8,deltaBV=0(0),curBV=113(113),stable=1,IsAfSearch=3,IsSelROI=0,ROISel=4,FDstatus=0,fundie=2,tmpv=0,AFMark=1,Time=1784986809,tg 2016 1136, hw 2016 1136, afa 257 257 config num 9 monitor roi 18 24, focus roi 18 24
07-25 21:40:09.272   723  5080 D AfAlgoC : [AdpComp] TS_AFDone(947950589) TS_MLStart(947917972) PixelInLine(24736) PixelClk(-694967296)PSample=188 CSample=188 BeforeM=0 MIng=0 AfterM=0 LENS_MOVING_TIME=12000
07-25 21:40:09.272   723  5080 D AfAlgo  : down maxOffset=46 maxCompLevel=46, cutOffset=7, maxOffset=46 offset 0, level 4, cut offset 7, x/y/z/g=71/1042/-84/1047
07-25 21:40:09.273   723  5080 D AfAlgoC : [HB] DafIO in: mode 0(in:0), (PD,LD,SD) cus(1,0,0) input(0,0,0) Que -1
07-25 21:40:09.273   723  5080 E AfAlgo  : Err:  6195: [AdpComp]Adaptive input error!! 
07-25 21:40:09.273   723  5080 E AfAlgo  : Err:  6279: [AdpComp]Adaptive input error
07-25 21:40:09.273   723  5080 E AfAlgo  : Err:  6279: [AdpComp]Adaptive input error
07-25 21:40:09.273   723  5080 D af_mgr_v3: #(   14,   12) MoveLensTo Dev(1) DAC(225)
07-25 21:40:09.273   723  5080 D LensDrv : [moveMCU] Dev(1) , ioctl - mcuIOC_T_MOVETO, error Operation not permitted
07-25 21:40:09.273   723  5080 D TaskAFNormal: [run] Cam 1 : Req(#14)/Stt(#12)/i4Opt(0)/FlashOnOff(0)
07-25 21:40:09.275   723  5053 D SecMgr  : [SecMgr_GetSecurePortStatus] + (0x0x0)module:0x0 dma port:rrzo
07-25 21:40:09.275   723  5053 D SecMgr  : [SecMgr_GetSecurePortStatus] (0x0)DMA port (0x1) is not supported
07-25 21:40:09.275   723  5053 D ifunc_cam_buf: [waitBufReady] [0x0]:, [0x8500000] waitbufready pass
07-25 21:40:09.275   723  5053 D ifunc_cam_buf: [dequeueHwBuf] [0x0]:BUF_CTRL_RRZO:(0xd_0x0),PA(0x8500000_0xBC00D80),FH_VA(0x7F775C3D80),size(0x3bc400),cur sof(0),
07-25 21:40:09.275   723  5053 D SecMgr  : [SecMgr_GetSecurePortStatus] + (0x0x0)module:0x0 dma port:imgo
07-25 21:40:09.275   723  5053 D SecMgr  : [SecMgr_GetSecurePortStatus] (0x0)DMA port (0x0) is not supported
07-25 21:40:09.275   723  5053 D SecMgr  : [SecMgr_GetSecurePortStatus] + (0x0x0)module:0x0 dma port:
07-25 21:40:09.275   723  5053 D SecMgr  : [SecMgr_GetSecurePortStatus] + (0x0x0)module:0x0 dma port:lcso
07-25 21:40:09.275   723  5053 D NormalPipe: [ispDequeThread] N:0_deq@SOF_14
07-25 21:40:09.275   723  5053 D SecMgr  : [SecMgr_GetSecurePortStatus] + (0x0x0)module:0x0 dma port:rrzo
07-25 21:40:09.275   723  5053 D SecMgr  : [SecMgr_GetSecurePortStatus] (0x0)DMA port (0x1) is not supported
07-25 21:40:09.275   723  5044 D NormalPipe: [deque] MyDeq:0: dma:0x6 pa(0x4F00000) io(0_0_1_0_0_0_2016_1_2016_1) mag(0xc)|dma:0x8 pa(0x8500000) io(0_0_2016_1136_0_0_1920_1088_1920_1088) mag(0xc)|dma:0xb pa(0xE500000) io(0_0_0_0_0_0_0_0_0_0) mag(0xc)|dma:0xf pa(0x9000C00) io(0_0_0_0_0_0_0_0_0_0) mag(0xc)|
07-25 21:40:09.276   723  5044 W fsc_hal : [processResult]image_scale_output.image_scale == 0
07-25 21:40:09.276   723  5044 D fsc_hal : [processResult]P magic(12) dac(225) ET(30003) EIS(0), CB magic(12), factor(1.000000), sensor(2016,1136), RRZO: c(0,0,2016,1136) s(1920,1088) f(0.000000,0.000000,1920.000000,1088.000000),RSSO: s(0,0), f(0.000000,0.000000,0.000000,0.000000)
07-25 21:40:09.276   723  5044 D MtkCam/HalSensorList: [querySecureState] Secure State is 0
07-25 21:40:09.276   723  5044 D MtkCam/HalSensor: [destroyInstance] HalSensor destroyInstance count = 6, caller =MtkCam/P1NodeUtility
07-25 21:40:09.276   723  5044 D MtkCam/BaseHeap: [IonHeap::unlockBufLocked] Hal:Image:P1:Fullraw_main1:Size2016x1:Stride2520.0.0:Sn1@ still locked (2)
07-25 21:40:09.276   723  5044 I MtkCam/P1NodeImp: [releaseAction] [Cam::0 R14 S14 E14 D12 O11 #1] [P1::DEQ][Num Q:12 M:12 F:10 R:10 @12][Type:1 Out:x85 Rec:x0 Raw:1 Cap:0 Exe:3 Flush:x0] job(0/1) IMG(pure) RRZ0(0-0-2016x1136)(0-0-1920x1088)(1920x1088) T-ns(EXP: 30003000)(Src:0)(SOF: m_947945311000 b_947945305000)(SS: 947915308000) ExpExtend(0, 0)Q(Sen
07-25 21:40:09.276   723  5047 I MtkCam/P1NodeImp: [releaseFrame] [Cam::0 R14 S14 E14 D12 O12 #1] [P1::OUT][Num Q:12 M:12 F:10 R:10 @12][Type:1 Out:x85 Rec:x0 Raw:1 Cap:0 Exe:3 Flush:x0] [Release-0] [DispatchFrame]
07-25 21:40:09.277   723  5047 D MtkCam/ppl_context: [onDispatchFrame] r10 frameNo:10 0x1 -> 0x15 READY(1/1)
07-25 21:40:09.277   723  5047 D MtkCam/P2/MWFrameRequest: [printIOMap] P2S cam 0 MWFrame:#10 MWReq:#10, frame 11 : iomap: [0]=>img[2/1], meta[3/2], fps[29.76]
07-25 21:40:09.278   723  5062 D MtkCam/P2/StreamingProcessor: [makePayLoad] P2S cam 0 MWFrame:#10 MWReq:#10, frame 11-0 : masterID(0) #Requests(1) merged into #RequestsPacks(1), PendingPayload(1), p1Ts=0000947917808000
07-25 21:40:09.278   723  5062 D MtkCam/StreamingPipe/Data: [calNonLargeSrcCrop]sID(0), imgoIn(0), srcCrop(0,0,1920x1088), isSrcCrop(0), mP2Pack Valid(1), imgo(0x0),rrz(1920x1088)
07-25 21:40:09.278   723  5062 D MtkCam/StreamingPipe/Pipe: [prepareIORequest]P2S cam 0 MWFrame:#10 MWReq:#10, frame 11-11  master/slave/fd(0/-1/0) ReqNo(11), feature=0x8008(3DNR+FSC), cycle(33), fps(n/a)=(30/30), ZoomROI((1442.539673x1088.000000)@(238.730179,0.000000)) SFPIOMgr:[sID(0)--IMG(0x0/0),RRZ(0xb400007e0e818bb0/1),LCS(0xb400007e0e826170/1),LCSH(0x0/0),pRSS(0x0/0),cRSS(0x0/0),RSSR2(0x0/0),FYuv(0x0/0),RYuv1(0x0/0),RYuv2(0x0/0),mAIYuv(0x0/0),HalI(0xb400007dbe821c70),AppI(0xb400007e2e826c38),AppDI(0xb400007dbe812230),AppOver(0x0)]{path(GEN),halO(0xb400007e2e831b70),appO(0xb400007e2e811ff0),Outs--[buf(0xb400007e0e81c630/1)(320x240),tran(0),type(1), tar(disp), prof(0), crop(238.730179,0.000000,1442.539673x1088.000000), flag(0x0)]Tuning--id(0)--[flag(5)]}
07-25 21:40:09.279   723  5060 D isp_mgr_sl2: DIP_X_SL2H_RZ is (SL2_VRZ_COM, SL2_HRZ_COM) = (2138, 2150), (i4RzWidth, i4Width) = (1920, 2016), (i4RzHeight, i4Height) = (1088, 1136)
07-25 21:40:09.279   723  5060 D isp_mgr_sl2: profile is 1, DIP_X_SL2H_RZ is (0x085a0866)
07-25 21:40:09.280   723  5060 D isp_mgr_nr3d: NR3D_EN(1), SL2E_EN(1), x,y,w,h(0,0,1920,1088), full x,y,w,h(0,0,1920,1088),vipi offst(0) w,h(1920,1088), R2C en(1) cnt(0,4,0,12)
07-25 21:40:09.280   723  5060 D MtkCam/StreamingPipe/P2ANode: [enqueFeatureStream] P2S cam 0 MWFrame:#10 MWReq:#10, frame 11-11 :sensor(0) Frame 11 enque start
07-25 21:40:09.280   723  5055 D Iop/p2HPEQNode: [doEnque] sDrvScen:0, CQIdx:0, dupCQIdx:0, burstQIdx:0, RingBufIndex:10,  mTuningData ptr:780701860
07-25 21:40:09.280   723  5055 D PostProcPipe: [PrintPipePortInfo] vInPorts:FN(10),RN(10),TS(0xb44de180),UK(0xcc183a0),Sec(0),[0]:(0x2205),w(1920),h(1088),stride(3600,0,0),type(0),idx(19),dir(0),Size(0x003bc400,0x00000000,0x00000000),VA(0x7c6535b000,0x0,0x0),PA(0x8500000,0x0,0x0),secPort(0),
07-25 21:40:09.280   723  5055 D PostProcPipe:                       vInPorts:FN(10),RN(10),TS(0xb44de180),UK(0xcc183a0),Sec(0),[1]:(0x32315659),w(1920),h(1088),stride(1920,960,960),type(0),idx(22),dir(0),Size(0x001fe000,0x0007f800,0x0007f800),VA(0x7c72241000,0x7c7243f000,0x7c724be800),PA(0xa700000,0xa8fe000,0xa97d800),secPort(0),
07-25 21:40:09.280   723  5055 D PostProcPipe:                       vInPorts:FN(10),RN(10),TS(0xb44de180),UK(0xcc183a0),Sec(0),[2]:(0x2401),w(200),h(112),stride(768,0,0),type(0),idx(26),dir(0),Size(0x00048000,0x00000000,0x00000000),VA(0x7ccb85b000,0x0,0x0),PA(0xe500000,0x0,0x0),secPort(0)
07-25 21:40:09.280   723  5055 D PostProcPipe: [PrintPipePortInfo] vOutPorts:FN(10),RN(10),TS(0xb44de180),UK(0xcc183a0),Sec(0),[0]:(0x32315659),w(1920),h(1088),stride(1920,960,960),type(0),idx(32),dir(1),Size(0x001fe000,0x0007f800,0x0007f800),VA(0x7c85b2d000,0x7c85d2b000,0x7c85daa800),PA(0xaa00000,0xabfe000,0xac7d800),secPort(0),
07-25 21:40:09.280   723  5055 D PostProcPipe:                       vOutPorts:FN(10),RN(10),TS(0xb44de180),UK(0xcc183a0),Sec(0),[1]:(0x11),w(320),h(240),stride(320,320,0),type(0),idx(38),dir(1),Size(0x00012c00,0x00009600,0x00000000),VA(0x7f7734b000,0x7f7735dc00,0x0),PA(0xdc00000,0xdc12c00,0x0),secPort(0)
07-25 21:40:09.280   723  5055 D PostProcPipe: [configPipe] [Imgi][crop_1](x,f_x,y,f_y)=(0,0,0,0),(w,f_w,h,f_h)=(0,0,0,0),(tarW,tarH)=(0,0)-
07-25 21:40:09.280   723  5055 D PostProcPipe:                     [crop_2](x,f_x,y,f_y)=(238,765648,0,0),(w,f_w,h,f_h)=(1442,565888,1088,0),(tarW,tarH)=(320,240)-
07-25 21:40:09.280   723  5055 D PostProcPipe:                     [crop_3](x,f_x,y,f_y)=(0,0,0,0),(w,f_w,h,f_h)=(0,0,0,0),(tarW,tarH)=(0,0),dupCqIdx(0),[vipi]ofst(0),rW/H(1920/1088)
07-25 21:40:09.280   723  5055 D PostProcPipe: ,                    isDipOnly(0), hwmodule(9/0), dipCQ/dup/burst(0/0/0), drvSc(0), isWtf(1),tdr_tpipe(0),en_yuv/yuv2/rgb/dma/fmt_sel/ctl_sel/misc (0x11e07df8/0xf0/0x1400f9/0x20e0f1/0x30480409/0x16040/0x10), tcm(0xa/0x9fd8e1e3/0xe807b3c), last(1), CRZ_EN(0), img3o ofset(0,0),userName(),PIX_ID(3),ImgBuf_PIX_ID(3),tv_sec(1784986809),tv_usec(313179)
07-25 21:40:09.280   723  5055 D iio/ifunc_dip: [ConfigDipPipe] moduleIdx(0), pDipWBuf(0xce8273f0), m_pIspDescript_phy(0x913c000), m_pIspDescript_vir(0x8a691000), m_pIspVirRegAddr_pa(0x913d000), m_pIspVirRegAddr_va(0x8a692000)
07-25 21:40:09.280   723  5056 D iio/ifunc_dip: [enable] thiscq(0), frameflag(0x1), ring_index(10), ref_ringbufidx(9)
07-25 21:40:09.281   723  5056 D MdpMgr  : [updateDpStreamMap] refObjectCqIdx:0, refObjectRingBufIdx:1,cqIdx:0,ringIdx:10,refringbufidx:9
07-25 21:40:09.281   723  5056 D MdpMgr  : [selectDpIspStream] [selectDpIspStream] cqIdx(0/0/0/10_0/1),sceID(0)
07-25 21:40:09.281   723  5056 D MdpMgr  : [_startMdp] dstFmt(657,4982892)
07-25 21:40:09.281   723  5056 D MdpMgr  : [_startMdp] +sceID(0),cqPa(0x913c000)-Va(0x7c8a691000),tpipVa(0x7c8a164000)-Pa(0x9310000),isWaitB(1),cqIndx(0/0/0/10),venc(0),(va: 0x7c8a164000),        srcFt(0x2205),W(1920),H(1088),stride(3600,0),size(0x3bc400-0x0-0x0),VA(0x    ffff),PA(0x 8500000),plane(1),Stmtype(1)
07-25 21:40:09.281   723  5056 D MdpMgr  :         wdma_en(1),idx(0),cap(3),ft(17),rt(0),fp(0),(w,h,s)=(320,240,320),C(w,h,s)=(320,120,320),V(w,h,s)=(0,0,0),mdpidx(0),
07-25 21:40:09.281   723  5056 D MdpMgr  :         wrot_en(0),idx(1),cap(0),ft(0),rt(0),fp(0),(w,h,s)=(0,0,0),C(w,h,s)=(0,0,0),V(w,h,s)=(0,0,0),mdpidx(0),
07-25 21:40:09.281   723  5056 D MdpMgr  :         jpg_en(0),idx(2),cap(0),ft(0),rt(0),fp(0),(w,h,s)=(0,0,0),C(w,h,s)=(0,0,0),V(w,h,s)=(0,0,0),mdpidx(1),
07-25 21:40:09.281   723  5056 D MdpMgr  :         pipe_en(0),idx(3),cap(0),ft(0),rt(0),fp(0),(w,h,s)=(0,0,0),C(w,h,s)=(0,0,0),V(w,h,s)=(0,0,0),mdpidx(2),
07-25 21:40:09.281   723  5056 D MdpMgr  :         (va:0x7c8a164000,dstpa:0x9310000)
07-25 21:40:09.281   723  5056 D MdpMgr  : flag(0_0x1->0x1),startStm(643 us),WDPQ(0x       0),WRPQ(0x       0),tv_sec(1784986809),tv_usec(313179)
07-25 21:40:09.281   723  5056 D Iop/p2HPEQNode: [doMdpStart] frameUnit.idxofwaitDQFrmPackList (0x5e812e78_0_0_0, 0_0_1_0)
07-25 21:40:09.282   723  5057 D MdpMgr  : [selectDpIspStream] [selectDpIspStream] cqIdx(0/0/0/10_0/1),sceID(0)
07-25 21:40:09.283   531  2449 E [GrallocExtra-ERROR]: gralloc_extra_query:105 gralloc_extra_query with NULL handle: 0x0
07-25 21:40:09.284  2345  2403 D C2OMXNode: dhy...mOsdPos:,,mOsdText:
07-25 21:40:09.288   723  5057 D MdpMgr  : [_dequeueBuf] +,cqIndx(0/0/0/10),sceID(0),deqIndex(1),isWaitBuf(1),
07-25 21:40:09.288   723  5057 D MdpMgr  :         deqIndex(1), dequeTime(6479 us)
07-25 21:40:09.288   723  5057 D MdpMgr  : [selectDpIspStream] [selectDpIspStream] cqIdx(0/0/0/10_0/1),sceID(0)
07-25 21:40:09.288   723  5057 D MdpMgr  : [_dequeueBuf] +,cqIndx(0/0/0/10),sceID(0),deqIndex(0),isWaitBuf(1),
07-25 21:40:09.288   723  5057 D MdpMgr  :         deqIndex(0), dequeTime(20 us)
07-25 21:40:09.288   723  5057 D MdpMgr  : [selectDpIspStream] [selectDpIspStream] cqIdx(0/0/0/10_0/1),sceID(0)
07-25 21:40:09.288   723  5057 D MtkCam/StreamingPipe/P2ANode: [onDIPStreamBaseCB] P2S cam 0 MWFrame:#10 MWReq:#10, frame 11-11 :sensor(0) Frame 11 enque done in 8 ms, result = 1
07-25 21:40:09.288   723  5057 D Iop/p2HPDQNode: [doDeque] +,tag(2),idx(0),p2CQ(0/0/0/10),
07-25 21:40:09.288   723  5057 D Iop/p2HPDQNode:                          +,tag(1),idx(0),p2CQ(0/0),
07-25 21:40:09.288   723  5057 D Iop/p2HPDQNode:                          -,cb(143 us)
07-25 21:40:09.289   723  5061 D MtkCam/P2/MWFrame: [doRelease] P2S cam 0 MWFrame:#10 MWReq:#10, frame 11 : all streams(8), using(0), status: s0:d0:App:YCrCb_420_SP:0|HW_TEXTURE(1),Meta:App:Control(1),Hal:Image:P1:Resizeraw_main1(1),Hal:Image:STT_main1(1),Hal:Meta:P1:Dynamic_main1(1),Hal:Meta:P2:Dynamic(1),App:Meta:DynamicP1_main1(1),App:Meta:DynamicP2(1),
07-25 21:40:09.289   723  5025 D mtkcam-AppStreamMgr: [0-FrameHandler::updateResult] requestNo 10, real time:0, last partial:1
07-25 21:40:09.290   723  5025 D ULog    : R AppRequest:10 M[CameraDevice:187001] -  :mtkcam-AppStreamMgr #38229
07-25 21:40:09.290   723  5061 D mtkcam-pipeline: [onLastStrongRef] [ requestNo:10 frameNo:10 ] frame end
07-25 21:40:09.290   723  5061 D MtkCam/StreamingPipe/Timer: [print]Frame timer [#   11/   0][t  10][io   0][tof  0/  0][d  0/  0][mss  0/  0/  0/  0][a  9/  1/  8][tun  0/  0][msf  0/  0][vnr  0/  0/  0][am  0][b  0/  0][tpi(  0/  0)/(  0/  0)/(  0/  0)][vmdp_A  0/  0 vmdp_B  0/  0][h  1/  0/  0][e  0][r  0/  0][w_A  0/  0/  0/  0 w_B  0/  0/  0/  0][x  0][disp  0/  0][async  0/  0][p2sm  0/  0/  0][fps29.85/29.85/ 30/ 30]
07-25 21:40:09.301   723  5028 D HwIRQ3A : [wait] VSIrq
07-25 21:40:09.301   723  5052 D NormalPipe: [enqueRequest] +N:0 CurSof:15 enqCnt:13 cqCnt(p/v):13/13 FrameStatus(2)
07-25 21:40:09.301   723  5052 D NormalPipe: [configEnquePath] N:0 configFrame event:1 multiSenNum:2 occupy:0 status:1(2) fsm:0 depth:0
07-25 21:40:09.301   723  5052 D NormalPipe: [dmaCfg] N:0 dma:x8 cmd:0x101a, crop:(0,0,2016,1136), outsize:(1920,1088)
07-25 21:40:09.301   723  5028 I MtkCam/P1NodeImp: [setRequest] [Cam::0 R15 S15 E14 D12 O12 #0] [P1::SET][Num Q:15 M:15 F:13 R:13 @0][Type:1 Out:x85 Rec:x0 Raw:1 Cap:0 Exe:1 Flush:x0] Num[15] Ctrl[1]=[ 15 ]
07-25 21:40:09.301   723  5052 D NormalPipe: [dmaCfg] N:0 dma:x6 cmd:0x101c, crop:(0,0,2016,1), outsize:(2016,1)
07-25 21:40:09.301   723  5028 D aao_buf_mgr: [updateInfo] mMagicNumber(12), i4SubsampleCount(1)
07-25 21:40:09.301   723  4812 E camiopipe: [vendor/mediatek/proprietary/hardware/mtkcam/drv/src/isp/mt6768/imageio/pipe/CamIOPipe/CamIOPipe.cpp, sendCommand, line3805] ERROR: [0x0]:NOT support command! (sendCommand){#3805:vendor/mediatek/proprietary/hardware/mtkcam/drv/src/isp/mt6768/imageio/pipe/CamIOPipe/CamIOPipe.cpp}
07-25 21:40:09.301   723  4812 E camiopipe: [vendor/mediatek/proprietary/hardware/mtkcam/drv/src/isp/mt6768/imageio/pipe/CamIOPipe/CamIOPipe.cpp, sendCommand, line3812] ERROR: [0x0]:sendCommand(0x1500) error! (sendCommand){#3812:vendor/mediatek/proprietary/hardware/mtkcam/drv/src/isp/mt6768/imageio/pipe/CamIOPipe/CamIOPipe.cpp}
07-25 21:40:09.301   723  4812 E NormalPipe: [vendor/mediatek/proprietary/hardware/mtkcam/drv/src/isp/mt6768/iopipe/CamIO/NormalPipe.cpp, sendCommand, line3773] ERROR: error: sendCommand fail: (cmd,arg1,arg2,arg3)=(0x00001500,0x7C9EA4FF40,0x7C9EA4FF44,0xB400007ECE80E9AC) (sendCommand){#3773:vendor/mediatek/proprietary/hardware/mtkcam/drv/src/isp/mt6768/iopipe/CamIO/NormalPipe.cpp}
07-25 21:40:09.301   723  5052 D ifunc_cam_tuning: [update] [0x0]:CAM_TUNING_CTRL - EN:0x100e02e0 DMA:0x808001e8
07-25 21:40:09.301   723  4812 D Hal3Av3 : [parseMeta] Return to AP AE_REGIONS L(0) T(0) R(0) B(0) W(0)
07-25 21:40:09.301   723  5052 D LMVDrv  : [GetLMVStatusAndUpdate]Suspicous clear, driver may drop frame and now in new pipeline: magicNum(14)=bypass(0)
07-25 21:40:09.301   723  5052 W LMVDrv  : [GetLMVStatusAndUpdate]Cannot find magicNum(0) in queue(0)
07-25 21:40:09.301   723  4812 D Hal3Av3 : [parseMeta] Return to AP AF_REGIONS L(0) T(0) R(0) B(0) W(0)
07-25 21:40:09.301   723  4812 D Hal3Av3 : [parseMeta] Return to AP AWB_REGIONS L(0) T(0) R(0) B(0) W(0)
07-25 21:40:09.301   723  4812 D Hal3Av3 : [parseMeta] MTK_SENSOR_TEST_PATTERN_DATA(0, 0, 0, 0)
07-25 21:40:09.301   723  5052 D camiopipe: [sendCommand] [0x0]:[0]P1_UPDATE_CHECK CTL_EN(0x11bebee3) +[0_0]:0x11bebee3 [1_0]:0x11bebee3 [2_0]:0x11bebee3 -[0_0]:0x11bebee3 [1_0]:0x11bebee3 [2_0]:0x11bebee3 
07-25 21:40:09.301   723  4812 I MtkCam/P1NodeImp: [runQueue] [Cam::0 R15 S15 E14 D12 O12 #1] [P1::REQ][Num Q:16 M:0 F:14 R:14 @0][Type:1 Out:x85 Rec:x0 Raw:1 Cap:0 Exe:1 Flush:x0] [META ze:0 ci:3 rt:-1 tn:-1 qc:-1 fi:-1 fr:-1] [New-Request][0] [0] [IMGO:1 (-1,-1)] [Gp:255/0] IOmap-Img[1]=<0_I[0]{}_O[2]{0x100000003,0x100000004}>-Meta[1]=<0_I[2]{0x80000000,0x100000018}_O[2]{0x10000001b,0x100000024}> CfgStream-Img[OutIMG:0x100000001(0),OutRRZ:0x100000003(1),OutLCS:0x100000004(1)]-Meta[InAPP:0x80000000(1),InHAL:0x100000018(1),OutAPP:0x100000024(1),OutHAL:0x10000001b(1)]  | [PreSet][Key:16] Num(0) Dummy(0) MetaCnt[APP:66,HAL:17] | [Rev:0] depth(1) burst(1) Que[1]
07-25 21:40:09.301   723  5052 D NormalPipe: [frameToEnque] - sof(15)
07-25 21:40:09.301   723  4812 D MtkCam/ppl_context: [sendFrameToRootNodes] r14 frameNo:14 (X) -> 0x1 success; erase record
07-25 21:40:09.301   723  5028 D AeFlowDefault: [monitorAndReschedule:Perframe AE] Calc:1 Apply:1 Magic:12 AEMonitorStable:1 VdCnt:0 u4CwvYcur:0 u4CwvYpre:0 
07-25 21:40:09.301   723  5052 D NormalPipe: [enqueRequest] -
07-25 21:40:09.302   723  5028 D ae_mgr  : [updateAEInfo2ISP] State:0 VDNum:0 Shutter:30003 Gain:9040 1024 750 Flare offset:0 512 FrameDuration:33350000 DisableOBC:0 ExpRatio:100 eAEMode:1 eAEstate:2 CurrentidxF:113
07-25 21:40:09.302   723  5081 D MtkCam/HalSensorList: [querySecureState] Secure State is 0
07-25 21:40:09.302   723  5028 D awb_mgr : [setIspAwbInfo()] m_eSensorDev: 1, awb_gain: 988/512/819, PreGain1: 512/512/512, RPG: 988/512/819, PGN: 988/512/819, bAWBLock: 0 (m_bAWBLock:0, m_u4AWBMode:1)
07-25 21:40:09.302   723  5028 D Task3APv: [run] getSensorParams: m_u4PreRealISO(750), u4RealISO(750), m_preAwbGain(988, 512, 819), rAwbInfo.gain(988, 512, 819)
07-25 21:40:09.302   723  5028 D isp_tuning_custom: [evaluate_Shading_Ratio] sensorid(1379), preSensorId(1379), eSensorMode(2), preSensorMode(2), isSensorOrModeSwitch(0), isInit(0)
07-25 21:40:09.302   723  5028 D isp_tuning_custom: [iso_smooth][ISO smooth enabled][ISO idx(3320)]avgISO = 750.
07-25 21:40:09.302   723  5028 D isp_tuning_custom: [RA_smooth][RA smooth][frm idx(3320)] rto for iso(21), prev_rto(21),RA_incremental_step(2), smoothed ratio(21)
07-25 21:40:09.302   723  5028 D paramctrl_per_frame: put ratio with m_eSensorDev(1), i4Rto(21)
07-25 21:40:09.302   723  5028 D paramctrl_per_frame: [updateLscInfo] (flash, iso, rto)=(0, 750, 21), auto(1), lock(0,0,0), dyn(1), op(0), PreCapFlashIsLockRto(0), fgForceUnlock(0)
07-25 21:40:09.302   723  5028 D Task3APv: [run] Cam 1 : Req(#15)/Stt(#12)/i4Opt(0)/FlashOnOff(0) Lv(8)/ISO(750)/RGB(988,512,819) AFisLockAE(1) isLVChangeTooMuch(0) m_i4FrameCount(13) m_i4TsfFrameCount(14)
07-25 21:40:09.303   723  5028 W TuningMgr: TuningMgr[updateEngine] WARNING: [temp log] AF enable(1_0x100e02e0_0x808001e8)
07-25 21:40:09.303   723  5028 D TuningMgr: TuningMgr[enqueBuffer] magicNum(0xf)
07-25 21:40:09.303   723  5081 D MtkCam/HalSensorList: [querySecureState] Secure State is 0
07-25 21:40:09.303   723  4812 D ULog    : R AppRequest:15 M[CameraDevice:187001] +  :mtkcam-dev3 #38230
07-25 21:40:09.303   723  4812 D mtkcam-dev3-utils: [0-AppRequestUtil::createOneRequest] requestNumber[15]:StreamBuffer:0xb400007dbe8190e0 streamId:0 bufferId:2 buffer:0xb400007e2e80ef90 status:OK acquireFenceOp.hdl:0x7cde6082f0 releaseFenceOp.hdl:0x0 acquireFenceOp.fd:-1 releaseFenceOp.fd:-1 appBufferHandleHolder:0xb400007d8e85d7a8 freeByOthers:0 / 
07-25 21:40:09.304   723  5028 I MtkCam/P1NodeImp: [setupAction] [Cam::0 R15 S15 E15 D12 O12 #1] [P1::ENQ][Num Q:15 M:15 F:13 R:13 @15][Type:1 Out:x85 Rec:x0 Raw:1 Cap:0 Exe:1 Flush:x0] [Exp:30003000ns] [MetaCtrl][SCALER_CROP(1) (0,0_2016x1512) ][SENSOR_CROP(0)][RESIZER_SET(0)]
07-25 21:40:09.304   723  5028 D NormalPipe: [acceptEnqRequest] MyEnq:0: dma:0x8 pa(0x6100000)io(0_0_2016_1136_1920_1088) mag(0xf)|dma:0x6 pa(0x4F00000)io(0_0_2016_1_2016_1) mag(0xf)|dma:0xf pa(0x9000F00)io(0_0_256_1_256_1) mag(0xf)|dma:0xb pa(0xD900000)io(0_0_384_384_384_384) mag(0xf)|
07-25 21:40:09.304   723  4812 D mtkcam-HDRPolicyHelper: [getSeamlessSmoothResult][Cam::0]frameType[3] requestAETargetMode=0 requestExpNum=0
07-25 21:40:09.305   723  4812 D MtkCam/ppl_context: [sendFrameToRootNodes] r15 frameNo:15 (X) -> 0x1 BUSY
07-25 21:40:09.306   723  5080 D af_mgr_v3: cmd-getFocusDistance Pos 200->225, Dis 0.200000->0.608334; fDist_Macro_rev 10.000000, fDist_Inf_rev 0.200000, fDAC_Macro 800.000000, fDAC_Inf 200.000000
07-25 21:40:09.306   723  5080 D AfAlgo  : down maxOffset=46 maxCompLevel=46, cutOffset=7, maxOffset=46 offset 0, level 4, cut offset 7, x/y/z/g=70/1042/-82/1047
07-25 21:40:09.306   723  5080 D AfAlgoC : [HB] DafIO in: mode 0(in:0), (PD,LD,SD) cus(1,0,0) input(0,0,0) Que -1
07-25 21:40:09.306   723  5080 E AfAlgo  : Err:  6195: [AdpComp]Adaptive input error!! 
07-25 21:40:09.306   723  5080 E AfAlgo  : Err:  6279: [AdpComp]Adaptive input error
07-25 21:40:09.306   723  5080 E AfAlgo  : Err:  6279: [AdpComp]Adaptive input error
07-25 21:40:09.307   723  5080 D af_mgr_v3: #(   15,   13) MoveLensTo Dev(1) DAC(250)
07-25 21:40:09.307   723  5080 D LensDrv : [moveMCU] Dev(1) , ioctl - mcuIOC_T_MOVETO, error Operation not permitted
07-25 21:40:09.307   723  5080 D TaskAFNormal: [run] Cam 1 : Req(#15)/Stt(#13)/i4Opt(0)/FlashOnOff(0)
07-25 21:40:09.309   723  5053 D SecMgr  : [SecMgr_GetSecurePortStatus] + (0x0x0)module:0x0 dma port:rrzo
07-25 21:40:09.309   723  5053 D SecMgr  : [SecMgr_GetSecurePortStatus] (0x0)DMA port (0x1) is not supported
07-25 21:40:09.309   723  5053 D ifunc_cam_buf: [waitBufReady] [0x0]:, [0x8900000] waitbufready pass
07-25 21:40:09.309   723  5053 D ifunc_cam_buf: [dequeueHwBuf] [0x0]:BUF_CTRL_RRZO:(0xd_0x0),PA(0x8900000_0xBC00E00),FH_VA(0x7F775C3E00),size(0x3bc400),cur sof(0),
07-25 21:40:09.309   723  5053 D SecMgr  : [SecMgr_GetSecurePortStatus] + (0x0x0)module:0x0 dma port:imgo
07-25 21:40:09.309   723  5053 D SecMgr  : [SecMgr_GetSecurePortStatus] (0x0)DMA port (0x0) is not supported
07-25 21:40:09.309   723  5053 D SecMgr  : [SecMgr_GetSecurePortStatus] + (0x0x0)module:0x0 dma port:
07-25 21:40:09.309   723  5053 D SecMgr  : [SecMgr_GetSecurePortStatus] + (0x0x0)module:0x0 dma port:lcso
07-25 21:40:09.309   723  5053 D NormalPipe: [ispDequeThread] N:0_deq@SOF_15
07-25 21:40:09.309   723  5053 D SecMgr  : [SecMgr_GetSecurePortStatus] + (0x0x0)module:0x0 dma port:rrzo
07-25 21:40:09.309   723  5053 D SecMgr  : [SecMgr_GetSecurePortStatus] (0x0)DMA port (0x1) is not supported
07-25 21:40:09.309   723  5044 D NormalPipe: [deque] MyDeq:0: dma:0x6 pa(0x4F013C0) io(0_0_1_0_0_0_2016_1_2016_1) mag(0xd)|dma:0x8 pa(0x8900000) io(0_0_2016_1136_0_0_1920_1088_1920_1088) mag(0xd)|dma:0xb pa(0xE600000) io(0_0_0_0_0_0_0_0_0_0) mag(0xd)|dma:0xf pa(0x9000D00) io(0_0_0_0_0_0_0_0_0_0) mag(0xd)|
07-25 21:40:09.309   723  5044 W fsc_hal : [processResult]image_scale_output.image_scale == 0
07-25 21:40:09.309   723  5044 D fsc_hal : [processResult]P magic(13) dac(250) ET(30003) EIS(0), CB magic(13), factor(1.000000), sensor(2016,1136), RRZO: c(0,0,2016,1136) s(1920,1088) f(0.000000,0.000000,1920.000000,1088.000000),RSSO: s(0,0), f(0.000000,0.000000,0.000000,0.000000)
07-25 21:40:09.309   723  5044 D MtkCam/HalSensorList: [querySecureState] Secure State is 0
07-25 21:40:09.310   723  5044 D MtkCam/HalSensor: [destroyInstance] HalSensor destroyInstance count = 6, caller =MtkCam/P1NodeUtility
07-25 21:40:09.310   723  5044 D MtkCam/BaseHeap: [IonHeap::unlockBufLocked] Hal:Image:P1:Fullraw_main1:Size2016x1:Stride2520.0.0:Sn3@ still locked (2)
07-25 21:40:09.310   723  5044 I MtkCam/P1NodeImp: [releaseAction] [Cam::0 R15 S15 E15 D13 O12 #1] [P1::DEQ][Num Q:13 M:13 F:11 R:11 @13][Type:1 Out:x85 Rec:x0 Raw:1 Cap:0 Exe:3 Flush:x0] job(0/1) IMG(pure) RRZ0(0-0-2016x1136)(0-0-1920x1088)(1920x1088) T-ns(EXP: 30003000)(Src:0)(SOF: m_947979089000 b_947979083000)(SS: 947949086000) ExpExtend(0, 0)Q(Sen
07-25 21:40:09.310   723  5047 I MtkCam/P1NodeImp: [releaseFrame] [Cam::0 R15 S15 E15 D13 O13 #1] [P1::OUT][Num Q:13 M:13 F:11 R:11 @13][Type:1 Out:x85 Rec:x0 Raw:1 Cap:0 Exe:3 Flush:x0] [Release-0] [DispatchFrame]
07-25 21:40:09.310   723  5047 D MtkCam/ppl_context: [onDispatchFrame] r11 frameNo:11 0x1 -> 0x15 READY(1/1)
07-25 21:40:09.311   723  5047 D MtkCam/P2/MWFrameRequest: [printIOMap] P2S cam 0 MWFrame:#11 MWReq:#11, frame 12 : iomap: [0]=>img[2/1], meta[3/2], fps[29.73]
07-25 21:40:09.312   723  5062 D MtkCam/P2/StreamingProcessor: [makePayLoad] P2S cam 0 MWFrame:#11 MWReq:#11, frame 12-0 : masterID(0) #Requests(1) merged into #RequestsPacks(1), PendingPayload(1), p1Ts=0000947951586000
07-25 21:40:09.312   723  5062 D MtkCam/StreamingPipe/Data: [calNonLargeSrcCrop]sID(0), imgoIn(0), srcCrop(0,0,1920x1088), isSrcCrop(0), mP2Pack Valid(1), imgo(0x0),rrz(1920x1088)
07-25 21:40:09.312   723  5062 D MtkCam/StreamingPipe/Pipe: [prepareIORequest]P2S cam 0 MWFrame:#11 MWReq:#11, frame 12-12  master/slave/fd(0/-1/0) ReqNo(12), feature=0x8008(3DNR+FSC), cycle(33), fps(n/a)=(30/30), ZoomROI((1442.539673x1088.000000)@(238.730179,0.000000)) SFPIOMgr:[sID(0)--IMG(0x0/0),RRZ(0xb400007e0e8196f0/1),LCS(0xb400007e0e821190/1),LCSH(0x0/0),pRSS(0x0/0),cRSS(0x0/0),RSSR2(0x0/0),FYuv(0x0/0),RYuv1(0x0/0),RYuv2(0x0/0),mAIYuv(0x0/0),HalI(0xb400007dbe81ea20),AppI(0xb400007e2e80d478),AppDI(0xb400007dbe8219d0),AppOver(0x0)]{path(GEN),halO(0xb400007e2e81cef0),appO(0xb400007e2e81af70),Outs--[buf(0xb400007e0e8224b0/1)(320x240),tran(0),type(1), tar(disp), prof(0), crop(238.730179,0.000000,1442.539673x1088.000000), flag(0x0)]Tuning--id(0)--[flag(5)]}
07-25 21:40:09.313   723  5060 D isp_mgr_sl2: DIP_X_SL2H_RZ is (SL2_VRZ_COM, SL2_HRZ_COM) = (2138, 2150), (i4RzWidth, i4Width) = (1920, 2016), (i4RzHeight, i4Height) = (1088, 1136)
07-25 21:40:09.313   723  5060 D isp_mgr_sl2: profile is 1, DIP_X_SL2H_RZ is (0x085a0866)
07-25 21:40:09.314   723  5060 D isp_mgr_nr3d: NR3D_EN(1), SL2E_EN(1), x,y,w,h(0,0,1920,1088), full x,y,w,h(0,0,1920,1088),vipi offst(0) w,h(1920,1088), R2C en(1) cnt(1,5,1,13)
07-25 21:40:09.314   723  5060 D MtkCam/StreamingPipe/P2ANode: [enqueFeatureStream] P2S cam 0 MWFrame:#11 MWReq:#11, frame 12-12 :sensor(0) Frame 12 enque start
07-25 21:40:09.314   723  5055 D Iop/p2HPEQNode: [doEnque] sDrvScen:0, CQIdx:0, dupCQIdx:1, burstQIdx:0, RingBufIndex:11,  mTuningData ptr:780427428
07-25 21:40:09.314   723  5055 D PostProcPipe: [PrintPipePortInfo] vInPorts:FN(11),RN(11),TS(0xb6514ad0),UK(0xcc183a0),Sec(0),[0]:(0x2205),w(1920),h(1088),stride(3600,0,0),type(0),idx(19),dir(0),Size(0x003bc400,0x00000000,0x00000000),VA(0x7c63efb000,0x0,0x0),PA(0x8900000,0x0,0x0),secPort(0),
07-25 21:40:09.314   723  5055 D PostProcPipe:                       vInPorts:FN(11),RN(11),TS(0xb6514ad0),UK(0xcc183a0),Sec(0),[1]:(0x32315659),w(1920),h(1088),stride(1920,960,960),type(0),idx(22),dir(0),Size(0x001fe000,0x0007f800,0x0007f800),VA(0x7c85b2d000,0x7c85d2b000,0x7c85daa800),PA(0xaa00000,0xabfe000,0xac7d800),secPort(0),
07-25 21:40:09.314   723  5055 D PostProcPipe:                       vInPorts:FN(11),RN(11),TS(0xb6514ad0),UK(0xcc183a0),Sec(0),[2]:(0x2401),w(200),h(112),stride(768,0,0),type(0),idx(26),dir(0),Size(0x00048000,0x00000000,0x00000000),VA(0x7ccb800000,0x0,0x0),PA(0xe600000,0x0,0x0),secPort(0)
07-25 21:40:09.314   723  5055 D PostProcPipe: [PrintPipePortInfo] vOutPorts:FN(11),RN(11),TS(0xb6514ad0),UK(0xcc183a0),Sec(0),[0]:(0x32315659),w(1920),h(1088),stride(1920,960,960),type(0),idx(32),dir(1),Size(0x001fe000,0x0007f800,0x0007f800),VA(0x7c8582f000,0x7c85a2d000,0x7c85aac800),PA(0xad00000,0xaefe000,0xaf7d800),secPort(0),
07-25 21:40:09.314   723  5055 D PostProcPipe:                       vOutPorts:FN(11),RN(11),TS(0xb6514ad0),UK(0xcc183a0),Sec(0),[1]:(0x11),w(320),h(240),stride(320,320,0),type(0),idx(38),dir(1),Size(0x00012c00,0x00009600,0x00000000),VA(0x7f7732a000,0x7f7733cc00,0x0),PA(0xde00000,0xde12c00,0x0),secPort(0)
07-25 21:40:09.314   723  5055 D PostProcPipe: [configPipe] [Imgi][crop_1](x,f_x,y,f_y)=(0,0,0,0),(w,f_w,h,f_h)=(0,0,0,0),(tarW,tarH)=(0,0)-
07-25 21:40:09.314   723  5055 D PostProcPipe:                     [crop_2](x,f_x,y,f_y)=(238,765648,0,0),(w,f_w,h,f_h)=(1442,565888,1088,0),(tarW,tarH)=(320,240)-
07-25 21:40:09.314   723  5055 D PostProcPipe:                     [crop_3](x,f_x,y,f_y)=(0,0,0,0),(w,f_w,h,f_h)=(0,0,0,0),(tarW,tarH)=(0,0),dupCqIdx(1),[vipi]ofst(0),rW/H(1920/1088)
07-25 21:40:09.314   723  5055 D PostProcPipe: ,                    isDipOnly(0), hwmodule(9/0), dipCQ/dup/burst(0/1/0), drvSc(0), isWtf(1),tdr_tpipe(0),en_yuv/yuv2/rgb/dma/fmt_sel/ctl_sel/misc (0x11e07df8/0xf0/0x1400f9/0x20e0f1/0x30480409/0x16040/0x10), tcm(0xa/0x9fd8e1e3/0xe807b3c), last(1), CRZ_EN(0), img3o ofset(0,0),userName(),PIX_ID(3),ImgBuf_PIX_ID(3),tv_sec(1784986809),tv_usec(347286)
07-25 21:40:09.314   723  5055 D iio/ifunc_dip: [ConfigDipPipe] moduleIdx(0), pDipWBuf(0xce827448), m_pIspDescript_phy(0x9142000), m_pIspDescript_vir(0x8a697000), m_pIspVirRegAddr_pa(0x9143000), m_pIspVirRegAddr_va(0x8a698000)
07-25 21:40:09.315   723  5056 D iio/ifunc_dip: [enable] thiscq(0), frameflag(0x1), ring_index(11), ref_ringbufidx(10)
07-25 21:40:09.315   723  5056 D MdpMgr  : [updateDpStreamMap] refObjectCqIdx:0, refObjectRingBufIdx:1,cqIdx:0,ringIdx:11,refringbufidx:10
07-25 21:40:09.315   723  5056 D MdpMgr  : [selectDpIspStream] [selectDpIspStream] cqIdx(0/1/0/11_0/1),sceID(0)
07-25 21:40:09.315   723  5056 D MdpMgr  : [_startMdp] dstFmt(657,4982892)
07-25 21:40:09.316   723  5056 D MdpMgr  : [_startMdp] +sceID(0),cqPa(0x9142000)-Va(0x7c8a697000),tpipVa(0x7c8a164000)-Pa(0x9310000),isWaitB(1),cqIndx(0/1/0/11),venc(0),(va: 0x7c8a164000),        srcFt(0x2205),W(1920),H(1088),stride(3600,0),size(0x3bc400-0x0-0x0),VA(0x    ffff),PA(0x 8900000),plane(1),Stmtype(1)
07-25 21:40:09.316   723  5056 D MdpMgr  :         wdma_en(1),idx(0),cap(3),ft(17),rt(0),fp(0),(w,h,s)=(320,240,320),C(w,h,s)=(320,120,320),V(w,h,s)=(0,0,0),mdpidx(0),
07-25 21:40:09.316   723  5056 D MdpMgr  :         wrot_en(0),idx(1),cap(0),ft(0),rt(0),fp(0),(w,h,s)=(0,0,0),C(w,h,s)=(0,0,0),V(w,h,s)=(0,0,0),mdpidx(0),
07-25 21:40:09.316   723  5056 D MdpMgr  :         jpg_en(0),idx(2),cap(0),ft(0),rt(0),fp(0),(w,h,s)=(0,0,0),C(w,h,s)=(0,0,0),V(w,h,s)=(0,0,0),mdpidx(1),
07-25 21:40:09.316   723  5056 D MdpMgr  :         pipe_en(0),idx(3),cap(0),ft(0),rt(0),fp(0),(w,h,s)=(0,0,0),C(w,h,s)=(0,0,0),V(w,h,s)=(0,0,0),mdpidx(2),
07-25 21:40:09.316   723  5056 D MdpMgr  :         (va:0x7c8a164000,dstpa:0x9310000)
07-25 21:40:09.316   723  5056 D MdpMgr  : flag(0_0x1->0x1),startStm(944 us),WDPQ(0x       0),WRPQ(0x       0),tv_sec(1784986809),tv_usec(347286)
07-25 21:40:09.316   723  5056 D Iop/p2HPEQNode: [doMdpStart] frameUnit.idxofwaitDQFrmPackList (0x5e812e78_0_0_1, 0_0_1_0)
07-25 21:40:09.316   723  5057 D MdpMgr  : [selectDpIspStream] [selectDpIspStream] cqIdx(0/1/0/11_0/1),sceID(0)
07-25 21:40:09.318   531  2449 E [GrallocExtra-ERROR]: gralloc_extra_query:105 gralloc_extra_query with NULL handle: 0x0
07-25 21:40:09.318  2345  2403 D C2OMXNode: dhy...mOsdPos:,,mOsdText:
07-25 21:40:09.322   723  5057 D MdpMgr  : [_dequeueBuf] +,cqIndx(0/1/0/11),sceID(0),deqIndex(1),isWaitBuf(1),
07-25 21:40:09.322   723  5057 D MdpMgr  :         deqIndex(1), dequeTime(6233 us)
07-25 21:40:09.322   723  5057 D MdpMgr  : [selectDpIspStream] [selectDpIspStream] cqIdx(0/1/0/11_0/1),sceID(0)
07-25 21:40:09.322   723  5057 D MdpMgr  : [_dequeueBuf] +,cqIndx(0/1/0/11),sceID(0),deqIndex(0),isWaitBuf(1),
07-25 21:40:09.322   723  5057 D MdpMgr  :         deqIndex(0), dequeTime(20 us)
07-25 21:40:09.323   723  5057 D MdpMgr  : [selectDpIspStream] [selectDpIspStream] cqIdx(0/1/0/11_0/1),sceID(0)
07-25 21:40:09.323   723  5057 D MtkCam/StreamingPipe/P2ANode: [onDIPStreamBaseCB] P2S cam 0 MWFrame:#11 MWReq:#11, frame 12-12 :sensor(0) Frame 12 enque done in 9 ms, result = 1
07-25 21:40:09.323   723  5057 D Iop/p2HPDQNode: [doDeque] +,tag(2),idx(0),p2CQ(0/1/0/11),
07-25 21:40:09.323   723  5057 D Iop/p2HPDQNode:                          +,tag(1),idx(0),p2CQ(0/1),
07-25 21:40:09.323   723  5057 D Iop/p2HPDQNode:                          -,cb(178 us)
07-25 21:40:09.323   723  5061 D MtkCam/P2/MWFrame: [doRelease] P2S cam 0 MWFrame:#11 MWReq:#11, frame 12 : all streams(8), using(0), status: s0:d0:App:YCrCb_420_SP:0|HW_TEXTURE(1),Meta:App:Control(1),Hal:Image:P1:Resizeraw_main1(1),Hal:Image:STT_main1(1),Hal:Meta:P1:Dynamic_main1(1),Hal:Meta:P2:Dynamic(1),App:Meta:DynamicP1_main1(1),App:Meta:DynamicP2(1),
07-25 21:40:09.324   723  5061 D mtkcam-pipeline: [onLastStrongRef] [ requestNo:11 frameNo:11 ] frame end
07-25 21:40:09.324   723  5025 D mtkcam-AppStreamMgr: [0-FrameHandler::updateResult] requestNo 11, real time:0, last partial:1
07-25 21:40:09.324   723  5025 D ULog    : R AppRequest:11 M[CameraDevice:187001] -  :mtkcam-AppStreamMgr #38231
07-25 21:40:09.324   723  5061 D MtkCam/StreamingPipe/Timer: [print]Frame timer [#   12/   0][t  11][io   0][tof  0/  0][d  0/  0][mss  0/  0/  0/  0][a 10/  1/  9][tun  0/  0][msf  0/  0][vnr  0/  0/  0][am  0][b  0/  0][tpi(  0/  0)/(  0/  0)/(  0/  0)][vmdp_A  0/  0 vmdp_B  0/  0][h  0/  0/  0][e  0][r  0/  0][w_A  0/  0/  0/  0 w_B  0/  0/  0/  0][x  0][disp  0/  0][async  0/  0][p2sm  0/  0/  0][fps29.73/29.73/ 30/ 30]
07-25 21:40:09.334   723  5028 D HwIRQ3A : [wait] VSIrq
07-25 21:40:09.334   723  5052 D NormalPipe: [enqueRequest] +N:0 CurSof:16 enqCnt:14 cqCnt(p/v):14/14 FrameStatus(2)
07-25 21:40:09.334   723  5052 D NormalPipe: [configEnquePath] N:0 configFrame event:1 multiSenNum:2 occupy:0 status:1(2) fsm:0 depth:0
07-25 21:40:09.335   723  5052 D NormalPipe: [dmaCfg] N:0 dma:x8 cmd:0x101a, crop:(0,0,2016,1136), outsize:(1920,1088)
07-25 21:40:09.335   723  5028 I MtkCam/P1NodeImp: [setRequest] [Cam::0 R16 S16 E15 D13 O13 #0] [P1::SET][Num Q:16 M:16 F:14 R:14 @0][Type:1 Out:x85 Rec:x0 Raw:1 Cap:0 Exe:1 Flush:x0] Num[16] Ctrl[1]=[ 16 ]
07-25 21:40:09.335   723  5052 D NormalPipe: [dmaCfg] N:0 dma:x6 cmd:0x101c, crop:(0,0,2016,1), outsize:(2016,1)
07-25 21:40:09.335   723  5028 D aao_buf_mgr: [updateInfo] mMagicNumber(13), i4SubsampleCount(1)
07-25 21:40:09.335   723  4812 E camiopipe: [vendor/mediatek/proprietary/hardware/mtkcam/drv/src/isp/mt6768/imageio/pipe/CamIOPipe/CamIOPipe.cpp, sendCommand, line3805] ERROR: [0x0]:NOT support command! (sendCommand){#3805:vendor/mediatek/proprietary/hardware/mtkcam/drv/src/isp/mt6768/imageio/pipe/CamIOPipe/CamIOPipe.cpp}
07-25 21:40:09.335   723  4812 E camiopipe: [vendor/mediatek/proprietary/hardware/mtkcam/drv/src/isp/mt6768/imageio/pipe/CamIOPipe/CamIOPipe.cpp, sendCommand, line3812] ERROR: [0x0]:sendCommand(0x1500) error! (sendCommand){#3812:vendor/mediatek/proprietary/hardware/mtkcam/drv/src/isp/mt6768/imageio/pipe/CamIOPipe/CamIOPipe.cpp}
07-25 21:40:09.335   723  4812 E NormalPipe: [vendor/mediatek/proprietary/hardware/mtkcam/drv/src/isp/mt6768/iopipe/CamIO/NormalPipe.cpp, sendCommand, line3773] ERROR: error: sendCommand fail: (cmd,arg1,arg2,arg3)=(0x00001500,0x7C9EA4FF40,0x7C9EA4FF44,0xB400007ECE813D1C) (sendCommand){#3773:vendor/mediatek/proprietary/hardware/mtkcam/drv/src/isp/mt6768/iopipe/CamIO/NormalPipe.cpp}
07-25 21:40:09.335   723  4812 D Hal3Av3 : [parseMeta] Return to AP AE_REGIONS L(0) T(0) R(0) B(0) W(0)
07-25 21:40:09.335   723  4812 D Hal3Av3 : [parseMeta] Return to AP AF_REGIONS L(0) T(0) R(0) B(0) W(0)
07-25 21:40:09.335   723  4812 D Hal3Av3 : [parseMeta] Return to AP AWB_REGIONS L(0) T(0) R(0) B(0) W(0)
07-25 21:40:09.335   723  4812 D Hal3Av3 : [parseMeta] MTK_SENSOR_TEST_PATTERN_DATA(0, 0, 0, 0)
07-25 21:40:09.335   723  5052 D ifunc_cam_tuning: [update] [0x0]:CAM_TUNING_CTRL - EN:0x100e02e0 DMA:0x808001e8
07-25 21:40:09.335   723  4812 I MtkCam/P1NodeImp: [runQueue] [Cam::0 R16 S16 E15 D13 O13 #1] [P1::REQ][Num Q:17 M:0 F:15 R:15 @0][Type:1 Out:x85 Rec:x0 Raw:1 Cap:0 Exe:1 Flush:x0] [META ze:0 ci:3 rt:-1 tn:-1 qc:-1 fi:-1 fr:-1] [New-Request][0] [0] [IMGO:1 (-1,-1)] [Gp:255/0] IOmap-Img[1]=<0_I[0]{}_O[2]{0x100000003,0x100000004}>-Meta[1]=<0_I[2]{0x80000000,0x100000018}_O[2]{0x10000001b,0x100000024}> CfgStream-Img[OutIMG:0x100000001(0),OutRRZ:0x100000003(1),OutLCS:0x100000004(1)]-Meta[InAPP:0x80000000(1),InHAL:0x100000018(1),OutAPP:0x100000024(1),OutHAL:0x10000001b(1)]  | [PreSet][Key:17] Num(0) Dummy(0) MetaCnt[APP:66,HAL:17] | [Rev:0] depth(1) burst(1) Que[1]
07-25 21:40:09.335   723  5052 D LMVDrv  : [GetLMVStatusAndUpdate]Suspicous clear, driver may drop frame and now in new pipeline: magicNum(15)=bypass(0)
07-25 21:40:09.335   723  4812 D MtkCam/ppl_context: [sendFrameToRootNodes] r15 frameNo:15 (X) -> 0x1 success; erase record
07-25 21:40:09.335   723  5052 W LMVDrv  : [GetLMVStatusAndUpdate]Cannot find magicNum(0) in queue(0)
07-25 21:40:09.335   723  5052 D camiopipe: [sendCommand] [0x0]:[1]P1_UPDATE_CHECK CTL_EN(0x11bebee3) +[0_0]:0x11bebee3 [1_0]:0x11bebee3 [2_0]:0x11bebee3 -[0_0]:0x11bebee3 [1_0]:0x11bebee3 [2_0]:0x11bebee3 
07-25 21:40:09.335   723  5028 D AeFlowDefault: [monitorAndReschedule:Perframe AE] Calc:1 Apply:1 Magic:13 AEMonitorStable:1 VdCnt:0 u4CwvYcur:0 u4CwvYpre:0 
07-25 21:40:09.335   723  5052 D NormalPipe: [frameToEnque] - sof(16)
07-25 21:40:09.335   723  5052 D NormalPipe: [enqueRequest] -
07-25 21:40:09.335   723  5028 D ae_mgr  : [updateAEInfo2ISP] State:0 VDNum:0 Shutter:30003 Gain:9040 1024 750 Flare offset:0 512 FrameDuration:33350000 DisableOBC:0 ExpRatio:100 eAEMode:1 eAEstate:2 CurrentidxF:113
07-25 21:40:09.336   723  5081 D MtkCam/HalSensorList: [querySecureState] Secure State is 0
07-25 21:40:09.336   723  5028 D awb_mgr : [setIspAwbInfo()] m_eSensorDev: 1, awb_gain: 988/512/819, PreGain1: 512/512/512, RPG: 988/512/819, PGN: 988/512/819, bAWBLock: 0 (m_bAWBLock:0, m_u4AWBMode:1)
07-25 21:40:09.336   723  5028 D Task3APv: [run] getSensorParams: m_u4PreRealISO(750), u4RealISO(750), m_preAwbGain(988, 512, 819), rAwbInfo.gain(988, 512, 819)
07-25 21:40:09.336   723  5028 D isp_tuning_custom: [evaluate_Shading_Ratio] sensorid(1379), preSensorId(1379), eSensorMode(2), preSensorMode(2), isSensorOrModeSwitch(0), isInit(0)
07-25 21:40:09.336   723  5028 D isp_tuning_custom: [iso_smooth][ISO smooth enabled][ISO idx(3321)]avgISO = 750.
07-25 21:40:09.336   723  5028 D isp_tuning_custom: [RA_smooth][RA smooth][frm idx(3321)] rto for iso(21), prev_rto(21),RA_incremental_step(2), smoothed ratio(21)
07-25 21:40:09.336   723  5028 D paramctrl_per_frame: put ratio with m_eSensorDev(1), i4Rto(21)
07-25 21:40:09.336   723  5028 D paramctrl_per_frame: [updateLscInfo] (flash, iso, rto)=(0, 750, 21), auto(1), lock(0,0,0), dyn(1), op(0), PreCapFlashIsLockRto(0), fgForceUnlock(0)
07-25 21:40:09.336   723  5028 D Task3APv: [run] Cam 1 : Req(#16)/Stt(#13)/i4Opt(0)/FlashOnOff(0) Lv(8)/ISO(750)/RGB(988,512,819) AFisLockAE(1) isLVChangeTooMuch(0) m_i4FrameCount(14) m_i4TsfFrameCount(15)
07-25 21:40:09.336   723  5028 W TuningMgr: TuningMgr[updateEngine] WARNING: [temp log] AF enable(1_0x100e02e0_0x808001e8)
07-25 21:40:09.336   723  5028 D TuningMgr: TuningMgr[enqueBuffer] magicNum(0x10)
07-25 21:40:09.336   723  1127 D ULog    : R AppRequest:16 M[CameraDevice:187001] +  :mtkcam-dev3 #38232
07-25 21:40:09.337   723  5081 D MtkCam/HalSensorList: [querySecureState] Secure State is 0
07-25 21:40:09.337   723  1127 D mtkcam-dev3-utils: [0-AppRequestUtil::createOneRequest] requestNumber[16]:StreamBuffer:0xb400007dbe8190e0 streamId:0 bufferId:3 buffer:0xb400007e2e83efd0 status:OK acquireFenceOp.hdl:0x7cde6082f0 releaseFenceOp.hdl:0x0 acquireFenceOp.fd:-1 releaseFenceOp.fd:-1 appBufferHandleHolder:0xb400007d8e83c4a8 freeByOthers:0 / 
07-25 21:40:09.337   723  1127 D mtkcam-HDRPolicyHelper: [getSeamlessSmoothResult][Cam::0]frameType[3] requestAETargetMode=0 requestExpNum=0
07-25 21:40:09.337   723  5028 I MtkCam/P1NodeImp: [setupAction] [Cam::0 R16 S16 E16 D13 O13 #1] [P1::ENQ][Num Q:16 M:16 F:14 R:14 @16][Type:1 Out:x85 Rec:x0 Raw:1 Cap:0 Exe:1 Flush:x0] [Exp:30003000ns] [MetaCtrl][SCALER_CROP(1) (0,0_2016x1512) ][SENSOR_CROP(0)][RESIZER_SET(0)]
07-25 21:40:09.337   723  5028 D NormalPipe: [acceptEnqRequest] MyEnq:0: dma:0x8 pa(0x6500000)io(0_0_2016_1136_1920_1088) mag(0x10)|dma:0x6 pa(0x4F013C0)io(0_0_2016_1_2016_1) mag(0x10)|dma:0xf pa(0x9001000)io(0_0_256_1_256_1) mag(0x10)|dma:0xb pa(0xDD00000)io(0_0_384_384_384_384) mag(0x10)|
07-25 21:40:09.338   723  1127 D MtkCam/ppl_context: [sendFrameToRootNodes] r16 frameNo:16 (X) -> 0x1 BUSY
07-25 21:40:09.340   723  5080 D af_mgr_v3: cmd-getFocusDistance Pos 225->250, Dis 0.608334->1.016666; fDist_Macro_rev 10.000000, fDist_Inf_rev 0.200000, fDAC_Macro 800.000000, fDAC_Inf 200.000000
07-25 21:40:09.340   723  5080 D AfAlgo  : down maxOffset=46 maxCompLevel=46, cutOffset=7, maxOffset=46 offset 0, level 4, cut offset 7, x/y/z/g=70/1040/-84/1045
07-25 21:40:09.340   723  5080 D AfAlgoC : [HB] DafIO in: mode 0(in:0), (PD,LD,SD) cus(1,0,0) input(0,0,0) Que -1
07-25 21:40:09.340   723  5080 E AfAlgo  : Err:  6195: [AdpComp]Adaptive input error!! 
07-25 21:40:09.340   723  5080 E AfAlgo  : Err:  6279: [AdpComp]Adaptive input error
07-25 21:40:09.340   723  5080 E AfAlgo  : Err:  6279: [AdpComp]Adaptive input error
07-25 21:40:09.340   723  5080 D af_mgr_v3: #(   16,   14) MoveLensTo Dev(1) DAC(275)
07-25 21:40:09.340   723  5080 D LensDrv : [moveMCU] Dev(1) , ioctl - mcuIOC_T_MOVETO, error Operation not permitted
07-25 21:40:09.341   723  5080 D TaskAFNormal: [run] Cam 1 : Req(#16)/Stt(#14)/i4Opt(0)/FlashOnOff(0)
07-25 21:40:09.342   723  5053 D SecMgr  : [SecMgr_GetSecurePortStatus] + (0x0x0)module:0x0 dma port:rrzo
07-25 21:40:09.343   723  5053 D SecMgr  : [SecMgr_GetSecurePortStatus] (0x0)DMA port (0x1) is not supported
07-25 21:40:09.343   723  5053 D ifunc_cam_buf: [waitBufReady] [0x0]:, [0x5900000] waitbufready pass
07-25 21:40:09.343   723  5053 D ifunc_cam_buf: [dequeueHwBuf] [0x0]:BUF_CTRL_RRZO:(0xd_0x0),PA(0x5900000_0xBC00E80),FH_VA(0x7F775C3E80),size(0x3bc400),cur sof(0),
07-25 21:40:09.343   723  5053 D SecMgr  : [SecMgr_GetSecurePortStatus] + (0x0x0)module:0x0 dma port:imgo
07-25 21:40:09.343   723  5053 D SecMgr  : [SecMgr_GetSecurePortStatus] (0x0)DMA port (0x0) is not supported
07-25 21:40:09.343   723  5053 D SecMgr  : [SecMgr_GetSecurePortStatus] + (0x0x0)module:0x0 dma port:
07-25 21:40:09.343   723  5053 D SecMgr  : [SecMgr_GetSecurePortStatus] + (0x0x0)module:0x0 dma port:lcso
07-25 21:40:09.343   723  5053 D NormalPipe: [ispDequeThread] N:0_deq@SOF_16
07-25 21:40:09.343   723  5053 D SecMgr  : [SecMgr_GetSecurePortStatus] + (0x0x0)module:0x0 dma port:rrzo
07-25 21:40:09.343   723  5044 D NormalPipe: [deque] MyDeq:0: dma:0x6 pa(0x4F009E0) io(0_0_1_0_0_0_2016_1_2016_1) mag(0xe)|dma:0x8 pa(0x5900000) io(0_0_2016_1136_0_0_1920_1088_1920_1088) mag(0xe)|dma:0xb pa(0xD800000) io(0_0_0_0_0_0_0_0_0_0) mag(0xe)|dma:0xf pa(0x9000E00) io(0_0_0_0_0_0_0_0_0_0) mag(0xe)|
07-25 21:40:09.343   723  5053 D SecMgr  : [SecMgr_GetSecurePortStatus] (0x0)DMA port (0x1) is not supported
07-25 21:40:09.343   723  5044 W fsc_hal : [processResult]image_scale_output.image_scale == 0
07-25 21:40:09.343   723  5044 D fsc_hal : [processResult]P magic(14) dac(275) ET(30003) EIS(0), CB magic(14), factor(1.000000), sensor(2016,1136), RRZO: c(0,0,2016,1136) s(1920,1088) f(0.000000,0.000000,1920.000000,1088.000000),RSSO: s(0,0), f(0.000000,0.000000,0.000000,0.000000)
07-25 21:40:09.344   723  5044 D MtkCam/HalSensorList: [querySecureState] Secure State is 0
07-25 21:40:09.344   723  5044 D MtkCam/HalSensor: [destroyInstance] HalSensor destroyInstance count = 6, caller =MtkCam/P1NodeUtility
07-25 21:40:09.344   723  5044 D MtkCam/BaseHeap: [IonHeap::unlockBufLocked] Hal:Image:P1:Fullraw_main1:Size2016x1:Stride2520.0.0:Sn2@ still locked (2)
07-25 21:40:09.344   723  5044 I MtkCam/P1NodeImp: [releaseAction] [Cam::0 R16 S16 E16 D14 O13 #1] [P1::DEQ][Num Q:14 M:14 F:12 R:12 @14][Type:1 Out:x85 Rec:x0 Raw:1 Cap:0 Exe:3 Flush:x0] job(0/1) IMG(pure) RRZ0(0-0-2016x1136)(0-0-1920x1088)(1920x1088) T-ns(EXP: 30003000)(Src:0)(SOF: m_948012868000 b_948012862000)(SS: 947982865000) ExpExtend(0, 0)Q(Sen
07-25 21:40:09.344   723  5047 I MtkCam/P1NodeImp: [releaseFrame] [Cam::0 R16 S16 E16 D14 O14 #1] [P1::OUT][Num Q:14 M:14 F:12 R:12 @14][Type:1 Out:x85 Rec:x0 Raw:1 Cap:0 Exe:3 Flush:x0] [Release-0] [DispatchFrame]
07-25 21:40:09.344   723  5047 D MtkCam/ppl_context: [onDispatchFrame] r12 frameNo:12 0x1 -> 0x15 READY(1/1)
07-25 21:40:09.345   723  5047 D MtkCam/P2/MWFrameRequest: [printIOMap] P2S cam 0 MWFrame:#12 MWReq:#12, frame 13 : iomap: [0]=>img[2/1], meta[3/2], fps[29.63]
07-25 21:40:09.345   723  5062 D MtkCam/P2/StreamingProcessor: [makePayLoad] P2S cam 0 MWFrame:#12 MWReq:#12, frame 13-0 : masterID(0) #Requests(1) merged into #RequestsPacks(1), PendingPayload(1), p1Ts=0000947985365000
07-25 21:40:09.346   723  5062 D MtkCam/StreamingPipe/Data: [calNonLargeSrcCrop]sID(0), imgoIn(0), srcCrop(0,0,1920x1088), isSrcCrop(0), mP2Pack Valid(1), imgo(0x0),rrz(1920x1088)
07-25 21:40:09.346   723  5062 D MtkCam/StreamingPipe/Pipe: [prepareIORequest]P2S cam 0 MWFrame:#12 MWReq:#12, frame 13-13  master/slave/fd(0/-1/0) ReqNo(13), feature=0x8008(3DNR+FSC), cycle(33), fps(n/a)=(30/30), ZoomROI((1442.539673x1088.000000)@(238.730179,0.000000)) SFPIOMgr:[sID(0)--IMG(0x0/0),RRZ(0xb400007e0e8196f0/1),LCS(0xb400007e0e811c50/1),LCSH(0x0/0),pRSS(0x0/0),cRSS(0x0/0),RSSR2(0x0/0),FYuv(0x0/0),RYuv1(0x0/0),RYuv2(0x0/0),mAIYuv(0x0/0),HalI(0xb400007dbe81ba00),AppI(0xb400007e2e81f6f8),AppDI(0xb400007dbe812af0),AppOver(0x0)]{path(GEN),halO(0xb400007e2e80dbb0),appO(0xb400007e2e834e30),Outs--[buf(0xb400007e0e831c30/1)(320x240),tran(0),type(1), tar(disp), prof(0), crop(238.730179,0.000000,1442.539673x1088.000000), flag(0x0)]Tuning--id(0)--[flag(5)]}
07-25 21:40:09.347   723  5060 D isp_mgr_sl2: DIP_X_SL2H_RZ is (SL2_VRZ_COM, SL2_HRZ_COM) = (2138, 2150), (i4RzWidth, i4Width) = (1920, 2016), (i4RzHeight, i4Height) = (1088, 1136)
07-25 21:40:09.347   723  5060 D isp_mgr_sl2: profile is 1, DIP_X_SL2H_RZ is (0x085a0866)
07-25 21:40:09.347   723  5060 D isp_mgr_nr3d: NR3D_EN(1), SL2E_EN(1), x,y,w,h(0,0,1920,1088), full x,y,w,h(0,0,1920,1088),vipi offst(0) w,h(1920,1088), R2C en(1) cnt(2,6,2,0)
07-25 21:40:09.347   723  5060 D MtkCam/StreamingPipe/P2ANode: [enqueFeatureStream] P2S cam 0 MWFrame:#12 MWReq:#12, frame 13-13 :sensor(0) Frame 13 enque start
07-25 21:40:09.347   723  5055 D Iop/p2HPEQNode: [doEnque] sDrvScen:0, CQIdx:0, dupCQIdx:0, burstQIdx:0, RingBufIndex:12,  mTuningData ptr:780333220
07-25 21:40:09.347   723  5055 D PostProcPipe: [PrintPipePortInfo] vInPorts:FN(12),RN(12),TS(0xb854b808),UK(0xcc183a0),Sec(0),[0]:(0x2205),w(1920),h(1088),stride(3600,0,0),type(0),idx(19),dir(0),Size(0x003bc400,0x00000000,0x00000000),VA(0x7c8f89c000,0x0,0x0),PA(0x5900000,0x0,0x0),secPort(0),
07-25 21:40:09.347   723  5055 D PostProcPipe:                       vInPorts:FN(12),RN(12),TS(0xb854b808),UK(0xcc183a0),Sec(0),[1]:(0x32315659),w(1920),h(1088),stride(1920,960,960),type(0),idx(22),dir(0),Size(0x001fe000,0x0007f800,0x0007f800),VA(0x7c8582f000,0x7c85a2d000,0x7c85aac800),PA(0xad00000,0xaefe000,0xaf7d800),secPort(0),
07-25 21:40:09.347   723  5055 D PostProcPipe:                       vInPorts:FN(12),RN(12),TS(0xb854b808),UK(0xcc183a0),Sec(0),[2]:(0x2401),w(200),h(112),stride(768,0,0),type(0),idx(26),dir(0),Size(0x00048000,0x00000000,0x00000000),VA(0x7f77067000,0x0,0x0),PA(0xd800000,0x0,0x0),secPort(0)
07-25 21:40:09.348   723  5055 D PostProcPipe: [PrintPipePortInfo] vOutPorts:FN(12),RN(12),TS(0xb854b808),UK(0xcc183a0),Sec(0),[0]:(0x32315659),w(1920),h(1088),stride(1920,960,960),type(0),idx(32),dir(1),Size(0x001fe000,0x0007f800,0x0007f800),VA(0x7c864cb000,0x7c866c9000,0x7c86748800),PA(0x9e00000,0x9ffe000,0xa07d800),secPort(0),
07-25 21:40:09.348   723  5055 D PostProcPipe:                       vOutPorts:FN(12),RN(12),TS(0xb854b808),UK(0xcc183a0),Sec(0),[1]:(0x11),w(320),h(240),stride(320,320,0),type(0),idx(38),dir(1),Size(0x00012c00,0x00009600,0x00000000),VA(0x7f7717b000,0x7f7718dc00,0x0),PA(0xe100000,0xe112c00,0x0),secPort(0)
07-25 21:40:09.348   723  5055 D PostProcPipe: [configPipe] [Imgi][crop_1](x,f_x,y,f_y)=(0,0,0,0),(w,f_w,h,f_h)=(0,0,0,0),(tarW,tarH)=(0,0)-
07-25 21:40:09.348   723  5055 D PostProcPipe:                     [crop_2](x,f_x,y,f_y)=(238,765648,0,0),(w,f_w,h,f_h)=(1442,565888,1088,0),(tarW,tarH)=(320,240)-
07-25 21:40:09.348   723  5055 D PostProcPipe:                     [crop_3](x,f_x,y,f_y)=(0,0,0,0),(w,f_w,h,f_h)=(0,0,0,0),(tarW,tarH)=(0,0),dupCqIdx(0),[vipi]ofst(0),rW/H(1920/1088)
07-25 21:40:09.348   723  5055 D PostProcPipe: ,                    isDipOnly(0), hwmodule(9/0), dipCQ/dup/burst(0/0/0), drvSc(0), isWtf(1),tdr_tpipe(0),en_yuv/yuv2/rgb/dma/fmt_sel/ctl_sel/misc (0x11e07df8/0xf0/0x1400f9/0x20e0f1/0x30480409/0x16040/0x10), tcm(0xa/0x9fd8e1e3/0xe807b3c), last(1), CRZ_EN(0), img3o ofset(0,0),userName(),PIX_ID(3),ImgBuf_PIX_ID(3),tv_sec(1784986809),tv_usec(380567)
07-25 21:40:09.348   723  5055 D iio/ifunc_dip: [ConfigDipPipe] moduleIdx(0), pDipWBuf(0xce8274a0), m_pIspDescript_phy(0x9148000), m_pIspDescript_vir(0x8a69d000), m_pIspVirRegAddr_pa(0x9149000), m_pIspVirRegAddr_va(0x8a69e000)
07-25 21:40:09.348   723  5056 D iio/ifunc_dip: [enable] thiscq(0), frameflag(0x1), ring_index(12), ref_ringbufidx(11)
07-25 21:40:09.348   723  5056 D MdpMgr  : [updateDpStreamMap] refObjectCqIdx:0, refObjectRingBufIdx:1,cqIdx:0,ringIdx:12,refringbufidx:11
07-25 21:40:09.348   723  5056 D MdpMgr  : [selectDpIspStream] [selectDpIspStream] cqIdx(0/0/0/12_0/1),sceID(0)
07-25 21:40:09.348   723  5056 D MdpMgr  : [_startMdp] dstFmt(657,4982892)
07-25 21:40:09.348   723  5056 D MdpMgr  : [_startMdp] +sceID(0),cqPa(0x9148000)-Va(0x7c8a69d000),tpipVa(0x7c8a164000)-Pa(0x9310000),isWaitB(1),cqIndx(0/0/0/12),venc(0),(va: 0x7c8a164000),        srcFt(0x2205),W(1920),H(1088),stride(3600,0),size(0x3bc400-0x0-0x0),VA(0x    ffff),PA(0x 5900000),plane(1),Stmtype(1)
07-25 21:40:09.348   723  5056 D MdpMgr  :         wdma_en(1),idx(0),cap(3),ft(17),rt(0),fp(0),(w,h,s)=(320,240,320),C(w,h,s)=(320,120,320),V(w,h,s)=(0,0,0),mdpidx(0),
07-25 21:40:09.348   723  5056 D MdpMgr  :         wrot_en(0),idx(1),cap(0),ft(0),rt(0),fp(0),(w,h,s)=(0,0,0),C(w,h,s)=(0,0,0),V(w,h,s)=(0,0,0),mdpidx(0),
07-25 21:40:09.348   723  5056 D MdpMgr  :         jpg_en(0),idx(2),cap(0),ft(0),rt(0),fp(0),(w,h,s)=(0,0,0),C(w,h,s)=(0,0,0),V(w,h,s)=(0,0,0),mdpidx(1),
07-25 21:40:09.348   723  5056 D MdpMgr  :         pipe_en(0),idx(3),cap(0),ft(0),rt(0),fp(0),(w,h,s)=(0,0,0),C(w,h,s)=(0,0,0),V(w,h,s)=(0,0,0),mdpidx(2),
07-25 21:40:09.348   723  5056 D MdpMgr  :         (va:0x7c8a164000,dstpa:0x9310000)
07-25 21:40:09.348   723  5056 D MdpMgr  : flag(0_0x1->0x1),startStm(350 us),WDPQ(0x       0),WRPQ(0x       0),tv_sec(1784986809),tv_usec(380567)
07-25 21:40:09.348   723  5056 D Iop/p2HPEQNode: [doMdpStart] frameUnit.idxofwaitDQFrmPackList (0x5e812e78_0_0_0, 0_0_1_0)
07-25 21:40:09.349   723  5057 D MdpMgr  : [selectDpIspStream] [selectDpIspStream] cqIdx(0/0/0/12_0/1),sceID(0)
07-25 21:40:09.351   531  2449 E [GrallocExtra-ERROR]: gralloc_extra_query:105 gralloc_extra_query with NULL handle: 0x0
07-25 21:40:09.351  2345  2403 D C2OMXNode: dhy...mOsdPos:,,mOsdText:
07-25 21:40:09.355   723  5057 D MdpMgr  : [_dequeueBuf] +,cqIndx(0/0/0/12),sceID(0),deqIndex(1),isWaitBuf(1),
07-25 21:40:09.355   723  5057 D MdpMgr  :         deqIndex(1), dequeTime(6551 us)
07-25 21:40:09.355   723  5057 D MdpMgr  : [selectDpIspStream] [selectDpIspStream] cqIdx(0/0/0/12_0/1),sceID(0)
07-25 21:40:09.355   723  5057 D MdpMgr  : [_dequeueBuf] +,cqIndx(0/0/0/12),sceID(0),deqIndex(0),isWaitBuf(1),
07-25 21:40:09.355   723  5057 D MdpMgr  :         deqIndex(0), dequeTime(20 us)
07-25 21:40:09.355   723  5057 D MdpMgr  : [selectDpIspStream] [selectDpIspStream] cqIdx(0/0/0/12_0/1),sceID(0)
07-25 21:40:09.355   723  5057 D MtkCam/StreamingPipe/P2ANode: [onDIPStreamBaseCB] P2S cam 0 MWFrame:#12 MWReq:#12, frame 13-13 :sensor(0) Frame 13 enque done in 8 ms, result = 1
07-25 21:40:09.356   723  5057 D Iop/p2HPDQNode: [doDeque] +,tag(2),idx(0),p2CQ(0/0/0/12),
07-25 21:40:09.356   723  5057 D Iop/p2HPDQNode:                          +,tag(1),idx(0),p2CQ(0/0),
07-25 21:40:09.356   723  5057 D Iop/p2HPDQNode:                          -,cb(169 us)
07-25 21:40:09.356   723  5061 D MtkCam/P2/MWFrame: [doRelease] P2S cam 0 MWFrame:#12 MWReq:#12, frame 13 : all streams(8), using(0), status: s0:d0:App:YCrCb_420_SP:0|HW_TEXTURE(1),Meta:App:Control(1),Hal:Image:P1:Resizeraw_main1(1),Hal:Image:STT_main1(1),Hal:Meta:P1:Dynamic_main1(1),Hal:Meta:P2:Dynamic(1),App:Meta:DynamicP1_main1(1),App:Meta:DynamicP2(1),
07-25 21:40:09.356   723  5025 D mtkcam-AppStreamMgr: [0-FrameHandler::updateResult] requestNo 12, real time:0, last partial:1
07-25 21:40:09.356   723  5061 D mtkcam-pipeline: [onLastStrongRef] [ requestNo:12 frameNo:12 ] frame end
07-25 21:40:09.356   723  5025 D ULog    : R AppRequest:12 M[CameraDevice:187001] -  :mtkcam-AppStreamMgr #38233
07-25 21:40:09.356   723  5061 D MtkCam/StreamingPipe/Timer: [print]Frame timer [#   13/   0][t  10][io   0][tof  0/  0][d  0/  0][mss  0/  0/  0/  0][a  8/  0/  8][tun  0/  0][msf  0/  0][vnr  0/  0/  0][am  0][b  0/  0][tpi(  0/  0)/(  0/  0)/(  0/  0)][vmdp_A  0/  0 vmdp_B  0/  0][h  0/  0/  0][e  0][r  0/  0][w_A  0/  0/  0/  0 w_B  0/  0/  0/  0][x  0][disp  0/  0][async  0/  0][p2sm  0/  0/  0][fps29.78/29.78/ 30/ 30]
07-25 21:40:09.368   723  5028 D HwIRQ3A : [wait] VSIrq
07-25 21:40:09.368   723  5052 D NormalPipe: [enqueRequest] +N:0 CurSof:17 enqCnt:15 cqCnt(p/v):15/15 FrameStatus(2)
07-25 21:40:09.368   723  5052 D NormalPipe: [configEnquePath] N:0 configFrame event:1 multiSenNum:2 occupy:0 status:1(2) fsm:0 depth:0
07-25 21:40:09.368   723  5052 D NormalPipe: [dmaCfg] N:0 dma:x8 cmd:0x101a, crop:(0,0,2016,1136), outsize:(1920,1088)
07-25 21:40:09.368   723  5028 I MtkCam/P1NodeImp: [setRequest] [Cam::0 R17 S17 E16 D14 O14 #0] [P1::SET][Num Q:17 M:17 F:15 R:15 @0][Type:1 Out:x85 Rec:x0 Raw:1 Cap:0 Exe:1 Flush:x0] Num[17] Ctrl[1]=[ 17 ]
07-25 21:40:09.369   723  5052 D NormalPipe: [dmaCfg] N:0 dma:x6 cmd:0x101c, crop:(0,0,2016,1), outsize:(2016,1)
07-25 21:40:09.369   723  5028 D aao_buf_mgr: [updateInfo] mMagicNumber(14), i4SubsampleCount(1)
07-25 21:40:09.369   723  1127 E camiopipe: [vendor/mediatek/proprietary/hardware/mtkcam/drv/src/isp/mt6768/imageio/pipe/CamIOPipe/CamIOPipe.cpp, sendCommand, line3805] ERROR: [0x0]:NOT support command! (sendCommand){#3805:vendor/mediatek/proprietary/hardware/mtkcam/drv/src/isp/mt6768/imageio/pipe/CamIOPipe/CamIOPipe.cpp}
07-25 21:40:09.369   723  1127 E camiopipe: [vendor/mediatek/proprietary/hardware/mtkcam/drv/src/isp/mt6768/imageio/pipe/CamIOPipe/CamIOPipe.cpp, sendCommand, line3812] ERROR: [0x0]:sendCommand(0x1500) error! (sendCommand){#3812:vendor/mediatek/proprietary/hardware/mtkcam/drv/src/isp/mt6768/imageio/pipe/CamIOPipe/CamIOPipe.cpp}
07-25 21:40:09.369   723  1127 E NormalPipe: [vendor/mediatek/proprietary/hardware/mtkcam/drv/src/isp/mt6768/iopipe/CamIO/NormalPipe.cpp, sendCommand, line3773] ERROR: error: sendCommand fail: (cmd,arg1,arg2,arg3)=(0x00001500,0x7C9723DF40,0x7C9723DF44,0xB400007ECE8158EC) (sendCommand){#3773:vendor/mediatek/proprietary/hardware/mtkcam/drv/src/isp/mt6768/iopipe/CamIO/NormalPipe.cpp}
07-25 21:40:09.369   723  1127 D Hal3Av3 : [parseMeta] Return to AP AE_REGIONS L(0) T(0) R(0) B(0) W(0)
07-25 21:40:09.369   723  1127 D Hal3Av3 : [parseMeta] Return to AP AF_REGIONS L(0) T(0) R(0) B(0) W(0)
07-25 21:40:09.369   723  1127 D Hal3Av3 : [parseMeta] Return to AP AWB_REGIONS L(0) T(0) R(0) B(0) W(0)
07-25 21:40:09.369   723  5052 D ifunc_cam_tuning: [update] [0x0]:CAM_TUNING_CTRL - EN:0x100e02e0 DMA:0x808001e8
07-25 21:40:09.369   723  1127 D Hal3Av3 : [parseMeta] MTK_SENSOR_TEST_PATTERN_DATA(0, 0, 0, 0)
07-25 21:40:09.369   723  5052 D LMVDrv  : [GetLMVStatusAndUpdate]Suspicous clear, driver may drop frame and now in new pipeline: magicNum(16)=bypass(0)
07-25 21:40:09.369   723  1127 I MtkCam/P1NodeImp: [runQueue] [Cam::0 R17 S17 E16 D14 O14 #1] [P1::REQ][Num Q:18 M:0 F:16 R:16 @0][Type:1 Out:x85 Rec:x0 Raw:1 Cap:0 Exe:1 Flush:x0] [META ze:0 ci:3 rt:-1 tn:-1 qc:-1 fi:-1 fr:-1] [New-Request][0] [0] [IMGO:1 (-1,-1)] [Gp:255/0] IOmap-Img[1]=<0_I[0]{}_O[2]{0x100000003,0x100000004}>-Meta[1]=<0_I[2]{0x80000000,0x100000018}_O[2]{0x10000001b,0x100000024}> CfgStream-Img[OutIMG:0x100000001(0),OutRRZ:0x100000003(1),OutLCS:0x100000004(1)]-Meta[InAPP:0x80000000(1),InHAL:0x100000018(1),OutAPP:0x100000024(1),OutHAL:0x10000001b(1)]  | [PreSet][Key:18] Num(0) Dummy(0) MetaCnt[APP:66,HAL:17] | [Rev:0] depth(1) burst(1) Que[1]
07-25 21:40:09.369   723  5052 W LMVDrv  : [GetLMVStatusAndUpdate]Cannot find magicNum(0) in queue(0)
07-25 21:40:09.369   723  1127 D MtkCam/ppl_context: [sendFrameToRootNodes] r16 frameNo:16 (X) -> 0x1 success; erase record
07-25 21:40:09.369   723  5052 D camiopipe: [sendCommand] [0x0]:[2]P1_UPDATE_CHECK CTL_EN(0x11bebee3) +[0_0]:0x11bebee3 [1_0]:0x11bebee3 [2_0]:0x11bebee3 -[0_0]:0x11bebee3 [1_0]:0x11bebee3 [2_0]:0x11bebee3 
07-25 21:40:09.369   723  5052 D NormalPipe: [frameToEnque] - sof(17)
07-25 21:40:09.369   723  5028 D AeFlowDefault: [monitorAndReschedule:Perframe AE] Calc:1 Apply:1 Magic:14 AEMonitorStable:1 VdCnt:0 u4CwvYcur:0 u4CwvYpre:0 
07-25 21:40:09.369   723  5052 D NormalPipe: [enqueRequest] -
07-25 21:40:09.369   723  5028 D ae_mgr  : [updateAEInfo2ISP] State:0 VDNum:0 Shutter:30003 Gain:9040 1024 750 Flare offset:0 512 FrameDuration:33350000 DisableOBC:0 ExpRatio:100 eAEMode:1 eAEstate:2 CurrentidxF:113
07-25 21:40:09.369   723  5081 D MtkCam/HalSensorList: [querySecureState] Secure State is 0
07-25 21:40:09.370   723  5028 D awb_mgr : [setIspAwbInfo()] m_eSensorDev: 1, awb_gain: 988/512/819, PreGain1: 512/512/512, RPG: 988/512/819, PGN: 988/512/819, bAWBLock: 0 (m_bAWBLock:0, m_u4AWBMode:1)
07-25 21:40:09.370   723  5028 D Task3APv: [run] getSensorParams: m_u4PreRealISO(750), u4RealISO(750), m_preAwbGain(988, 512, 819), rAwbInfo.gain(988, 512, 819)
07-25 21:40:09.370   723  5028 D isp_tuning_custom: [evaluate_Shading_Ratio] sensorid(1379), preSensorId(1379), eSensorMode(2), preSensorMode(2), isSensorOrModeSwitch(0), isInit(0)
07-25 21:40:09.370   723  5028 D isp_tuning_custom: [iso_smooth][ISO smooth enabled][ISO idx(3322)]avgISO = 750.
07-25 21:40:09.370   723  5028 D isp_tuning_custom: [RA_smooth][RA smooth][frm idx(3322)] rto for iso(21), prev_rto(21),RA_incremental_step(2), smoothed ratio(21)
07-25 21:40:09.370   723  5028 D paramctrl_per_frame: put ratio with m_eSensorDev(1), i4Rto(21)
07-25 21:40:09.370   723  5028 D paramctrl_per_frame: [updateLscInfo] (flash, iso, rto)=(0, 750, 21), auto(1), lock(0,0,0), dyn(1), op(0), PreCapFlashIsLockRto(0), fgForceUnlock(0)
07-25 21:40:09.370   723  5028 D Task3APv: [run] Cam 1 : Req(#17)/Stt(#14)/i4Opt(0)/FlashOnOff(0) Lv(8)/ISO(750)/RGB(988,512,819) AFisLockAE(1) isLVChangeTooMuch(0) m_i4FrameCount(15) m_i4TsfFrameCount(16)
07-25 21:40:09.370   723  5028 W TuningMgr: TuningMgr[updateEngine] WARNING: [temp log] AF enable(1_0x100e02e0_0x808001e8)
07-25 21:40:09.370   723  1127 D ULog    : R AppRequest:17 M[CameraDevice:187001] +  :mtkcam-dev3 #38234
07-25 21:40:09.370   723  5028 D TuningMgr: TuningMgr[enqueBuffer] magicNum(0x11)
07-25 21:40:09.371   723  1127 D mtkcam-dev3-utils: [0-AppRequestUtil::createOneRequest] requestNumber[17]:StreamBuffer:0xb400007dbe8190e0 streamId:0 bufferId:4 buffer:0xb400007e2e823dd0 status:OK acquireFenceOp.hdl:0x7cde6082f0 releaseFenceOp.hdl:0x0 acquireFenceOp.fd:-1 releaseFenceOp.fd:-1 appBufferHandleHolder:0xb400007d8e852a28 freeByOthers:0 / 
07-25 21:40:09.371   723  5081 D MtkCam/HalSensorList: [querySecureState] Secure State is 0
07-25 21:40:09.371   723  1127 D mtkcam-HDRPolicyHelper: [getSeamlessSmoothResult][Cam::0]frameType[3] requestAETargetMode=0 requestExpNum=0
07-25 21:40:09.371   723  5028 I MtkCam/P1NodeImp: [setupAction] [Cam::0 R17 S17 E17 D14 O14 #1] [P1::ENQ][Num Q:17 M:17 F:15 R:15 @17][Type:1 Out:x85 Rec:x0 Raw:1 Cap:0 Exe:1 Flush:x0] [Exp:30003000ns] [MetaCtrl][SCALER_CROP(1) (0,0_2016x1512) ][SENSOR_CROP(0)][RESIZER_SET(0)]
07-25 21:40:09.371   723  5028 D NormalPipe: [acceptEnqRequest] MyEnq:0: dma:0x8 pa(0x6900000)io(0_0_2016_1136_1920_1088) mag(0x11)|dma:0x6 pa(0x4F009E0)io(0_0_2016_1_2016_1) mag(0x11)|dma:0xf pa(0x9001100)io(0_0_256_1_256_1) mag(0x11)|dma:0xb pa(0xDF00000)io(0_0_384_384_384_384) mag(0x11)|
07-25 21:40:09.372   723  1127 D MtkCam/ppl_context: [sendFrameToRootNodes] r17 frameNo:17 (X) -> 0x1 BUSY
07-25 21:40:09.373   723  5080 D af_mgr_v3: cmd-getFocusDistance Pos 250->275, Dis 1.016666->1.425000; fDist_Macro_rev 10.000000, fDist_Inf_rev 0.200000, fDAC_Macro 800.000000, fDAC_Inf 200.000000
07-25 21:40:09.374   723  5080 D AfAlgo  : down maxOffset=46 maxCompLevel=46, cutOffset=7, maxOffset=46 offset 0, level 4, cut offset 7, x/y/z/g=72/1041/-83/1046
07-25 21:40:09.374   723  5080 D AfAlgoC : [HB] DafIO in: mode 0(in:0), (PD,LD,SD) cus(1,0,0) input(0,0,0) Que -1
07-25 21:40:09.374   723  5080 E AfAlgo  : Err:  6195: [AdpComp]Adaptive input error!! 
07-25 21:40:09.374   723  5080 E AfAlgo  : Err:  6279: [AdpComp]Adaptive input error
07-25 21:40:09.374   723  5080 E AfAlgo  : Err:  6279: [AdpComp]Adaptive input error
07-25 21:40:09.374   723  5080 D af_mgr_v3: #(   17,   15) MoveLensTo Dev(1) DAC(300)
07-25 21:40:09.374   723  5080 D LensDrv : [moveMCU] Dev(1) , ioctl - mcuIOC_T_MOVETO, error Operation not permitted
07-25 21:40:09.375   723  5080 D TaskAFNormal: [run] Cam 1 : Req(#17)/Stt(#15)/i4Opt(0)/FlashOnOff(0)
07-25 21:40:09.376   723  5053 D SecMgr  : [SecMgr_GetSecurePortStatus] + (0x0x0)module:0x0 dma port:rrzo
07-25 21:40:09.376   723  5053 D SecMgr  : [SecMgr_GetSecurePortStatus] (0x0)DMA port (0x1) is not supported
07-25 21:40:09.376   723  5053 D ifunc_cam_buf: [waitBufReady] [0x0]:, [0x6100000] waitbufready pass
07-25 21:40:09.376   723  5053 D ifunc_cam_buf: [dequeueHwBuf] [0x0]:BUF_CTRL_RRZO:(0xd_0x0),PA(0x6100000_0xBC00F00),FH_VA(0x7F775C3F00),size(0x3bc400),cur sof(0),
07-25 21:40:09.376   723  5053 D SecMgr  : [SecMgr_GetSecurePortStatus] + (0x0x0)module:0x0 dma port:imgo
07-25 21:40:09.376   723  5053 D SecMgr  : [SecMgr_GetSecurePortStatus] (0x0)DMA port (0x0) is not supported
07-25 21:40:09.377   723  5053 D SecMgr  : [SecMgr_GetSecurePortStatus] + (0x0x0)module:0x0 dma port:
07-25 21:40:09.377   723  5053 D SecMgr  : [SecMgr_GetSecurePortStatus] + (0x0x0)module:0x0 dma port:lcso
07-25 21:40:09.377   723  5053 D NormalPipe: [ispDequeThread] N:0_deq@SOF_17
07-25 21:40:09.377   723  5044 D NormalPipe: [deque] MyDeq:0: dma:0x6 pa(0x4F00000) io(0_0_1_0_0_0_2016_1_2016_1) mag(0xf)|dma:0x8 pa(0x6100000) io(0_0_2016_1136_0_0_1920_1088_1920_1088) mag(0xf)|dma:0xb pa(0xD900000) io(0_0_0_0_0_0_0_0_0_0) mag(0xf)|dma:0xf pa(0x9000F00) io(0_0_0_0_0_0_0_0_0_0) mag(0xf)|
07-25 21:40:09.377   723  5053 D SecMgr  : [SecMgr_GetSecurePortStatus] + (0x0x0)module:0x0 dma port:rrzo
07-25 21:40:09.377   723  5053 D SecMgr  : [SecMgr_GetSecurePortStatus] (0x0)DMA port (0x1) is not supported
07-25 21:40:09.377   723  5044 W fsc_hal : [processResult]image_scale_output.image_scale == 0
07-25 21:40:09.377   723  5044 D fsc_hal : [processResult]P magic(15) dac(300) ET(30003) EIS(0), CB magic(15), factor(1.000000), sensor(2016,1136), RRZO: c(0,0,2016,1136) s(1920,1088) f(0.000000,0.000000,1920.000000,1088.000000),RSSO: s(0,0), f(0.000000,0.000000,0.000000,0.000000)
07-25 21:40:09.377   723  5044 D MtkCam/HalSensorList: [querySecureState] Secure State is 0
07-25 21:40:09.377   723  5044 D MtkCam/HalSensor: [destroyInstance] HalSensor destroyInstance count = 6, caller =MtkCam/P1NodeUtility
07-25 21:40:09.377   723  5044 D MtkCam/BaseHeap: [IonHeap::unlockBufLocked] Hal:Image:P1:Fullraw_main1:Size2016x1:Stride2520.0.0:Sn1@ still locked (2)
07-25 21:40:09.377   723  5044 I MtkCam/P1NodeImp: [releaseAction] [Cam::0 R17 S17 E17 D15 O14 #1] [P1::DEQ][Num Q:15 M:15 F:13 R:13 @15][Type:1 Out:x85 Rec:x0 Raw:1 Cap:0 Exe:3 Flush:x0] job(0/1) IMG(pure) RRZ0(0-0-2016x1136)(0-0-1920x1088)(1920x1088) T-ns(EXP: 30003000)(Src:0)(SOF: m_948046646000 b_948046640000)(SS: 948016643000) ExpExtend(0, 0)Q(Sen
07-25 21:40:09.378   723  5047 I MtkCam/P1NodeImp: [releaseFrame] [Cam::0 R17 S17 E17 D15 O15 #1] [P1::OUT][Num Q:15 M:15 F:13 R:13 @15][Type:1 Out:x85 Rec:x0 Raw:1 Cap:0 Exe:3 Flush:x0] [Release-0] [DispatchFrame]
07-25 21:40:09.378   723  5047 D MtkCam/ppl_context: [onDispatchFrame] r13 frameNo:13 0x1 -> 0x15 READY(1/1)
07-25 21:40:09.378   723  5047 D MtkCam/P2/MWFrameRequest: [printIOMap] P2S cam 0 MWFrame:#13 MWReq:#13, frame 14 : iomap: [0]=>img[2/1], meta[3/2], fps[29.68]
07-25 21:40:09.379   723  5062 D MtkCam/P2/StreamingProcessor: [makePayLoad] P2S cam 0 MWFrame:#13 MWReq:#13, frame 14-0 : masterID(0) #Requests(1) merged into #RequestsPacks(1), PendingPayload(1), p1Ts=0000948019143000
07-25 21:40:09.379   723  5062 D MtkCam/StreamingPipe/Data: [calNonLargeSrcCrop]sID(0), imgoIn(0), srcCrop(0,0,1920x1088), isSrcCrop(0), mP2Pack Valid(1), imgo(0x0),rrz(1920x1088)
07-25 21:40:09.379   723  5062 D MtkCam/StreamingPipe/Pipe: [prepareIORequest]P2S cam 0 MWFrame:#13 MWReq:#13, frame 14-14  master/slave/fd(0/-1/0) ReqNo(14), feature=0x8008(3DNR+FSC), cycle(33), fps(n/a)=(30/30), ZoomROI((1442.539673x1088.000000)@(238.730179,0.000000)) SFPIOMgr:[sID(0)--IMG(0x0/0),RRZ(0xb400007e0e833f10/1),LCS(0xb400007e0e81f0f0/1),LCSH(0x0/0),pRSS(0x0/0),cRSS(0x0/0),RSSR2(0x0/0),FYuv(0x0/0),RYuv1(0x0/0),RYuv2(0x0/0),mAIYuv(0x0/0),HalI(0xb400007dbe81ce90),AppI(0xb400007e2e8186f8),AppDI(0xb400007dbe821340),AppOver(0x0)]{path(GEN),halO(0xb400007e2e81a6b0),appO(0xb400007e2e82dab0),Outs--[buf(0xb400007e0e82fef0/1)(320x240),tran(0),type(1), tar(disp), prof(0), crop(238.730179,0.000000,1442.539673x1088.000000), flag(0x0)]Tuning--id(0)--[flag(5)]}
07-25 21:40:09.380   723  5060 D isp_mgr_sl2: DIP_X_SL2H_RZ is (SL2_VRZ_COM, SL2_HRZ_COM) = (2138, 2150), (i4RzWidth, i4Width) = (1920, 2016), (i4RzHeight, i4Height) = (1088, 1136)
07-25 21:40:09.380   723  5060 D isp_mgr_sl2: profile is 1, DIP_X_SL2H_RZ is (0x085a0866)
07-25 21:40:09.380   723  5060 D isp_mgr_nr3d: NR3D_EN(1), SL2E_EN(1), x,y,w,h(0,0,1920,1088), full x,y,w,h(0,0,1920,1088),vipi offst(0) w,h(1920,1088), R2C en(1) cnt(3,7,3,1)
07-25 21:40:09.381   723  5060 D MtkCam/StreamingPipe/P2ANode: [enqueFeatureStream] P2S cam 0 MWFrame:#13 MWReq:#13, frame 14-14 :sensor(0) Frame 14 enque start
07-25 21:40:09.381   723  5055 D Iop/p2HPEQNode: [doEnque] sDrvScen:0, CQIdx:0, dupCQIdx:1, burstQIdx:0, RingBufIndex:13,  mTuningData ptr:780771492
07-25 21:40:09.381   723  5055 D PostProcPipe: [PrintPipePortInfo] vInPorts:FN(13),RN(13),TS(0xba582158),UK(0xcc183a0),Sec(0),[0]:(0x2205),w(1920),h(1088),stride(3600,0,0),type(0),idx(19),dir(0),Size(0x003bc400,0x00000000,0x00000000),VA(0x7c8f4df000,0x0,0x0),PA(0x6100000,0x0,0x0),secPort(0),
07-25 21:40:09.381   723  5055 D PostProcPipe:                       vInPorts:FN(13),RN(13),TS(0xba582158),UK(0xcc183a0),Sec(0),[1]:(0x32315659),w(1920),h(1088),stride(1920,960,960),type(0),idx(22),dir(0),Size(0x001fe000,0x0007f800,0x0007f800),VA(0x7c864cb000,0x7c866c9000,0x7c86748800),PA(0x9e00000,0x9ffe000,0xa07d800),secPort(0),
07-25 21:40:09.381   723  5055 D PostProcPipe:                       vInPorts:FN(13),RN(13),TS(0xba582158),UK(0xcc183a0),Sec(0),[2]:(0x2401),w(200),h(112),stride(768,0,0),type(0),idx(26),dir(0),Size(0x00048000,0x00000000,0x00000000),VA(0x7cd76a5000,0x0,0x0),PA(0xd900000,0x0,0x0),secPort(0)
07-25 21:40:09.381   723  5055 D PostProcPipe: [PrintPipePortInfo] vOutPorts:FN(13),RN(13),TS(0xba582158),UK(0xcc183a0),Sec(0),[0]:(0x32315659),w(1920),h(1088),stride(1920,960,960),type(0),idx(32),dir(1),Size(0x001fe000,0x0007f800,0x0007f800),VA(0x7c861cd000,0x7c863cb000,0x7c8644a800),PA(0xa100000,0xa2fe000,0xa37d800),secPort(0),
07-25 21:40:09.381   723  5055 D PostProcPipe:                       vOutPorts:FN(13),RN(13),TS(0xba582158),UK(0xcc183a0),Sec(0),[1]:(0x11),w(320),h(240),stride(320,320,0),type(0),idx(38),dir(1),Size(0x00012c00,0x00009600,0x00000000),VA(0x7f72fd1000,0x7f72fe3c00,0x0),PA(0xe300000,0xe312c00,0x0),secPort(0)
07-25 21:40:09.381   723  5055 D PostProcPipe: [configPipe] [Imgi][crop_1](x,f_x,y,f_y)=(0,0,0,0),(w,f_w,h,f_h)=(0,0,0,0),(tarW,tarH)=(0,0)-
07-25 21:40:09.381   723  5055 D PostProcPipe:                     [crop_2](x,f_x,y,f_y)=(238,765648,0,0),(w,f_w,h,f_h)=(1442,565888,1088,0),(tarW,tarH)=(320,240)-
07-25 21:40:09.381   723  5055 D PostProcPipe:                     [crop_3](x,f_x,y,f_y)=(0,0,0,0),(w,f_w,h,f_h)=(0,0,0,0),(tarW,tarH)=(0,0),dupCqIdx(1),[vipi]ofst(0),rW/H(1920/1088)
07-25 21:40:09.381   723  5055 D PostProcPipe: ,                    isDipOnly(0), hwmodule(9/0), dipCQ/dup/burst(0/1/0), drvSc(0), isWtf(1),tdr_tpipe(0),en_yuv/yuv2/rgb/dma/fmt_sel/ctl_sel/misc (0x11e07df8/0xf0/0x1400f9/0x20e0f1/0x30480409/0x16040/0x10), tcm(0xa/0x9fd8e1e3/0xe807b3c), last(1), CRZ_EN(0), img3o ofset(0,0),userName(),PIX_ID(3),ImgBuf_PIX_ID(3),tv_sec(1784986809),tv_usec(414023)
07-25 21:40:09.381   723  5055 D iio/ifunc_dip: [ConfigDipPipe] moduleIdx(0), pDipWBuf(0xce8274f8), m_pIspDescript_phy(0x914e000), m_pIspDescript_vir(0x8a6a3000), m_pIspVirRegAddr_pa(0x914f000), m_pIspVirRegAddr_va(0x8a6a4000)
07-25 21:40:09.381   723  5056 D iio/ifunc_dip: [enable] thiscq(0), frameflag(0x1), ring_index(13), ref_ringbufidx(12)
07-25 21:40:09.381   723  5056 D MdpMgr  : [updateDpStreamMap] refObjectCqIdx:0, refObjectRingBufIdx:1,cqIdx:0,ringIdx:13,refringbufidx:12
07-25 21:40:09.381   723  5056 D MdpMgr  : [selectDpIspStream] [selectDpIspStream] cqIdx(0/1/0/13_0/1),sceID(0)
07-25 21:40:09.381   723  5056 D MdpMgr  : [_startMdp] dstFmt(657,4982892)
07-25 21:40:09.382   723  5056 D MdpMgr  : [_startMdp] +sceID(0),cqPa(0x914e000)-Va(0x7c8a6a3000),tpipVa(0x7c8a164000)-Pa(0x9310000),isWaitB(1),cqIndx(0/1/0/13),venc(0),(va: 0x7c8a164000),        srcFt(0x2205),W(1920),H(1088),stride(3600,0),size(0x3bc400-0x0-0x0),VA(0x    ffff),PA(0x 6100000),plane(1),Stmtype(1)
07-25 21:40:09.382   723  5056 D MdpMgr  :         wdma_en(1),idx(0),cap(3),ft(17),rt(0),fp(0),(w,h,s)=(320,240,320),C(w,h,s)=(320,120,320),V(w,h,s)=(0,0,0),mdpidx(0),
07-25 21:40:09.382   723  5056 D MdpMgr  :         wrot_en(0),idx(1),cap(0),ft(0),rt(0),fp(0),(w,h,s)=(0,0,0),C(w,h,s)=(0,0,0),V(w,h,s)=(0,0,0),mdpidx(0),
07-25 21:40:09.382   723  5056 D MdpMgr  :         jpg_en(0),idx(2),cap(0),ft(0),rt(0),fp(0),(w,h,s)=(0,0,0),C(w,h,s)=(0,0,0),V(w,h,s)=(0,0,0),mdpidx(1),
07-25 21:40:09.382   723  5056 D MdpMgr  :         pipe_en(0),idx(3),cap(0),ft(0),rt(0),fp(0),(w,h,s)=(0,0,0),C(w,h,s)=(0,0,0),V(w,h,s)=(0,0,0),mdpidx(2),
07-25 21:40:09.382   723  5056 D MdpMgr  :         (va:0x7c8a164000,dstpa:0x9310000)
07-25 21:40:09.382   723  5056 D MdpMgr  : flag(0_0x1->0x1),startStm(899 us),WDPQ(0x       0),WRPQ(0x       0),tv_sec(1784986809),tv_usec(414023)
07-25 21:40:09.382   723  5056 D Iop/p2HPEQNode: [doMdpStart] frameUnit.idxofwaitDQFrmPackList (0x5e812e78_0_0_1, 0_0_1_0)
07-25 21:40:09.382   723  5057 D MdpMgr  : [selectDpIspStream] [selectDpIspStream] cqIdx(0/1/0/13_0/1),sceID(0)
07-25 21:40:09.385   531  2449 E [GrallocExtra-ERROR]: gralloc_extra_query:105 gralloc_extra_query with NULL handle: 0x0
07-25 21:40:09.385  2345  2403 D C2OMXNode: dhy...mOsdPos:,,mOsdText:
07-25 21:40:09.389   723  5057 D MdpMgr  : [_dequeueBuf] +,cqIndx(0/1/0/13),sceID(0),deqIndex(1),isWaitBuf(1),
07-25 21:40:09.389   723  5057 D MdpMgr  :         deqIndex(1), dequeTime(6585 us)
07-25 21:40:09.389   723  5057 D MdpMgr  : [selectDpIspStream] [selectDpIspStream] cqIdx(0/1/0/13_0/1),sceID(0)
07-25 21:40:09.389   723  5057 D MdpMgr  : [_dequeueBuf] +,cqIndx(0/1/0/13),sceID(0),deqIndex(0),isWaitBuf(1),
07-25 21:40:09.389   723  5057 D MdpMgr  :         deqIndex(0), dequeTime(20 us)
07-25 21:40:09.389   723  5057 D MdpMgr  : [selectDpIspStream] [selectDpIspStream] cqIdx(0/1/0/13_0/1),sceID(0)
07-25 21:40:09.389   723  5057 D MtkCam/StreamingPipe/P2ANode: [onDIPStreamBaseCB] P2S cam 0 MWFrame:#13 MWReq:#13, frame 14-14 :sensor(0) Frame 14 enque done in 8 ms, result = 1
07-25 21:40:09.389   723  5057 D Iop/p2HPDQNode: [doDeque] +,tag(2),idx(0),p2CQ(0/1/0/13),
07-25 21:40:09.389   723  5057 D Iop/p2HPDQNode:                          +,tag(1),idx(0),p2CQ(0/1),
07-25 21:40:09.389   723  5057 D Iop/p2HPDQNode:                          -,cb(187 us)
07-25 21:40:09.390   723  5061 D MtkCam/P2/MWFrame: [doRelease] P2S cam 0 MWFrame:#13 MWReq:#13, frame 14 : all streams(8), using(0), status: s0:d0:App:YCrCb_420_SP:0|HW_TEXTURE(1),Meta:App:Control(1),Hal:Image:P1:Resizeraw_main1(1),Hal:Image:STT_main1(1),Hal:Meta:P1:Dynamic_main1(1),Hal:Meta:P2:Dynamic(1),App:Meta:DynamicP1_main1(1),App:Meta:DynamicP2(1),
07-25 21:40:09.390   723  5025 D mtkcam-AppStreamMgr: [0-FrameHandler::updateResult] requestNo 13, real time:0, last partial:1
07-25 21:40:09.390   723  5025 D ULog    : R AppRequest:13 M[CameraDevice:187001] -  :mtkcam-AppStreamMgr #38235
07-25 21:40:09.391   723  5061 D mtkcam-pipeline: [onLastStrongRef] [ requestNo:13 frameNo:13 ] frame end
07-25 21:40:09.391   723  5061 D MtkCam/StreamingPipe/Timer: [print]Frame timer [#   14/   0][t  10][io   0][tof  0/  0][d  0/  0][mss  0/  0/  0/  0][a 10/  1/  8][tun  0/  0][msf  0/  0][vnr  0/  0/  0][am  0][b  0/  0][tpi(  0/  0)/(  0/  0)/(  0/  0)][vmdp_A  0/  0 vmdp_B  0/  0][h  1/  0/  0][e  0][r  0/  0][w_A  0/  0/  0/  0 w_B  0/  0/  0/  0][x  0][disp  0/  0][async  0/  0][p2sm  0/  0/  0][fps29.82/29.82/ 30/ 30]
07-25 21:40:09.402   723  5052 D NormalPipe: [enqueRequest] +N:0 CurSof:18 enqCnt:16 cqCnt(p/v):16/16 FrameStatus(2)
07-25 21:40:09.402   723  5028 D HwIRQ3A : [wait] VSIrq
07-25 21:40:09.402   723  5052 D NormalPipe: [configEnquePath] N:0 configFrame event:1 multiSenNum:2 occupy:0 status:1(2) fsm:0 depth:0
07-25 21:40:09.402   723  5052 D NormalPipe: [dmaCfg] N:0 dma:x8 cmd:0x101a, crop:(0,0,2016,1136), outsize:(1920,1088)
07-25 21:40:09.402   723  5028 I MtkCam/P1NodeImp: [setRequest] [Cam::0 R18 S18 E17 D15 O15 #0] [P1::SET][Num Q:18 M:18 F:16 R:16 @0][Type:1 Out:x85 Rec:x0 Raw:1 Cap:0 Exe:1 Flush:x0] Num[18] Ctrl[1]=[ 18 ]
07-25 21:40:09.402   723  5052 D NormalPipe: [dmaCfg] N:0 dma:x6 cmd:0x101c, crop:(0,0,2016,1), outsize:(2016,1)
07-25 21:40:09.402   723  1127 E camiopipe: [vendor/mediatek/proprietary/hardware/mtkcam/drv/src/isp/mt6768/imageio/pipe/CamIOPipe/CamIOPipe.cpp, sendCommand, line3805] ERROR: [0x0]:NOT support command! (sendCommand){#3805:vendor/mediatek/proprietary/hardware/mtkcam/drv/src/isp/mt6768/imageio/pipe/CamIOPipe/CamIOPipe.cpp}
07-25 21:40:09.402   723  1127 E camiopipe: [vendor/mediatek/proprietary/hardware/mtkcam/drv/src/isp/mt6768/imageio/pipe/CamIOPipe/CamIOPipe.cpp, sendCommand, line3812] ERROR: [0x0]:sendCommand(0x1500) error! (sendCommand){#3812:vendor/mediatek/proprietary/hardware/mtkcam/drv/src/isp/mt6768/imageio/pipe/CamIOPipe/CamIOPipe.cpp}
07-25 21:40:09.402   723  1127 E NormalPipe: [vendor/mediatek/proprietary/hardware/mtkcam/drv/src/isp/mt6768/iopipe/CamIO/NormalPipe.cpp, sendCommand, line3773] ERROR: error: sendCommand fail: (cmd,arg1,arg2,arg3)=(0x00001500,0x7C9723DF40,0x7C9723DF44,0xB400007ECE81E3FC) (sendCommand){#3773:vendor/mediatek/proprietary/hardware/mtkcam/drv/src/isp/mt6768/iopipe/CamIO/NormalPipe.cpp}
07-25 21:40:09.402   723  5028 D aao_buf_mgr: [updateInfo] mMagicNumber(15), i4SubsampleCount(1)
07-25 21:40:09.402   723  1127 D Hal3Av3 : [parseMeta] Return to AP AE_REGIONS L(0) T(0) R(0) B(0) W(0)
07-25 21:40:09.403   723  5052 D ifunc_cam_tuning: [update] [0x0]:CAM_TUNING_CTRL - EN:0x100e02e0 DMA:0x808001e8
07-25 21:40:09.403   723  1127 D Hal3Av3 : [parseMeta] Return to AP AF_REGIONS L(0) T(0) R(0) B(0) W(0)
07-25 21:40:09.403   723  5052 D LMVDrv  : [GetLMVStatusAndUpdate]Suspicous clear, driver may drop frame and now in new pipeline: magicNum(17)=bypass(0)
07-25 21:40:09.403   723  5052 W LMVDrv  : [GetLMVStatusAndUpdate]Cannot find magicNum(0) in queue(0)
07-25 21:40:09.403   723  1127 D Hal3Av3 : [parseMeta] Return to AP AWB_REGIONS L(0) T(0) R(0) B(0) W(0)
07-25 21:40:09.403   723  1127 D Hal3Av3 : [parseMeta] MTK_SENSOR_TEST_PATTERN_DATA(0, 0, 0, 0)
07-25 21:40:09.403   723  5052 D camiopipe: [sendCommand] [0x0]:[0]P1_UPDATE_CHECK CTL_EN(0x11bebee3) +[0_0]:0x11bebee3 [1_0]:0x11bebee3 [2_0]:0x11bebee3 -[0_0]:0x11bebee3 [1_0]:0x11bebee3 [2_0]:0x11bebee3 
07-25 21:40:09.403   723  1127 I MtkCam/P1NodeImp: [runQueue] [Cam::0 R18 S18 E17 D15 O15 #1] [P1::REQ][Num Q:19 M:0 F:17 R:17 @0][Type:1 Out:x85 Rec:x0 Raw:1 Cap:0 Exe:1 Flush:x0] [META ze:0 ci:3 rt:-1 tn:-1 qc:-1 fi:-1 fr:-1] [New-Request][0] [0] [IMGO:1 (-1,-1)] [Gp:255/0] IOmap-Img[1]=<0_I[0]{}_O[2]{0x100000003,0x100000004}>-Meta[1]=<0_I[2]{0x80000000,0x100000018}_O[2]{0x10000001b,0x100000024}> CfgStream-Img[OutIMG:0x100000001(0),OutRRZ:0x100000003(1),OutLCS:0x100000004(1)]-Meta[InAPP:0x80000000(1),InHAL:0x100000018(1),OutAPP:0x100000024(1),OutHAL:0x10000001b(1)]  | [PreSet][Key:19] Num(0) Dummy(0) MetaCnt[APP:66,HAL:17] | [Rev:0] depth(1) burst(1) Que[1]
07-25 21:40:09.403   723  5052 D NormalPipe: [frameToEnque] - sof(18)
07-25 21:40:09.403   723  5052 D NormalPipe: [enqueRequest] -
07-25 21:40:09.403   723  1127 D MtkCam/ppl_context: [sendFrameToRootNodes] r17 frameNo:17 (X) -> 0x1 success; erase record
07-25 21:40:09.403   723  5028 D AeFlowDefault: [monitorAndReschedule:Perframe AE] Calc:1 Apply:1 Magic:15 AEMonitorStable:1 VdCnt:0 u4CwvYcur:0 u4CwvYpre:0 
07-25 21:40:09.403   723  5028 D ae_mgr  : [updateAEInfo2ISP] State:0 VDNum:0 Shutter:30003 Gain:9040 1024 750 Flare offset:0 512 FrameDuration:33350000 DisableOBC:0 ExpRatio:100 eAEMode:1 eAEstate:2 CurrentidxF:113
07-25 21:40:09.403   723  5081 D MtkCam/HalSensorList: [querySecureState] Secure State is 0
07-25 21:40:09.403   723  5028 D awb_mgr : [setIspAwbInfo()] m_eSensorDev: 1, awb_gain: 990/512/817, PreGain1: 512/512/512, RPG: 990/512/817, PGN: 990/512/817, bAWBLock: 0 (m_bAWBLock:0, m_u4AWBMode:1)
07-25 21:40:09.403   723  5028 D Task3APv: [run] getSensorParams: m_u4PreRealISO(750), u4RealISO(750), m_preAwbGain(988, 512, 819), rAwbInfo.gain(990, 512, 817)
07-25 21:40:09.403   723  5028 D isp_tuning_custom: [evaluate_Shading_Ratio] sensorid(1379), preSensorId(1379), eSensorMode(2), preSensorMode(2), isSensorOrModeSwitch(0), isInit(0)
07-25 21:40:09.403   723  5028 D isp_tuning_custom: [iso_smooth][ISO smooth enabled][ISO idx(3323)]avgISO = 750.
07-25 21:40:09.403   723  5028 D isp_tuning_custom: [RA_smooth][RA smooth][frm idx(3323)] rto for iso(21), prev_rto(21),RA_incremental_step(2), smoothed ratio(21)
07-25 21:40:09.403   723  5028 D paramctrl_per_frame: put ratio with m_eSensorDev(1), i4Rto(21)
07-25 21:40:09.404   723  5028 D paramctrl_per_frame: [updateLscInfo] (flash, iso, rto)=(0, 750, 21), auto(1), lock(0,0,0), dyn(1), op(0), PreCapFlashIsLockRto(0), fgForceUnlock(0)
07-25 21:40:09.404   723  5028 D Task3APv: [run] Cam 1 : Req(#18)/Stt(#15)/i4Opt(0)/FlashOnOff(0) Lv(8)/ISO(750)/RGB(990,512,817) AFisLockAE(1) isLVChangeTooMuch(0) m_i4FrameCount(16) m_i4TsfFrameCount(17)
07-25 21:40:09.404   723  5033 D MtkCam/BaseHeap: [IonHeap::helpFlushCacheIon] ctrl(0), num[0]: mID(0x2a),size(24576),VA(0x7f776b1000),PA(0x5600000)
07-25 21:40:09.404   723  5028 W TuningMgr: TuningMgr[updateEngine] WARNING: [temp log] AF enable(1_0x100e02e0_0x808001e8)
07-25 21:40:09.404   723  5028 D TuningMgr: TuningMgr[enqueBuffer] magicNum(0x12)
07-25 21:40:09.404   723  5081 D MtkCam/HalSensorList: [querySecureState] Secure State is 0
07-25 21:40:09.404   723  1127 D ULog    : R AppRequest:18 M[CameraDevice:187001] +  :mtkcam-dev3 #38236
07-25 21:40:09.405   723  5028 I MtkCam/P1NodeImp: [setupAction] [Cam::0 R18 S18 E18 D15 O15 #1] [P1::ENQ][Num Q:18 M:18 F:16 R:16 @18][Type:1 Out:x85 Rec:x0 Raw:1 Cap:0 Exe:1 Flush:x0] [Exp:30003000ns] [MetaCtrl][SCALER_CROP(1) (0,0_2016x1512) ][SENSOR_CROP(0)][RESIZER_SET(0)]
07-25 21:40:09.405   723  1127 D mtkcam-dev3-utils: [0-AppRequestUtil::createOneRequest] requestNumber[18]:StreamBuffer:0xb400007dbe8190e0 streamId:0 bufferId:5 buffer:0xb400007e2e817110 status:OK acquireFenceOp.hdl:0x7cde6082f0 releaseFenceOp.hdl:0x0 acquireFenceOp.fd:-1 releaseFenceOp.fd:-1 appBufferHandleHolder:0xb400007d8e8482a8 freeByOthers:0 / 
07-25 21:40:09.405   723  5028 D NormalPipe: [acceptEnqRequest] MyEnq:0: dma:0x8 pa(0x6D00000)io(0_0_2016_1136_1920_1088) mag(0x12)|dma:0x6 pa(0x4F00000)io(0_0_2016_1_2016_1) mag(0x12)|dma:0xf pa(0x9001200)io(0_0_256_1_256_1) mag(0x12)|dma:0xb pa(0x9D00000)io(0_0_384_384_384_384) mag(0x12)|
07-25 21:40:09.405   723  1127 D mtkcam-HDRPolicyHelper: [getSeamlessSmoothResult][Cam::0]frameType[3] requestAETargetMode=0 requestExpNum=0
07-25 21:40:09.406   723  1127 D MtkCam/ppl_context: [sendFrameToRootNodes] r18 frameNo:18 (X) -> 0x1 BUSY
07-25 21:40:09.407   723  5080 D af_mgr_v3: cmd-getFocusDistance Pos 275->300, Dis 1.425000->1.833333; fDist_Macro_rev 10.000000, fDist_Inf_rev 0.200000, fDAC_Macro 800.000000, fDAC_Inf 200.000000
07-25 21:40:09.407   723  5080 D AfAlgo  : down maxOffset=46 maxCompLevel=46, cutOffset=7, maxOffset=46 offset 0, level 4, cut offset 7, x/y/z/g=71/1041/-82/1046
07-25 21:40:09.408   723  5080 D AfAlgoC : [HB] DafIO in: mode 0(in:0), (PD,LD,SD) cus(1,0,0) input(0,0,0) Que -1
07-25 21:40:09.408   723  5080 E AfAlgo  : Err:  6195: [AdpComp]Adaptive input error!! 
07-25 21:40:09.408   723  5080 E AfAlgo  : Err:  6279: [AdpComp]Adaptive input error
07-25 21:40:09.408   723  5080 E AfAlgo  : Err:  6279: [AdpComp]Adaptive input error
07-25 21:40:09.408   723  5080 D af_mgr_v3: #(   18,   16) MoveLensTo Dev(1) DAC(330)
07-25 21:40:09.408   723  5080 D LensDrv : [moveMCU] Dev(1) , ioctl - mcuIOC_T_MOVETO, error Operation not permitted
07-25 21:40:09.408   723  5080 D TaskAFNormal: [run] Cam 1 : Req(#18)/Stt(#16)/i4Opt(0)/FlashOnOff(0)
07-25 21:40:09.410   723  5053 D SecMgr  : [SecMgr_GetSecurePortStatus] + (0x0x0)module:0x0 dma port:rrzo
07-25 21:40:09.410   723  5053 D SecMgr  : [SecMgr_GetSecurePortStatus] (0x0)DMA port (0x1) is not supported
07-25 21:40:09.410   723  5053 D ifunc_cam_buf: [waitBufReady] [0x0]:, [0x6500000] waitbufready pass
07-25 21:40:09.410   723  5053 D ifunc_cam_buf: [dequeueHwBuf] [0x0]:BUF_CTRL_RRZO:(0xd_0x0),PA(0x6500000_0xBC00F80),FH_VA(0x7F775C3F80),size(0x3bc400),cur sof(0),
07-25 21:40:09.410   723  5053 D SecMgr  : [SecMgr_GetSecurePortStatus] + (0x0x0)module:0x0 dma port:imgo
07-25 21:40:09.410   723  5053 D SecMgr  : [SecMgr_GetSecurePortStatus] (0x0)DMA port (0x0) is not supported
07-25 21:40:09.410   723  5053 D SecMgr  : [SecMgr_GetSecurePortStatus] + (0x0x0)module:0x0 dma port:
07-25 21:40:09.410   723  5053 D SecMgr  : [SecMgr_GetSecurePortStatus] + (0x0x0)module:0x0 dma port:lcso
07-25 21:40:09.410   723  5053 D NormalPipe: [ispDequeThread] N:0_deq@SOF_18
07-25 21:40:09.410   723  5044 D NormalPipe: [deque] MyDeq:0: dma:0x6 pa(0x4F013C0) io(0_0_1_0_0_0_2016_1_2016_1) mag(0x10)|dma:0x8 pa(0x6500000) io(0_0_2016_1136_0_0_1920_1088_1920_1088) mag(0x10)|dma:0xb pa(0xDD00000) io(0_0_0_0_0_0_0_0_0_0) mag(0x10)|dma:0xf pa(0x9001000) io(0_0_0_0_0_0_0_0_0_0) mag(0x10)|
07-25 21:40:09.410   723  5053 D SecMgr  : [SecMgr_GetSecurePortStatus] + (0x0x0)module:0x0 dma port:rrzo
07-25 21:40:09.410   723  5053 D SecMgr  : [SecMgr_GetSecurePortStatus] (0x0)DMA port (0x1) is not supported
07-25 21:40:09.411   723  5044 W fsc_hal : [processResult]image_scale_output.image_scale == 0
07-25 21:40:09.411   723  5044 D fsc_hal : [processResult]P magic(16) dac(330) ET(30003) EIS(0), CB magic(16), factor(1.000000), sensor(2016,1136), RRZO: c(0,0,2016,1136) s(1920,1088) f(0.000000,0.000000,1920.000000,1088.000000),RSSO: s(0,0), f(0.000000,0.000000,0.000000,0.000000)
07-25 21:40:09.411   723  5044 D MtkCam/HalSensorList: [querySecureState] Secure State is 0
07-25 21:40:09.411   723  5044 D MtkCam/HalSensor: [destroyInstance] HalSensor destroyInstance count = 6, caller =MtkCam/P1NodeUtility
07-25 21:40:09.411   723  5044 D MtkCam/BaseHeap: [IonHeap::unlockBufLocked] Hal:Image:P1:Fullraw_main1:Size2016x1:Stride2520.0.0:Sn3@ still locked (2)
07-25 21:40:09.411   723  5044 I MtkCam/P1NodeImp: [releaseAction] [Cam::0 R18 S18 E18 D16 O15 #1] [P1::DEQ][Num Q:16 M:16 F:14 R:14 @16][Type:1 Out:x85 Rec:x0 Raw:1 Cap:0 Exe:3 Flush:x0] job(0/1) IMG(pure) RRZ0(0-0-2016x1136)(0-0-1920x1088)(1920x1088) T-ns(EXP: 30003000)(Src:0)(SOF: m_948080424000 b_948080418000)(SS: 948050421000) ExpExtend(0, 0)Q(Sen
07-25 21:40:09.411   723  5047 I MtkCam/P1NodeImp: [releaseFrame] [Cam::0 R18 S18 E18 D16 O16 #1] [P1::OUT][Num Q:16 M:16 F:14 R:14 @16][Type:1 Out:x85 Rec:x0 Raw:1 Cap:0 Exe:3 Flush:x0] [Release-0] [DispatchFrame]
07-25 21:40:09.411   723  5047 D MtkCam/ppl_context: [onDispatchFrame] r14 frameNo:14 0x1 -> 0x15 READY(1/1)
07-25 21:40:09.411   723  5047 D MtkCam/P2/MWFrameRequest: [printIOMap] P2S cam 0 MWFrame:#14 MWReq:#14, frame 15 : iomap: [0]=>img[2/1], meta[3/2], fps[29.66]
07-25 21:40:09.412   723  5062 D MtkCam/P2/StreamingProcessor: [makePayLoad] P2S cam 0 MWFrame:#14 MWReq:#14, frame 15-0 : masterID(0) #Requests(1) merged into #RequestsPacks(1), PendingPayload(1), p1Ts=0000948052921000
07-25 21:40:09.413   723  5062 D MtkCam/StreamingPipe/Data: [calNonLargeSrcCrop]sID(0), imgoIn(0), srcCrop(0,0,1920x1088), isSrcCrop(0), mP2Pack Valid(1), imgo(0x0),rrz(1920x1088)
07-25 21:40:09.413   723  5062 D MtkCam/StreamingPipe/Pipe: [prepareIORequest]P2S cam 0 MWFrame:#14 MWReq:#14, frame 15-15  master/slave/fd(0/-1/0) ReqNo(15), feature=0x8008(3DNR+FSC), cycle(33), fps(n/a)=(30/30), ZoomROI((1442.539673x1088.000000)@(238.730179,0.000000)) SFPIOMgr:[sID(0)--IMG(0x0/0),RRZ(0xb400007e0e811c50/1),LCS(0xb400007e0e8196f0/1),LCSH(0x0/0),pRSS(0x0/0),cRSS(0x0/0),RSSR2(0x0/0),FYuv(0x0/0),RYuv1(0x0/0),RYuv2(0x0/0),mAIYuv(0x0/0),HalI(0xb400007dbe8186d0),AppI(0xb400007e2e830ef8),AppDI(0xb400007dbe811f90),AppOver(0x0)]{path(GEN),halO(0xb400007e2e815b70),appO(0xb400007e2e8245f0),Outs--[buf(0xb400007e0e821f10/1)(320x240),tran(0),type(1), tar(disp), prof(0), crop(238.730179,0.000000,1442.539673x1088.000000), flag(0x0)]Tuning--id(0)--[flag(5)]}
07-25 21:40:09.414   723  5060 D isp_mgr_sl2: DIP_X_SL2H_RZ is (SL2_VRZ_COM, SL2_HRZ_COM) = (2138, 2150), (i4RzWidth, i4Width) = (1920, 2016), (i4RzHeight, i4Height) = (1088, 1136)
07-25 21:40:09.414   723  5060 D isp_mgr_sl2: profile is 1, DIP_X_SL2H_RZ is (0x085a0866)
07-25 21:40:09.414   723  5060 D isp_mgr_nr3d: NR3D_EN(1), SL2E_EN(1), x,y,w,h(0,0,1920,1088), full x,y,w,h(0,0,1920,1088),vipi offst(0) w,h(1920,1088), R2C en(1) cnt(0,0,4,2)
07-25 21:40:09.414   723  5060 D MtkCam/StreamingPipe/P2ANode: [enqueFeatureStream] P2S cam 0 MWFrame:#14 MWReq:#14, frame 15-15 :sensor(0) Frame 15 enque start
07-25 21:40:09.415   723  5055 D Iop/p2HPEQNode: [doEnque] sDrvScen:0, CQIdx:0, dupCQIdx:0, burstQIdx:0, RingBufIndex:14,  mTuningData ptr:780587172
07-25 21:40:09.415   723  5055 D PostProcPipe: [PrintPipePortInfo] vInPorts:FN(14),RN(14),TS(0xbc5b8aa8),UK(0xcc183a0),Sec(0),[0]:(0x2205),w(1920),h(1088),stride(3600,0,0),type(0),idx(19),dir(0),Size(0x003bc400,0x00000000,0x00000000),VA(0x7c8f122000,0x0,0x0),PA(0x6500000,0x0,0x0),secPort(0),
07-25 21:40:09.415   723  5055 D PostProcPipe:                       vInPorts:FN(14),RN(14),TS(0xbc5b8aa8),UK(0xcc183a0),Sec(0),[1]:(0x32315659),w(1920),h(1088),stride(1920,960,960),type(0),idx(22),dir(0),Size(0x001fe000,0x0007f800,0x0007f800),VA(0x7c861cd000,0x7c863cb000,0x7c8644a800),PA(0xa100000,0xa2fe000,0xa37d800),secPort(0),
07-25 21:40:09.415   723  5055 D PostProcPipe:                       vInPorts:FN(14),RN(14),TS(0xbc5b8aa8),UK(0xcc183a0),Sec(0),[2]:(0x2401),w(200),h(112),stride(768,0,0),type(0),idx(26),dir(0),Size(0x00048000,0x00000000,0x00000000),VA(0x7cd7607000,0x0,0x0),PA(0xdd00000,0x0,0x0),secPort(0)
07-25 21:40:09.415   723  5055 D PostProcPipe: [PrintPipePortInfo] vOutPorts:FN(14),RN(14),TS(0xbc5b8aa8),UK(0xcc183a0),Sec(0),[0]:(0x32315659),w(1920),h(1088),stride(1920,960,960),type(0),idx(32),dir(1),Size(0x001fe000,0x0007f800,0x0007f800),VA(0x7c72b2d000,0x7c72d2b000,0x7c72daa800),PA(0xa400000,0xa5fe000,0xa67d800),secPort(0),
07-25 21:40:09.415   723  5055 D PostProcPipe:                       vOutPorts:FN(14),RN(14),TS(0xbc5b8aa8),UK(0xcc183a0),Sec(0),[1]:(0x11),w(320),h(240),stride(320,320,0),type(0),idx(38),dir(1),Size(0x00012c00,0x00009600,0x00000000),VA(0x7cdd46b000,0x7cdd47dc00,0x0),PA(0x9a00000,0x9a12c00,0x0),secPort(0)
07-25 21:40:09.415   723  5055 D PostProcPipe: [configPipe] [Imgi][crop_1](x,f_x,y,f_y)=(0,0,0,0),(w,f_w,h,f_h)=(0,0,0,0),(tarW,tarH)=(0,0)-
07-25 21:40:09.415   723  5055 D PostProcPipe:                     [crop_2](x,f_x,y,f_y)=(238,765648,0,0),(w,f_w,h,f_h)=(1442,565888,1088,0),(tarW,tarH)=(320,240)-
07-25 21:40:09.415   723  5055 D PostProcPipe:                     [crop_3](x,f_x,y,f_y)=(0,0,0,0),(w,f_w,h,f_h)=(0,0,0,0),(tarW,tarH)=(0,0),dupCqIdx(0),[vipi]ofst(0),rW/H(1920/1088)
07-25 21:40:09.415   723  5055 D PostProcPipe: ,                    isDipOnly(0), hwmodule(9/0), dipCQ/dup/burst(0/0/0), drvSc(0), isWtf(1),tdr_tpipe(0),en_yuv/yuv2/rgb/dma/fmt_sel/ctl_sel/misc (0x11e07df8/0xf0/0x1400f9/0x20e0f1/0x30480409/0x16040/0x10), tcm(0xa/0x9fd8e1e3/0xe807b3c), last(1), CRZ_EN(0), img3o ofset(0,0),userName(),PIX_ID(3),ImgBuf_PIX_ID(3),tv_sec(1784986809),tv_usec(447890)
07-25 21:40:09.415   723  5055 D iio/ifunc_dip: [ConfigDipPipe] moduleIdx(0), pDipWBuf(0xce827550), m_pIspDescript_phy(0x9154000), m_pIspDescript_vir(0x8a6a9000), m_pIspVirRegAddr_pa(0x9155000), m_pIspVirRegAddr_va(0x8a6aa000)
07-25 21:40:09.415   723  5056 D iio/ifunc_dip: [enable] thiscq(0), frameflag(0x1), ring_index(14), ref_ringbufidx(13)
07-25 21:40:09.415   723  5056 D MdpMgr  : [updateDpStreamMap] refObjectCqIdx:0, refObjectRingBufIdx:1,cqIdx:0,ringIdx:14,refringbufidx:13
07-25 21:40:09.415   723  5056 D MdpMgr  : [selectDpIspStream] [selectDpIspStream] cqIdx(0/0/0/14_0/1),sceID(0)
07-25 21:40:09.415   723  5056 D MdpMgr  : [_startMdp] dstFmt(657,4982892)
07-25 21:40:09.416   723  5056 D MdpMgr  : [_startMdp] +sceID(0),cqPa(0x9154000)-Va(0x7c8a6a9000),tpipVa(0x7c8a164000)-Pa(0x9310000),isWaitB(1),cqIndx(0/0/0/14),venc(0),(va: 0x7c8a164000),        srcFt(0x2205),W(1920),H(1088),stride(3600,0),size(0x3bc400-0x0-0x0),VA(0x    ffff),PA(0x 6500000),plane(1),Stmtype(1)
07-25 21:40:09.416   723  5056 D MdpMgr  :         wdma_en(1),idx(0),cap(3),ft(17),rt(0),fp(0),(w,h,s)=(320,240,320),C(w,h,s)=(320,120,320),V(w,h,s)=(0,0,0),mdpidx(0),
07-25 21:40:09.416   723  5056 D MdpMgr  :         wrot_en(0),idx(1),cap(0),ft(0),rt(0),fp(0),(w,h,s)=(0,0,0),C(w,h,s)=(0,0,0),V(w,h,s)=(0,0,0),mdpidx(0),
07-25 21:40:09.416   723  5056 D MdpMgr  :         jpg_en(0),idx(2),cap(0),ft(0),rt(0),fp(0),(w,h,s)=(0,0,0),C(w,h,s)=(0,0,0),V(w,h,s)=(0,0,0),mdpidx(1),
07-25 21:40:09.416   723  5056 D MdpMgr  :         pipe_en(0),idx(3),cap(0),ft(0),rt(0),fp(0),(w,h,s)=(0,0,0),C(w,h,s)=(0,0,0),V(w,h,s)=(0,0,0),mdpidx(2),
07-25 21:40:09.416   723  5056 D MdpMgr  :         (va:0x7c8a164000,dstpa:0x9310000)
07-25 21:40:09.416   723  5056 D MdpMgr  : flag(0_0x1->0x1),startStm(523 us),WDPQ(0x       0),WRPQ(0x       0),tv_sec(1784986809),tv_usec(447890)
07-25 21:40:09.416   723  5056 D Iop/p2HPEQNode: [doMdpStart] frameUnit.idxofwaitDQFrmPackList (0x5e812e78_0_0_0, 0_0_1_0)
07-25 21:40:09.416   723  5057 D MdpMgr  : [selectDpIspStream] [selectDpIspStream] cqIdx(0/0/0/14_0/1),sceID(0)
07-25 21:40:09.419   531  2449 E [GrallocExtra-ERROR]: gralloc_extra_query:105 gralloc_extra_query with NULL handle: 0x0
07-25 21:40:09.419  2345  2403 D C2OMXNode: dhy...mOsdPos:,,mOsdText:
07-25 21:40:09.423   723  5057 D MdpMgr  : [_dequeueBuf] +,cqIndx(0/0/0/14),sceID(0),deqIndex(1),isWaitBuf(1),
07-25 21:40:09.423   723  5057 D MdpMgr  :         deqIndex(1), dequeTime(6505 us)
07-25 21:40:09.423   723  5057 D MdpMgr  : [selectDpIspStream] [selectDpIspStream] cqIdx(0/0/0/14_0/1),sceID(0)
07-25 21:40:09.423   723  5057 D MdpMgr  : [_dequeueBuf] +,cqIndx(0/0/0/14),sceID(0),deqIndex(0),isWaitBuf(1),
07-25 21:40:09.423   723  5057 D MdpMgr  :         deqIndex(0), dequeTime(20 us)
07-25 21:40:09.423   723  5057 D MdpMgr  : [selectDpIspStream] [selectDpIspStream] cqIdx(0/0/0/14_0/1),sceID(0)
07-25 21:40:09.423   723  5057 D MtkCam/StreamingPipe/P2ANode: [onDIPStreamBaseCB] P2S cam 0 MWFrame:#14 MWReq:#14, frame 15-15 :sensor(0) Frame 15 enque done in 8 ms, result = 1
07-25 21:40:09.423   723  5057 D Iop/p2HPDQNode: [doDeque] +,tag(2),idx(0),p2CQ(0/0/0/14),
07-25 21:40:09.423   723  5057 D Iop/p2HPDQNode:                          +,tag(1),idx(0),p2CQ(0/0),
07-25 21:40:09.423   723  5057 D Iop/p2HPDQNode:                          -,cb(125 us)
07-25 21:40:09.423   723  5061 D MtkCam/P2/MWFrame: [doRelease] P2S cam 0 MWFrame:#14 MWReq:#14, frame 15 : all streams(8), using(0), status: s0:d0:App:YCrCb_420_SP:0|HW_TEXTURE(1),Meta:App:Control(1),Hal:Image:P1:Resizeraw_main1(1),Hal:Image:STT_main1(1),Hal:Meta:P1:Dynamic_main1(1),Hal:Meta:P2:Dynamic(1),App:Meta:DynamicP1_main1(1),App:Meta:DynamicP2(1),
07-25 21:40:09.423   723  5025 D mtkcam-AppStreamMgr: [0-FrameHandler::updateResult] requestNo 14, real time:0, last partial:1
07-25 21:40:09.424   723  5025 D ULog    : R AppRequest:14 M[CameraDevice:187001] -  :mtkcam-AppStreamMgr #38237
07-25 21:40:09.424   723  5061 D mtkcam-pipeline: [onLastStrongRef] [ requestNo:14 frameNo:14 ] frame end
07-25 21:40:09.424   723  5061 D MtkCam/StreamingPipe/Timer: [print]Frame timer [#   15/   0][t  10][io   0][tof  0/  0][d  0/  0][mss  0/  0/  0/  0][a  9/  1/  8][tun  0/  0][msf  0/  0][vnr  0/  0/  0][am  0][b  0/  0][tpi(  0/  0)/(  0/  0)/(  0/  0)][vmdp_A  0/  0 vmdp_B  0/  0][h  0/  0/  0][e  0][r  0/  0][w_A  0/  0/  0/  0 w_B  0/  0/  0/  0][x  0][disp  0/  0][async  0/  0][p2sm  0/  0/  0][fps29.79/29.79/ 30/ 30]
07-25 21:40:09.433   548   653 I mtkpower@impl: [powerd_req] TIMER_MSG_PERF_LOCK_TIMEOUT hdl:207
07-25 21:40:09.433   548   653 I libPowerHal: [perfLockRel] hdl:207, idx:0
07-25 21:40:09.433   548   653 I libPowerHal: [PD] camerahalserver update cmd:1000000, param:-1
07-25 21:40:09.434   548   653 I libPowerHal: [PD] camerahalserver update cmd:1000000 param:-1
07-25 21:40:09.436   723  5028 D HwIRQ3A : [wait] VSIrq
07-25 21:40:09.436   723  5052 D NormalPipe: [enqueRequest] +N:0 CurSof:19 enqCnt:17 cqCnt(p/v):17/17 FrameStatus(2)
07-25 21:40:09.436   723  5052 D NormalPipe: [configEnquePath] N:0 configFrame event:1 multiSenNum:2 occupy:0 status:1(2) fsm:0 depth:0
07-25 21:40:09.436   723  5052 D NormalPipe: [dmaCfg] N:0 dma:x8 cmd:0x101a, crop:(0,0,2016,1136), outsize:(1920,1088)
07-25 21:40:09.436   723  5028 I MtkCam/P1NodeImp: [setRequest] [Cam::0 R19 S19 E18 D16 O16 #0] [P1::SET][Num Q:19 M:19 F:17 R:17 @0][Type:1 Out:x85 Rec:x0 Raw:1 Cap:0 Exe:1 Flush:x0] Num[19] Ctrl[1]=[ 19 ]
07-25 21:40:09.436   723  5052 D NormalPipe: [dmaCfg] N:0 dma:x6 cmd:0x101c, crop:(0,0,2016,1), outsize:(2016,1)
07-25 21:40:09.436   723  1127 E camiopipe: [vendor/mediatek/proprietary/hardware/mtkcam/drv/src/isp/mt6768/imageio/pipe/CamIOPipe/CamIOPipe.cpp, sendCommand, line3805] ERROR: [0x0]:NOT support command! (sendCommand){#3805:vendor/mediatek/proprietary/hardware/mtkcam/drv/src/isp/mt6768/imageio/pipe/CamIOPipe/CamIOPipe.cpp}
07-25 21:40:09.436   723  1127 E camiopipe: [vendor/mediatek/proprietary/hardware/mtkcam/drv/src/isp/mt6768/imageio/pipe/CamIOPipe/CamIOPipe.cpp, sendCommand, line3812] ERROR: [0x0]:sendCommand(0x1500) error! (sendCommand){#3812:vendor/mediatek/proprietary/hardware/mtkcam/drv/src/isp/mt6768/imageio/pipe/CamIOPipe/CamIOPipe.cpp}
07-25 21:40:09.436   723  1127 E NormalPipe: [vendor/mediatek/proprietary/hardware/mtkcam/drv/src/isp/mt6768/iopipe/CamIO/NormalPipe.cpp, sendCommand, line3773] ERROR: error: sendCommand fail: (cmd,arg1,arg2,arg3)=(0x00001500,0x7C9723DF40,0x7C9723DF44,0xB400007ECE82A6AC) (sendCommand){#3773:vendor/mediatek/proprietary/hardware/mtkcam/drv/src/isp/mt6768/iopipe/CamIO/NormalPipe.cpp}
07-25 21:40:09.436   723  5028 D aao_buf_mgr: [updateInfo] mMagicNumber(16), i4SubsampleCount(1)
07-25 21:40:09.436   723  1127 D Hal3Av3 : [parseMeta] Return to AP AE_REGIONS L(0) T(0) R(0) B(0) W(0)
07-25 21:40:09.436   723  5052 D ifunc_cam_tuning: [update] [0x0]:CAM_TUNING_CTRL - EN:0x100e02e0 DMA:0x808001e8
07-25 21:40:09.436   723  1127 D Hal3Av3 : [parseMeta] Return to AP AF_REGIONS L(0) T(0) R(0) B(0) W(0)
07-25 21:40:09.436   723  5052 D LMVDrv  : [GetLMVStatusAndUpdate]Suspicous clear, driver may drop frame and now in new pipeline: magicNum(18)=bypass(0)
07-25 21:40:09.436   723  5052 W LMVDrv  : [GetLMVStatusAndUpdate]Cannot find magicNum(0) in queue(0)
07-25 21:40:09.436   723  1127 D Hal3Av3 : [parseMeta] Return to AP AWB_REGIONS L(0) T(0) R(0) B(0) W(0)
07-25 21:40:09.436   723  1127 D Hal3Av3 : [parseMeta] MTK_SENSOR_TEST_PATTERN_DATA(0, 0, 0, 0)
07-25 21:40:09.437   723  5052 D camiopipe: [sendCommand] [0x0]:[1]P1_UPDATE_CHECK CTL_EN(0x11bebee3) +[0_0]:0x11bebee3 [1_0]:0x11bebee3 [2_0]:0x11bebee3 -[0_0]:0x11bebee3 [1_0]:0x11bebee3 [2_0]:0x11bebee3 
07-25 21:40:09.437   723  1127 I MtkCam/P1NodeImp: [runQueue] [Cam::0 R19 S19 E18 D16 O16 #1] [P1::REQ][Num Q:20 M:0 F:18 R:18 @0][Type:1 Out:x85 Rec:x0 Raw:1 Cap:0 Exe:1 Flush:x0] [META ze:0 ci:3 rt:-1 tn:-1 qc:-1 fi:-1 fr:-1] [New-Request][0] [0] [IMGO:1 (-1,-1)] [Gp:255/0] IOmap-Img[1]=<0_I[0]{}_O[2]{0x100000003,0x100000004}>-Meta[1]=<0_I[2]{0x80000000,0x100000018}_O[2]{0x10000001b,0x100000024}> CfgStream-Img[OutIMG:0x100000001(0),OutRRZ:0x100000003(1),OutLCS:0x100000004(1)]-Meta[InAPP:0x80000000(1),InHAL:0x100000018(1),OutAPP:0x100000024(1),OutHAL:0x10000001b(1)]  | [PreSet][Key:20] Num(0) Dummy(0) MetaCnt[APP:66,HAL:17] | [Rev:0] depth(1) burst(1) Que[1]
07-25 21:40:09.437   723  1127 D MtkCam/ppl_context: [sendFrameToRootNodes] r18 frameNo:18 (X) -> 0x1 success; erase record
07-25 21:40:09.437   723  5052 D NormalPipe: [frameToEnque] - sof(19)
07-25 21:40:09.437   723  5052 D NormalPipe: [enqueRequest] -
07-25 21:40:09.437   723  5028 D AeFlowDefault: [monitorAndReschedule:Perframe AE] Calc:1 Apply:1 Magic:16 AEMonitorStable:1 VdCnt:0 u4CwvYcur:0 u4CwvYpre:0 
07-25 21:40:09.437   723  5028 D ae_mgr  : [updateAEInfo2ISP] State:0 VDNum:0 Shutter:30003 Gain:9040 1024 750 Flare offset:0 512 FrameDuration:33350000 DisableOBC:0 ExpRatio:100 eAEMode:1 eAEstate:2 CurrentidxF:113
07-25 21:40:09.437   723  5081 D MtkCam/HalSensorList: [querySecureState] Secure State is 0
07-25 21:40:09.437   723  5028 D awb_mgr : [setIspAwbInfo()] m_eSensorDev: 1, awb_gain: 990/512/817, PreGain1: 512/512/512, RPG: 990/512/817, PGN: 990/512/817, bAWBLock: 0 (m_bAWBLock:0, m_u4AWBMode:1)
07-25 21:40:09.437   723  5028 D Task3APv: [run] getSensorParams: m_u4PreRealISO(750), u4RealISO(750), m_preAwbGain(990, 512, 817), rAwbInfo.gain(990, 512, 817)
07-25 21:40:09.437   723  5028 D isp_tuning_custom: [evaluate_Shading_Ratio] sensorid(1379), preSensorId(1379), eSensorMode(2), preSensorMode(2), isSensorOrModeSwitch(0), isInit(0)
07-25 21:40:09.437   723  5028 D isp_tuning_custom: [iso_smooth][ISO smooth enabled][ISO idx(3324)]avgISO = 750.
07-25 21:40:09.438   723  5028 D isp_tuning_custom: [RA_smooth][RA smooth][frm idx(3324)] rto for iso(21), prev_rto(21),RA_incremental_step(2), smoothed ratio(21)
07-25 21:40:09.438   723  5028 D paramctrl_per_frame: put ratio with m_eSensorDev(1), i4Rto(21)
07-25 21:40:09.438   723  5028 D paramctrl_per_frame: [updateLscInfo] (flash, iso, rto)=(0, 750, 21), auto(1), lock(0,0,0), dyn(1), op(0), PreCapFlashIsLockRto(0), fgForceUnlock(0)
07-25 21:40:09.438   723  5028 D Task3APv: [run] Cam 1 : Req(#19)/Stt(#16)/i4Opt(0)/FlashOnOff(0) Lv(8)/ISO(750)/RGB(990,512,817) AFisLockAE(1) isLVChangeTooMuch(0) m_i4FrameCount(17) m_i4TsfFrameCount(18)
07-25 21:40:09.438   723  5028 W TuningMgr: TuningMgr[updateEngine] WARNING: [temp log] AF enable(1_0x100e02e0_0x808001e8)
07-25 21:40:09.438   723  1127 D ULog    : R AppRequest:19 M[CameraDevice:187001] +  :mtkcam-dev3 #38238
07-25 21:40:09.438   723  5028 D TuningMgr: TuningMgr[enqueBuffer] magicNum(0x13)
07-25 21:40:09.438   723  5081 D MtkCam/HalSensorList: [querySecureState] Secure State is 0
07-25 21:40:09.438   723  1127 D mtkcam-dev3-utils: [0-AppRequestUtil::createOneRequest] requestNumber[19]:StreamBuffer:0xb400007dbe8190e0 streamId:0 bufferId:6 buffer:0xb400007e2e811610 status:OK acquireFenceOp.hdl:0x7cde6082f0 releaseFenceOp.hdl:0x0 acquireFenceOp.fd:-1 releaseFenceOp.fd:-1 appBufferHandleHolder:0xb400007d8e85cd68 freeByOthers:0 / 
07-25 21:40:09.439   723  1127 D mtkcam-HDRPolicyHelper: [getSeamlessSmoothResult][Cam::0]frameType[3] requestAETargetMode=0 requestExpNum=0
07-25 21:40:09.439   723  5028 I MtkCam/P1NodeImp: [setupAction] [Cam::0 R19 S19 E19 D16 O16 #1] [P1::ENQ][Num Q:19 M:19 F:17 R:17 @19][Type:1 Out:x85 Rec:x0 Raw:1 Cap:0 Exe:1 Flush:x0] [Exp:30003000ns] [MetaCtrl][SCALER_CROP(1) (0,0_2016x1512) ][SENSOR_CROP(0)][RESIZER_SET(0)]
07-25 21:40:09.439   723  5028 D NormalPipe: [acceptEnqRequest] MyEnq:0: dma:0x8 pa(0x7100000)io(0_0_2016_1136_1920_1088) mag(0x13)|dma:0x6 pa(0x4F013C0)io(0_0_2016_1_2016_1) mag(0x13)|dma:0xf pa(0x9001300)io(0_0_256_1_256_1) mag(0x13)|dma:0xb pa(0xDA00000)io(0_0_384_384_384_384) mag(0x13)|
07-25 21:40:09.440   723  1127 D MtkCam/ppl_context: [sendFrameToRootNodes] r19 frameNo:19 (X) -> 0x1 BUSY
07-25 21:40:09.441   723  5080 D af_mgr_v3: cmd-getFocusDistance Pos 300->330, Dis 1.833333->2.323333; fDist_Macro_rev 10.000000, fDist_Inf_rev 0.200000, fDAC_Macro 800.000000, fDAC_Inf 200.000000
07-25 21:40:09.441   723  5080 D AfAlgo  : down maxOffset=46 maxCompLevel=46, cutOffset=7, maxOffset=46 offset 0, level 4, cut offset 7, x/y/z/g=71/1040/-83/1045
07-25 21:40:09.441   723  5080 D AfAlgoC : [HB] DafIO in: mode 0(in:0), (PD,LD,SD) cus(1,0,0) input(0,0,0) Que -1
07-25 21:40:09.441   723  5080 E AfAlgo  : Err:  6195: [AdpComp]Adaptive input error!! 
07-25 21:40:09.441   723  5080 E AfAlgo  : Err:  6279: [AdpComp]Adaptive input error
07-25 21:40:09.441   723  5080 E AfAlgo  : Err:  6279: [AdpComp]Adaptive input error
07-25 21:40:09.441   723  5080 D af_mgr_v3: #(   19,   17) MoveLensTo Dev(1) DAC(360)
07-25 21:40:09.442   723  5080 D LensDrv : [moveMCU] Dev(1) , ioctl - mcuIOC_T_MOVETO, error Operation not permitted
07-25 21:40:09.442   723  5080 D TaskAFNormal: [run] Cam 1 : Req(#19)/Stt(#17)/i4Opt(0)/FlashOnOff(0)
07-25 21:40:09.444   723  5053 D SecMgr  : [SecMgr_GetSecurePortStatus] + (0x0x0)module:0x0 dma port:rrzo
07-25 21:40:09.444   723  5053 D SecMgr  : [SecMgr_GetSecurePortStatus] (0x0)DMA port (0x1) is not supported
07-25 21:40:09.444   723  5053 D ifunc_cam_buf: [waitBufReady] [0x0]:, [0x6900000] waitbufready pass
07-25 21:40:09.444   723  5053 D ifunc_cam_buf: [dequeueHwBuf] [0x0]:BUF_CTRL_RRZO:(0xd_0x0),PA(0x6900000_0xBC00800),FH_VA(0x7F775C3800),size(0x3bc400),cur sof(0),
07-25 21:40:09.444   723  5053 D SecMgr  : [SecMgr_GetSecurePortStatus] + (0x0x0)module:0x0 dma port:imgo
07-25 21:40:09.444   723  5053 D SecMgr  : [SecMgr_GetSecurePortStatus] (0x0)DMA port (0x0) is not supported
07-25 21:40:09.444   723  5053 D SecMgr  : [SecMgr_GetSecurePortStatus] + (0x0x0)module:0x0 dma port:
07-25 21:40:09.444   723  5053 D SecMgr  : [SecMgr_GetSecurePortStatus] + (0x0x0)module:0x0 dma port:lcso
07-25 21:40:09.444   723  5053 D NormalPipe: [ispDequeThread] N:0_deq@SOF_19
07-25 21:40:09.444   723  5044 D NormalPipe: [deque] MyDeq:0: dma:0x6 pa(0x4F009E0) io(0_0_1_0_0_0_2016_1_2016_1) mag(0x11)|dma:0x8 pa(0x6900000) io(0_0_2016_1136_0_0_1920_1088_1920_1088) mag(0x11)|dma:0xb pa(0xDF00000) io(0_0_0_0_0_0_0_0_0_0) mag(0x11)|dma:0xf pa(0x9001100) io(0_0_0_0_0_0_0_0_0_0) mag(0x11)|
07-25 21:40:09.444   723  5053 D SecMgr  : [SecMgr_GetSecurePortStatus] + (0x0x0)module:0x0 dma port:rrzo
07-25 21:40:09.444   723  5053 D SecMgr  : [SecMgr_GetSecurePortStatus] (0x0)DMA port (0x1) is not supported
07-25 21:40:09.445   723  5044 W fsc_hal : [processResult]image_scale_output.image_scale == 0
07-25 21:40:09.445   723  5044 D fsc_hal : [processResult]P magic(17) dac(360) ET(30003) EIS(0), CB magic(17), factor(1.000000), sensor(2016,1136), RRZO: c(0,0,2016,1136) s(1920,1088) f(0.000000,0.000000,1920.000000,1088.000000),RSSO: s(0,0), f(0.000000,0.000000,0.000000,0.000000)
07-25 21:40:09.445   723  5044 D MtkCam/HalSensorList: [querySecureState] Secure State is 0
07-25 21:40:09.445   723  5044 D MtkCam/HalSensor: [destroyInstance] HalSensor destroyInstance count = 6, caller =MtkCam/P1NodeUtility
07-25 21:40:09.445   723  5044 D MtkCam/BaseHeap: [IonHeap::unlockBufLocked] Hal:Image:P1:Fullraw_main1:Size2016x1:Stride2520.0.0:Sn2@ still locked (2)
07-25 21:40:09.445   723  5044 I MtkCam/P1NodeImp: [releaseAction] [Cam::0 R19 S19 E19 D17 O16 #1] [P1::DEQ][Num Q:17 M:17 F:15 R:15 @17][Type:1 Out:x85 Rec:x0 Raw:1 Cap:0 Exe:3 Flush:x0] job(0/1) IMG(pure) RRZ0(0-0-2016x1136)(0-0-1920x1088)(1920x1088) T-ns(EXP: 30003000)(Src:0)(SOF: m_948114203000 b_948114197000)(SS: 948084200000) ExpExtend(0, 0)Q(Sen
07-25 21:40:09.445   723  5047 I MtkCam/P1NodeImp: [releaseFrame] [Cam::0 R19 S19 E19 D17 O17 #1] [P1::OUT][Num Q:17 M:17 F:15 R:15 @17][Type:1 Out:x85 Rec:x0 Raw:1 Cap:0 Exe:3 Flush:x0] [Release-0] [DispatchFrame]
07-25 21:40:09.445   723  5047 D MtkCam/ppl_context: [onDispatchFrame] r15 frameNo:15 0x1 -> 0x15 READY(1/1)
07-25 21:40:09.446   723  5047 D MtkCam/P2/MWFrameRequest: [printIOMap] P2S cam 0 MWFrame:#15 MWReq:#15, frame 16 : iomap: [0]=>img[2/1], meta[3/2], fps[29.64]
07-25 21:40:09.447   723  5062 D MtkCam/P2/StreamingProcessor: [makePayLoad] P2S cam 0 MWFrame:#15 MWReq:#15, frame 16-0 : masterID(0) #Requests(1) merged into #RequestsPacks(1), PendingPayload(1), p1Ts=0000948086700000
07-25 21:40:09.447   723  5062 D MtkCam/StreamingPipe/Data: [calNonLargeSrcCrop]sID(0), imgoIn(0), srcCrop(0,0,1920x1088), isSrcCrop(0), mP2Pack Valid(1), imgo(0x0),rrz(1920x1088)
07-25 21:40:09.447   723  5062 D MtkCam/StreamingPipe/Pipe: [prepareIORequest]P2S cam 0 MWFrame:#15 MWReq:#15, frame 16-16  master/slave/fd(0/-1/0) ReqNo(16), feature=0x8008(3DNR+FSC), cycle(33), fps(n/a)=(30/30), ZoomROI((1442.539673x1088.000000)@(238.730179,0.000000)) SFPIOMgr:[sID(0)--IMG(0x0/0),RRZ(0xb400007e0e82fef0/1),LCS(0xb400007e0e831c30/1),LCSH(0x0/0),pRSS(0x0/0),cRSS(0x0/0),RSSR2(0x0/0),FYuv(0x0/0),RYuv1(0x0/0),RYuv2(0x0/0),mAIYuv(0x0/0),HalI(0xb400007dbe813730),AppI(0xb400007e2e81c7b8),AppDI(0xb400007dbe81ee10),AppOver(0x0)]{path(GEN),halO(0xb400007e2e837830),appO(0xb400007e2e8356f0),Outs--[buf(0xb400007e0e8249d0/1)(320x240),tran(0),type(1), tar(disp), prof(0), crop(238.730179,0.000000,1442.539673x1088.000000), flag(0x0)]Tuning--id(0)--[flag(5)]}
07-25 21:40:09.448   723  5060 D isp_mgr_sl2: DIP_X_SL2H_RZ is (SL2_VRZ_COM, SL2_HRZ_COM) = (2138, 2150), (i4RzWidth, i4Width) = (1920, 2016), (i4RzHeight, i4Height) = (1088, 1136)
07-25 21:40:09.448   723  5060 D isp_mgr_sl2: profile is 1, DIP_X_SL2H_RZ is (0x085a0866)
07-25 21:40:09.448   723  5060 D isp_mgr_nr3d: NR3D_EN(1), SL2E_EN(1), x,y,w,h(0,0,1920,1088), full x,y,w,h(0,0,1920,1088),vipi offst(0) w,h(1920,1088), R2C en(1) cnt(1,1,5,3)
07-25 21:40:09.448   723  5060 D MtkCam/StreamingPipe/P2ANode: [enqueFeatureStream] P2S cam 0 MWFrame:#15 MWReq:#15, frame 16-16 :sensor(0) Frame 16 enque start
07-25 21:40:09.449   723  5055 D Iop/p2HPEQNode: [doEnque] sDrvScen:0, CQIdx:0, dupCQIdx:1, burstQIdx:0, RingBufIndex:15,  mTuningData ptr:780447908
07-25 21:40:09.449   723  5055 D PostProcPipe: [PrintPipePortInfo] vInPorts:FN(15),RN(15),TS(0xbe5ef7e0),UK(0xcc183a0),Sec(0),[0]:(0x2205),w(1920),h(1088),stride(3600,0,0),type(0),idx(19),dir(0),Size(0x003bc400,0x00000000,0x00000000),VA(0x7c8ed65000,0x0,0x0),PA(0x6900000,0x0,0x0),secPort(0),
07-25 21:40:09.449   723  5055 D PostProcPipe:                       vInPorts:FN(15),RN(15),TS(0xbe5ef7e0),UK(0xcc183a0),Sec(0),[1]:(0x32315659),w(1920),h(1088),stride(1920,960,960),type(0),idx(22),dir(0),Size(0x001fe000,0x0007f800,0x0007f800),VA(0x7c72b2d000,0x7c72d2b000,0x7c72daa800),PA(0xa400000,0xa5fe000,0xa67d800),secPort(0),
07-25 21:40:09.449   723  5055 D PostProcPipe:                       vInPorts:FN(15),RN(15),TS(0xbe5ef7e0),UK(0xcc183a0),Sec(0),[2]:(0x2401),w(200),h(112),stride(768,0,0),type(0),idx(26),dir(0),Size(0x00048000,0x00000000,0x00000000),VA(0x7cd5106000,0x0,0x0),PA(0xdf00000,0x0,0x0),secPort(0)
07-25 21:40:09.449   723  5055 D PostProcPipe: [PrintPipePortInfo] vOutPorts:FN(15),RN(15),TS(0xbe5ef7e0),UK(0xcc183a0),Sec(0),[0]:(0x32315659),w(1920),h(1088),stride(1920,960,960),type(0),idx(32),dir(1),Size(0x001fe000,0x0007f800,0x0007f800),VA(0x7c72241000,0x7c7243f000,0x7c724be800),PA(0xa700000,0xa8fe000,0xa97d800),secPort(0),
07-25 21:40:09.449   723  5055 D PostProcPipe:                       vOutPorts:FN(15),RN(15),TS(0xbe5ef7e0),UK(0xcc183a0),Sec(0),[1]:(0x11),w(320),h(240),stride(320,320,0),type(0),idx(38),dir(1),Size(0x00012c00,0x00009600,0x00000000),VA(0x7f773d4000,0x7f773e6c00,0x0),PA(0xd600000,0xd612c00,0x0),secPort(0)
07-25 21:40:09.449   723  5055 D PostProcPipe: [configPipe] [Imgi][crop_1](x,f_x,y,f_y)=(0,0,0,0),(w,f_w,h,f_h)=(0,0,0,0),(tarW,tarH)=(0,0)-
07-25 21:40:09.449   723  5055 D PostProcPipe:                     [crop_2](x,f_x,y,f_y)=(238,765648,0,0),(w,f_w,h,f_h)=(1442,565888,1088,0),(tarW,tarH)=(320,240)-
07-25 21:40:09.449   723  5055 D PostProcPipe:                     [crop_3](x,f_x,y,f_y)=(0,0,0,0),(w,f_w,h,f_h)=(0,0,0,0),(tarW,tarH)=(0,0),dupCqIdx(1),[vipi]ofst(0),rW/H(1920/1088)
07-25 21:40:09.449   723  5055 D PostProcPipe: ,                    isDipOnly(0), hwmodule(9/0), dipCQ/dup/burst(0/1/0), drvSc(0), isWtf(1),tdr_tpipe(0),en_yuv/yuv2/rgb/dma/fmt_sel/ctl_sel/misc (0x11e07df8/0xf0/0x1400f9/0x20e0f1/0x30480409/0x16040/0x10), tcm(0xa/0x9fd8e1e3/0xe807b3c), last(1), CRZ_EN(0), img3o ofset(0,0),userName(),PIX_ID(3),ImgBuf_PIX_ID(3),tv_sec(1784986809),tv_usec(481875)
07-25 21:40:09.449   723  5055 D iio/ifunc_dip: [ConfigDipPipe] moduleIdx(0), pDipWBuf(0xce8275a8), m_pIspDescript_phy(0x915a000), m_pIspDescript_vir(0x8a6af000), m_pIspVirRegAddr_pa(0x915b000), m_pIspVirRegAddr_va(0x8a6b0000)
07-25 21:40:09.449   723  5056 D iio/ifunc_dip: [enable] thiscq(0), frameflag(0x1), ring_index(15), ref_ringbufidx(14)
07-25 21:40:09.449   723  5056 D MdpMgr  : [updateDpStreamMap] refObjectCqIdx:0, refObjectRingBufIdx:1,cqIdx:0,ringIdx:15,refringbufidx:14
07-25 21:40:09.449   723  5056 D MdpMgr  : [selectDpIspStream] [selectDpIspStream] cqIdx(0/1/0/15_0/1),sceID(0)
07-25 21:40:09.449   723  5056 D MdpMgr  : [_startMdp] dstFmt(657,4982892)
07-25 21:40:09.450   723  5056 D MdpMgr  : [_startMdp] +sceID(0),cqPa(0x915a000)-Va(0x7c8a6af000),tpipVa(0x7c8a164000)-Pa(0x9310000),isWaitB(1),cqIndx(0/1/0/15),venc(0),(va: 0x7c8a164000),        srcFt(0x2205),W(1920),H(1088),stride(3600,0),size(0x3bc400-0x0-0x0),VA(0x    ffff),PA(0x 6900000),plane(1),Stmtype(1)
07-25 21:40:09.450   723  5056 D MdpMgr  :         wdma_en(1),idx(0),cap(3),ft(17),rt(0),fp(0),(w,h,s)=(320,240,320),C(w,h,s)=(320,120,320),V(w,h,s)=(0,0,0),mdpidx(0),
07-25 21:40:09.450   723  5056 D MdpMgr  :         wrot_en(0),idx(1),cap(0),ft(0),rt(0),fp(0),(w,h,s)=(0,0,0),C(w,h,s)=(0,0,0),V(w,h,s)=(0,0,0),mdpidx(0),
07-25 21:40:09.450   723  5056 D MdpMgr  :         jpg_en(0),idx(2),cap(0),ft(0),rt(0),fp(0),(w,h,s)=(0,0,0),C(w,h,s)=(0,0,0),V(w,h,s)=(0,0,0),mdpidx(1),
07-25 21:40:09.450   723  5056 D MdpMgr  :         pipe_en(0),idx(3),cap(0),ft(0),rt(0),fp(0),(w,h,s)=(0,0,0),C(w,h,s)=(0,0,0),V(w,h,s)=(0,0,0),mdpidx(2),
07-25 21:40:09.450   723  5056 D MdpMgr  :         (va:0x7c8a164000,dstpa:0x9310000)
07-25 21:40:09.450   723  5056 D MdpMgr  : flag(0_0x1->0x1),startStm(508 us),WDPQ(0x       0),WRPQ(0x       0),tv_sec(1784986809),tv_usec(481875)
07-25 21:40:09.450   723  5056 D Iop/p2HPEQNode: [doMdpStart] frameUnit.idxofwaitDQFrmPackList (0x5e812e78_0_0_1, 0_0_1_0)
07-25 21:40:09.450   723  5057 D MdpMgr  : [selectDpIspStream] [selectDpIspStream] cqIdx(0/1/0/15_0/1),sceID(0)
07-25 21:40:09.452   531  2449 E [GrallocExtra-ERROR]: gralloc_extra_query:105 gralloc_extra_query with NULL handle: 0x0
07-25 21:40:09.453  2345  2403 D C2OMXNode: dhy...mOsdPos:,,mOsdText:
07-25 21:40:09.457   723  5057 D MdpMgr  : [_dequeueBuf] +,cqIndx(0/1/0/15),sceID(0),deqIndex(1),isWaitBuf(1),
07-25 21:40:09.457   723  5057 D MdpMgr  :         deqIndex(1), dequeTime(6623 us)
07-25 21:40:09.457   723  5057 D MdpMgr  : [selectDpIspStream] [selectDpIspStream] cqIdx(0/1/0/15_0/1),sceID(0)
07-25 21:40:09.457   723  5057 D MdpMgr  : [_dequeueBuf] +,cqIndx(0/1/0/15),sceID(0),deqIndex(0),isWaitBuf(1),
07-25 21:40:09.457   723  5057 D MdpMgr  :         deqIndex(0), dequeTime(23 us)
07-25 21:40:09.457   723  5057 D MdpMgr  : [selectDpIspStream] [selectDpIspStream] cqIdx(0/1/0/15_0/1),sceID(0)
07-25 21:40:09.457   723  5057 D MtkCam/StreamingPipe/P2ANode: [onDIPStreamBaseCB] P2S cam 0 MWFrame:#15 MWReq:#15, frame 16-16 :sensor(0) Frame 16 enque done in 8 ms, result = 1
07-25 21:40:09.457   723  5057 D Iop/p2HPDQNode: [doDeque] +,tag(2),idx(0),p2CQ(0/1/0/15),
07-25 21:40:09.457   723  5057 D Iop/p2HPDQNode:                          +,tag(1),idx(0),p2CQ(0/1),
07-25 21:40:09.457   723  5057 D Iop/p2HPDQNode:                          -,cb(246 us)
07-25 21:40:09.458   723  5061 D MtkCam/P2/MWFrame: [doRelease] P2S cam 0 MWFrame:#15 MWReq:#15, frame 16 : all streams(8), using(0), status: s0:d0:App:YCrCb_420_SP:0|HW_TEXTURE(1),Meta:App:Control(1),Hal:Image:P1:Resizeraw_main1(1),Hal:Image:STT_main1(1),Hal:Meta:P1:Dynamic_main1(1),Hal:Meta:P2:Dynamic(1),App:Meta:DynamicP1_main1(1),App:Meta:DynamicP2(1),
07-25 21:40:09.458   723  5025 D mtkcam-AppStreamMgr: [0-FrameHandler::updateResult] requestNo 15, real time:0, last partial:1
07-25 21:40:09.458   723  5061 D mtkcam-pipeline: [onLastStrongRef] [ requestNo:15 frameNo:15 ] frame end
07-25 21:40:09.458   723  5025 D ULog    : R AppRequest:15 M[CameraDevice:187001] -  :mtkcam-AppStreamMgr #38239
07-25 21:40:09.458   723  5061 D MtkCam/StreamingPipe/Timer: [print]Frame timer [#   16/   0][t  10][io   0][tof  0/  0][d  0/  0][mss  0/  0/  0/  0][a  9/  1/  8][tun  0/  0][msf  0/  0][vnr  0/  0/  0][am  0][b  0/  0][tpi(  0/  0)/(  0/  0)/(  0/  0)][vmdp_A  0/  0 vmdp_B  0/  0][h  0/  0/  0][e  0][r  0/  0][w_A  0/  0/  0/  0 w_B  0/  0/  0/  0][x  0][disp  0/  0][async  0/  0][p2sm  0/  0/  0][fps29.76/29.76/ 30/ 30]
07-25 21:40:09.469   723  5052 D NormalPipe: [enqueRequest] +N:0 CurSof:20 enqCnt:18 cqCnt(p/v):18/18 FrameStatus(2)
07-25 21:40:09.469   723  5028 D HwIRQ3A : [wait] VSIrq
07-25 21:40:09.470   723  5052 D NormalPipe: [configEnquePath] N:0 configFrame event:1 multiSenNum:2 occupy:0 status:1(2) fsm:0 depth:0
07-25 21:40:09.470   723  5052 D NormalPipe: [dmaCfg] N:0 dma:x8 cmd:0x101a, crop:(0,0,2016,1136), outsize:(1920,1088)
07-25 21:40:09.470   723  5052 D NormalPipe: [dmaCfg] N:0 dma:x6 cmd:0x101c, crop:(0,0,2016,1), outsize:(2016,1)
07-25 21:40:09.470   723  5028 I MtkCam/P1NodeImp: [setRequest] [Cam::0 R20 S20 E19 D17 O17 #0] [P1::SET][Num Q:20 M:20 F:18 R:18 @0][Type:1 Out:x85 Rec:x0 Raw:1 Cap:0 Exe:1 Flush:x0] Num[20] Ctrl[1]=[ 20 ]
07-25 21:40:09.470   723  5052 D ifunc_cam_tuning: [update] [0x0]:CAM_TUNING_CTRL - EN:0x100e02e0 DMA:0x808001e8
07-25 21:40:09.470   723  1127 E camiopipe: [vendor/mediatek/proprietary/hardware/mtkcam/drv/src/isp/mt6768/imageio/pipe/CamIOPipe/CamIOPipe.cpp, sendCommand, line3805] ERROR: [0x0]:NOT support command! (sendCommand){#3805:vendor/mediatek/proprietary/hardware/mtkcam/drv/src/isp/mt6768/imageio/pipe/CamIOPipe/CamIOPipe.cpp}
07-25 21:40:09.470   723  5052 D LMVDrv  : [GetLMVStatusAndUpdate]Suspicous clear, driver may drop frame and now in new pipeline: magicNum(19)=bypass(0)
07-25 21:40:09.470   723  1127 E camiopipe: [vendor/mediatek/proprietary/hardware/mtkcam/drv/src/isp/mt6768/imageio/pipe/CamIOPipe/CamIOPipe.cpp, sendCommand, line3812] ERROR: [0x0]:sendCommand(0x1500) error! (sendCommand){#3812:vendor/mediatek/proprietary/hardware/mtkcam/drv/src/isp/mt6768/imageio/pipe/CamIOPipe/CamIOPipe.cpp}
07-25 21:40:09.470   723  5052 W LMVDrv  : [GetLMVStatusAndUpdate]Cannot find magicNum(0) in queue(0)
07-25 21:40:09.470   723  1127 E NormalPipe: [vendor/mediatek/proprietary/hardware/mtkcam/drv/src/isp/mt6768/iopipe/CamIO/NormalPipe.cpp, sendCommand, line3773] ERROR: error: sendCommand fail: (cmd,arg1,arg2,arg3)=(0x00001500,0x7C9723DF40,0x7C9723DF44,0xB400007ECE813D1C) (sendCommand){#3773:vendor/mediatek/proprietary/hardware/mtkcam/drv/src/isp/mt6768/iopipe/CamIO/NormalPipe.cpp}
07-25 21:40:09.470   723  5028 D aao_buf_mgr: [updateInfo] mMagicNumber(17), i4SubsampleCount(1)
07-25 21:40:09.470   723  5052 D camiopipe: [sendCommand] [0x0]:[2]P1_UPDATE_CHECK CTL_EN(0x11bebee3) +[0_0]:0x11bebee3 [1_0]:0x11bebee3 [2_0]:0x11bebee3 -[0_0]:0x11bebee3 [1_0]:0x11bebee3 [2_0]:0x11bebee3 
07-25 21:40:09.470   723  5052 D NormalPipe: [frameToEnque] - sof(20)
07-25 21:40:09.470   723  5052 D NormalPipe: [enqueRequest] -
07-25 21:40:09.470   723  1127 D Hal3Av3 : [parseMeta] Return to AP AE_REGIONS L(0) T(0) R(0) B(0) W(0)
07-25 21:40:09.470   723  1127 D Hal3Av3 : [parseMeta] Return to AP AF_REGIONS L(0) T(0) R(0) B(0) W(0)
07-25 21:40:09.470   723  1127 D Hal3Av3 : [parseMeta] Return to AP AWB_REGIONS L(0) T(0) R(0) B(0) W(0)
07-25 21:40:09.470   723  1127 D Hal3Av3 : [parseMeta] MTK_SENSOR_TEST_PATTERN_DATA(0, 0, 0, 0)
07-25 21:40:09.471   723  1127 I MtkCam/P1NodeImp: [runQueue] [Cam::0 R20 S20 E19 D17 O17 #1] [P1::REQ][Num Q:21 M:0 F:19 R:19 @0][Type:1 Out:x85 Rec:x0 Raw:1 Cap:0 Exe:1 Flush:x0] [META ze:0 ci:3 rt:-1 tn:-1 qc:-1 fi:-1 fr:-1] [New-Request][0] [0] [IMGO:1 (-1,-1)] [Gp:255/0] IOmap-Img[1]=<0_I[0]{}_O[2]{0x100000003,0x100000004}>-Meta[1]=<0_I[2]{0x80000000,0x100000018}_O[2]{0x10000001b,0x100000024}> CfgStream-Img[OutIMG:0x100000001(0),OutRRZ:0x100000003(1),OutLCS:0x100000004(1)]-Meta[InAPP:0x80000000(1),InHAL:0x100000018(1),OutAPP:0x100000024(1),OutHAL:0x10000001b(1)]  | [PreSet][Key:21] Num(0) Dummy(0) MetaCnt[APP:66,HAL:17] | [Rev:0] depth(1) burst(1) Que[1]
07-25 21:40:09.471   723  1127 D MtkCam/ppl_context: [sendFrameToRootNodes] r19 frameNo:19 (X) -> 0x1 success; erase record
07-25 21:40:09.471   723  5028 D AeFlowDefault: [monitorAndReschedule:Perframe AE] Calc:1 Apply:1 Magic:17 AEMonitorStable:1 VdCnt:0 u4CwvYcur:0 u4CwvYpre:0 
07-25 21:40:09.471   723  5028 D ae_mgr  : [updateAEInfo2ISP] State:0 VDNum:0 Shutter:30003 Gain:9040 1024 750 Flare offset:0 512 FrameDuration:33350000 DisableOBC:0 ExpRatio:100 eAEMode:1 eAEstate:2 CurrentidxF:113
07-25 21:40:09.471   723  5081 D MtkCam/HalSensorList: [querySecureState] Secure State is 0
07-25 21:40:09.471   723  5028 D awb_mgr : [setIspAwbInfo()] m_eSensorDev: 1, awb_gain: 990/512/823, PreGain1: 512/512/512, RPG: 990/512/823, PGN: 990/512/823, bAWBLock: 0 (m_bAWBLock:0, m_u4AWBMode:1)
07-25 21:40:09.471   723  5028 D Task3APv: [run] getSensorParams: m_u4PreRealISO(750), u4RealISO(750), m_preAwbGain(990, 512, 817), rAwbInfo.gain(990, 512, 823)
07-25 21:40:09.471   723  5028 D isp_tuning_custom: [evaluate_Shading_Ratio] sensorid(1379), preSensorId(1379), eSensorMode(2), preSensorMode(2), isSensorOrModeSwitch(0), isInit(0)
07-25 21:40:09.471   723  5028 D isp_tuning_custom: [iso_smooth][ISO smooth enabled][ISO idx(3325)]avgISO = 750.
07-25 21:40:09.471   723  5028 D isp_tuning_custom: [RA_smooth][RA smooth][frm idx(3325)] rto for iso(21), prev_rto(21),RA_incremental_step(2), smoothed ratio(21)
07-25 21:40:09.471   723  5028 D paramctrl_per_frame: put ratio with m_eSensorDev(1), i4Rto(21)
07-25 21:40:09.471   723  5028 D paramctrl_per_frame: [updateLscInfo] (flash, iso, rto)=(0, 750, 21), auto(1), lock(0,0,0), dyn(1), op(0), PreCapFlashIsLockRto(0), fgForceUnlock(0)
07-25 21:40:09.471   723  5028 D Task3APv: [run] Cam 1 : Req(#20)/Stt(#17)/i4Opt(0)/FlashOnOff(0) Lv(8)/ISO(750)/RGB(990,512,823) AFisLockAE(1) isLVChangeTooMuch(0) m_i4FrameCount(18) m_i4TsfFrameCount(19)
07-25 21:40:09.472   723  5028 W TuningMgr: TuningMgr[updateEngine] WARNING: [temp log] AF enable(1_0x100e02e0_0x808001e8)
07-25 21:40:09.472   723  5028 D TuningMgr: TuningMgr[enqueBuffer] magicNum(0x14)
07-25 21:40:09.472   723  4812 D ULog    : R AppRequest:20 M[CameraDevice:187001] +  :mtkcam-dev3 #38240
07-25 21:40:09.472   723  4812 D mtkcam-dev3-utils: [0-AppRequestUtil::createOneRequest] requestNumber[20]:StreamBuffer:0xb400007dbe81b220 streamId:0 bufferId:7 buffer:0xb400007e2e81ac90 status:OK acquireFenceOp.hdl:0x7cde6082f0 releaseFenceOp.hdl:0x0 acquireFenceOp.fd:-1 releaseFenceOp.fd:-1 appBufferHandleHolder:0xb400007d8e83bda8 freeByOthers:0 / 
07-25 21:40:09.472   723  5081 D MtkCam/HalSensorList: [querySecureState] Secure State is 0
07-25 21:40:09.472   723  4812 D mtkcam-HDRPolicyHelper: [getSeamlessSmoothResult][Cam::0]frameType[3] requestAETargetMode=0 requestExpNum=0
07-25 21:40:09.473   723  5028 I MtkCam/P1NodeImp: [setupAction] [Cam::0 R20 S20 E20 D17 O17 #1] [P1::ENQ][Num Q:20 M:20 F:18 R:18 @20][Type:1 Out:x85 Rec:x0 Raw:1 Cap:0 Exe:1 Flush:x0] [Exp:30003000ns] [MetaCtrl][SCALER_CROP(1) (0,0_2016x1512) ][SENSOR_CROP(0)][RESIZER_SET(0)]
07-25 21:40:09.473   723  5028 D NormalPipe: [acceptEnqRequest] MyEnq:0: dma:0x8 pa(0x7500000)io(0_0_2016_1136_1920_1088) mag(0x14)|dma:0x6 pa(0x4F009E0)io(0_0_2016_1_2016_1) mag(0x14)|dma:0xf pa(0x9001400)io(0_0_256_1_256_1) mag(0x14)|dma:0xb pa(0xDB00000)io(0_0_384_384_384_384) mag(0x14)|
07-25 21:40:09.473   723  4812 D MtkCam/ppl_context: [sendFrameToRootNodes] r20 frameNo:20 (X) -> 0x1 BUSY
07-25 21:40:09.475   723  5080 D af_mgr_v3: cmd-getFocusDistance Pos 330->360, Dis 2.323333->2.813333; fDist_Macro_rev 10.000000, fDist_Inf_rev 0.200000, fDAC_Macro 800.000000, fDAC_Inf 200.000000
07-25 21:40:09.475   723  5080 D AfAlgo  : down maxOffset=46 maxCompLevel=46, cutOffset=7, maxOffset=46 offset 0, level 4, cut offset 7, x/y/z/g=71/1039/-84/1044
07-25 21:40:09.475   723  5080 D AfAlgoC : [HB] DafIO in: mode 0(in:0), (PD,LD,SD) cus(1,0,0) input(0,0,0) Que -1
07-25 21:40:09.475   723  5080 E AfAlgo  : Err:  6195: [AdpComp]Adaptive input error!! 
07-25 21:40:09.475   723  5080 E AfAlgo  : Err:  6279: [AdpComp]Adaptive input error
07-25 21:40:09.475   723  5080 E AfAlgo  : Err:  6279: [AdpComp]Adaptive input error
07-25 21:40:09.475   723  5080 D af_mgr_v3: #(   20,   18) MoveLensTo Dev(1) DAC(400)
07-25 21:40:09.476   723  5080 D LensDrv : [moveMCU] Dev(1) , ioctl - mcuIOC_T_MOVETO, error Operation not permitted
07-25 21:40:09.476   723  5080 D TaskAFNormal: [run] Cam 1 : Req(#20)/Stt(#18)/i4Opt(0)/FlashOnOff(0)
07-25 21:40:09.478   723  5053 D SecMgr  : [SecMgr_GetSecurePortStatus] + (0x0x0)module:0x0 dma port:rrzo
07-25 21:40:09.478   723  5053 D SecMgr  : [SecMgr_GetSecurePortStatus] (0x0)DMA port (0x1) is not supported
07-25 21:40:09.478   723  5053 D ifunc_cam_buf: [waitBufReady] [0x0]:, [0x6d00000] waitbufready pass
07-25 21:40:09.478   723  5053 D ifunc_cam_buf: [dequeueHwBuf] [0x0]:BUF_CTRL_RRZO:(0xd_0x0),PA(0x6D00000_0xBC00880),FH_VA(0x7F775C3880),size(0x3bc400),cur sof(0),
07-25 21:40:09.478   723  5053 D SecMgr  : [SecMgr_GetSecurePortStatus] + (0x0x0)module:0x0 dma port:imgo
07-25 21:40:09.478   723  5053 D SecMgr  : [SecMgr_GetSecurePortStatus] (0x0)DMA port (0x0) is not supported
07-25 21:40:09.478   723  5053 D SecMgr  : [SecMgr_GetSecurePortStatus] + (0x0x0)module:0x0 dma port:
07-25 21:40:09.478   723  5053 D SecMgr  : [SecMgr_GetSecurePortStatus] + (0x0x0)module:0x0 dma port:lcso
07-25 21:40:09.478   723  5053 D NormalPipe: [ispDequeThread] N:0_deq@SOF_20
07-25 21:40:09.478   723  5044 D NormalPipe: [deque] MyDeq:0: dma:0x6 pa(0x4F00000) io(0_0_1_0_0_0_2016_1_2016_1) mag(0x12)|dma:0x8 pa(0x6D00000) io(0_0_2016_1136_0_0_1920_1088_1920_1088) mag(0x12)|dma:0xb pa(0x9D00000) io(0_0_0_0_0_0_0_0_0_0) mag(0x12)|dma:0xf pa(0x9001200) io(0_0_0_0_0_0_0_0_0_0) mag(0x12)|
07-25 21:40:09.478   723  5053 D SecMgr  : [SecMgr_GetSecurePortStatus] + (0x0x0)module:0x0 dma port:rrzo
07-25 21:40:09.478   723  5053 D SecMgr  : [SecMgr_GetSecurePortStatus] (0x0)DMA port (0x1) is not supported
07-25 21:40:09.478   723  5044 W fsc_hal : [processResult]image_scale_output.image_scale == 0
07-25 21:40:09.478   723  5044 D fsc_hal : [processResult]P magic(18) dac(400) ET(30003) EIS(0), CB magic(18), factor(1.000000), sensor(2016,1136), RRZO: c(0,0,2016,1136) s(1920,1088) f(0.000000,0.000000,1920.000000,1088.000000),RSSO: s(0,0), f(0.000000,0.000000,0.000000,0.000000)
07-25 21:40:09.479   723  5044 D MtkCam/HalSensorList: [querySecureState] Secure State is 0
07-25 21:40:09.479   723  5044 D MtkCam/HalSensor: [destroyInstance] HalSensor destroyInstance count = 6, caller =MtkCam/P1NodeUtility
07-25 21:40:09.479   723  5044 D MtkCam/BaseHeap: [IonHeap::unlockBufLocked] Hal:Image:P1:Fullraw_main1:Size2016x1:Stride2520.0.0:Sn1@ still locked (2)
07-25 21:40:09.479   723  5044 I MtkCam/P1NodeImp: [releaseAction] [Cam::0 R20 S20 E20 D18 O17 #1] [P1::DEQ][Num Q:18 M:18 F:16 R:16 @18][Type:1 Out:x85 Rec:x0 Raw:1 Cap:0 Exe:3 Flush:x0] job(0/1) IMG(pure) RRZ0(0-0-2016x1136)(0-0-1920x1088)(1920x1088) T-ns(EXP: 30003000)(Src:0)(SOF: m_948147981000 b_948147975000)(SS: 948117978000) ExpExtend(0, 0)Q(Sen
07-25 21:40:09.480   723  5047 I MtkCam/P1NodeImp: [releaseFrame] [Cam::0 R20 S20 E20 D18 O18 #1] [P1::OUT][Num Q:18 M:18 F:16 R:16 @18][Type:1 Out:x85 Rec:x0 Raw:1 Cap:0 Exe:3 Flush:x0] [Release-0] [DispatchFrame]
07-25 21:40:09.480   723  5047 D MtkCam/ppl_context: [onDispatchFrame] r16 frameNo:16 0x1 -> 0x15 READY(1/1)
07-25 21:40:09.480   723  5047 D MtkCam/P2/MWFrameRequest: [printIOMap] P2S cam 0 MWFrame:#16 MWReq:#16, frame 17 : iomap: [0]=>img[2/1], meta[3/2], fps[29.63]
07-25 21:40:09.481   723  5062 D MtkCam/P2/StreamingProcessor: [makePayLoad] P2S cam 0 MWFrame:#16 MWReq:#16, frame 17-0 : masterID(0) #Requests(1) merged into #RequestsPacks(1), PendingPayload(1), p1Ts=0000948120478000
07-25 21:40:09.481   723  5062 D MtkCam/StreamingPipe/Data: [calNonLargeSrcCrop]sID(0), imgoIn(0), srcCrop(0,0,1920x1088), isSrcCrop(0), mP2Pack Valid(1), imgo(0x0),rrz(1920x1088)
07-25 21:40:09.481   723  5062 D MtkCam/StreamingPipe/Pipe: [prepareIORequest]P2S cam 0 MWFrame:#16 MWReq:#16, frame 17-17  master/slave/fd(0/-1/0) ReqNo(17), feature=0x8008(3DNR+FSC), cycle(33), fps(n/a)=(30/30), ZoomROI((1442.539673x1088.000000)@(238.730179,0.000000)) SFPIOMgr:[sID(0)--IMG(0x0/0),RRZ(0xb400007e0e822ff0/1),LCS(0xb400007e0e81f0f0/1),LCSH(0x0/0),pRSS(0x0/0),cRSS(0x0/0),RSSR2(0x0/0),FYuv(0x0/0),RYuv1(0x0/0),RYuv2(0x0/0),mAIYuv(0x0/0),HalI(0xb400007dbe81f350),AppI(0xb400007e2e824078),AppDI(0xb400007dbe823f70),AppOver(0x0)]{path(GEN),halO(0xb400007e2e836bf0),appO(0xb400007e2e8284f0),Outs--[buf(0xb400007e0e82fef0/1)(320x240),tran(0),type(1), tar(disp), prof(0), crop(238.730179,0.000000,1442.539673x1088.000000), flag(0x0)]Tuning--id(0)--[flag(5)]}
07-25 21:40:09.482   723  5060 D isp_mgr_sl2: DIP_X_SL2H_RZ is (SL2_VRZ_COM, SL2_HRZ_COM) = (2138, 2150), (i4RzWidth, i4Width) = (1920, 2016), (i4RzHeight, i4Height) = (1088, 1136)
07-25 21:40:09.483   723  5060 D isp_mgr_sl2: profile is 1, DIP_X_SL2H_RZ is (0x085a0866)
07-25 21:40:09.483   723  5060 D isp_mgr_nr3d: NR3D_EN(1), SL2E_EN(1), x,y,w,h(0,0,1920,1088), full x,y,w,h(0,0,1920,1088),vipi offst(0) w,h(1920,1088), R2C en(1) cnt(2,2,6,4)
07-25 21:40:09.483   723  5060 D MtkCam/StreamingPipe/P2ANode: [enqueFeatureStream] P2S cam 0 MWFrame:#16 MWReq:#16, frame 17-17 :sensor(0) Frame 17 enque start
07-25 21:40:09.483   723  5055 D Iop/p2HPEQNode: [doEnque] sDrvScen:0, CQIdx:0, dupCQIdx:0, burstQIdx:0, RingBufIndex:16,  mTuningData ptr:780701860
07-25 21:40:09.483   723  5055 D PostProcPipe: [PrintPipePortInfo] vInPorts:FN(16),RN(16),TS(0xc0626130),UK(0xcc183a0),Sec(0),[0]:(0x2205),w(1920),h(1088),stride(3600,0,0),type(0),idx(19),dir(0),Size(0x003bc400,0x00000000,0x00000000),VA(0x7c88606000,0x0,0x0),PA(0x6d00000,0x0,0x0),secPort(0),
07-25 21:40:09.483   723  5055 D PostProcPipe:                       vInPorts:FN(16),RN(16),TS(0xc0626130),UK(0xcc183a0),Sec(0),[1]:(0x32315659),w(1920),h(1088),stride(1920,960,960),type(0),idx(22),dir(0),Size(0x001fe000,0x0007f800,0x0007f800),VA(0x7c72241000,0x7c7243f000,0x7c724be800),PA(0xa700000,0xa8fe000,0xa97d800),secPort(0),
07-25 21:40:09.483   723  5055 D PostProcPipe:                       vInPorts:FN(16),RN(16),TS(0xc0626130),UK(0xcc183a0),Sec(0),[2]:(0x2401),w(200),h(112),stride(768,0,0),type(0),idx(26),dir(0),Size(0x00048000,0x00000000,0x00000000),VA(0x7cd1266000,0x0,0x0),PA(0x9d00000,0x0,0x0),secPort(0)
07-25 21:40:09.483   723  5055 D PostProcPipe: [PrintPipePortInfo] vOutPorts:FN(16),RN(16),TS(0xc0626130),UK(0xcc183a0),Sec(0),[0]:(0x32315659),w(1920),h(1088),stride(1920,960,960),type(0),idx(32),dir(1),Size(0x001fe000,0x0007f800,0x0007f800),VA(0x7c85b2d000,0x7c85d2b000,0x7c85daa800),PA(0xaa00000,0xabfe000,0xac7d800),secPort(0),
07-25 21:40:09.483   723  5055 D PostProcPipe:                       vOutPorts:FN(16),RN(16),TS(0xc0626130),UK(0xcc183a0),Sec(0),[1]:(0x11),w(320),h(240),stride(320,320,0),type(0),idx(38),dir(1),Size(0x00012c00,0x00009600,0x00000000),VA(0x7f77381000,0x7f77393c00,0x0),PA(0xd700000,0xd712c00,0x0),secPort(0)
07-25 21:40:09.483   723  5055 D PostProcPipe: [configPipe] [Imgi][crop_1](x,f_x,y,f_y)=(0,0,0,0),(w,f_w,h,f_h)=(0,0,0,0),(tarW,tarH)=(0,0)-
07-25 21:40:09.483   723  5055 D PostProcPipe:                     [crop_2](x,f_x,y,f_y)=(238,765648,0,0),(w,f_w,h,f_h)=(1442,565888,1088,0),(tarW,tarH)=(320,240)-
07-25 21:40:09.483   723  5055 D PostProcPipe:                     [crop_3](x,f_x,y,f_y)=(0,0,0,0),(w,f_w,h,f_h)=(0,0,0,0),(tarW,tarH)=(0,0),dupCqIdx(0),[vipi]ofst(0),rW/H(1920/1088)
07-25 21:40:09.483   723  5055 D PostProcPipe: ,                    isDipOnly(0), hwmodule(9/0), dipCQ/dup/burst(0/0/0), drvSc(0), isWtf(1),tdr_tpipe(0),en_yuv/yuv2/rgb/dma/fmt_sel/ctl_sel/misc (0x11e07df8/0xf0/0x1400f9/0x20e0f1/0x30480409/0x16040/0x10), tcm(0xa/0x9fd8e1e3/0xe807b3c), last(1), CRZ_EN(0), img3o ofset(0,0),userName(),PIX_ID(3),ImgBuf_PIX_ID(3),tv_sec(1784986809),tv_usec(516499)
07-25 21:40:09.483   723  5055 D iio/ifunc_dip: [ConfigDipPipe] moduleIdx(0), pDipWBuf(0xce827600), m_pIspDescript_phy(0x9160000), m_pIspDescript_vir(0x8a6b5000), m_pIspVirRegAddr_pa(0x9161000), m_pIspVirRegAddr_va(0x8a6b6000)
07-25 21:40:09.484   723  5056 D iio/ifunc_dip: [enable] thiscq(0), frameflag(0x1), ring_index(16), ref_ringbufidx(15)
07-25 21:40:09.484   723  5056 D MdpMgr  : [updateDpStreamMap] refObjectCqIdx:0, refObjectRingBufIdx:1,cqIdx:0,ringIdx:16,refringbufidx:15
07-25 21:40:09.484   723  5056 D MdpMgr  : [selectDpIspStream] [selectDpIspStream] cqIdx(0/0/0/16_0/1),sceID(0)
07-25 21:40:09.484   723  5056 D MdpMgr  : [_startMdp] dstFmt(657,4982892)
07-25 21:40:09.484   723  5056 D MdpMgr  : [_startMdp] +sceID(0),cqPa(0x9160000)-Va(0x7c8a6b5000),tpipVa(0x7c8a164000)-Pa(0x9310000),isWaitB(1),cqIndx(0/0/0/16),venc(0),(va: 0x7c8a164000),        srcFt(0x2205),W(1920),H(1088),stride(3600,0),size(0x3bc400-0x0-0x0),VA(0x    ffff),PA(0x 6d00000),plane(1),Stmtype(1)
07-25 21:40:09.484   723  5056 D MdpMgr  :         wdma_en(1),idx(0),cap(3),ft(17),rt(0),fp(0),(w,h,s)=(320,240,320),C(w,h,s)=(320,120,320),V(w,h,s)=(0,0,0),mdpidx(0),
07-25 21:40:09.484   723  5056 D MdpMgr  :         wrot_en(0),idx(1),cap(0),ft(0),rt(0),fp(0),(w,h,s)=(0,0,0),C(w,h,s)=(0,0,0),V(w,h,s)=(0,0,0),mdpidx(0),
07-25 21:40:09.484   723  5056 D MdpMgr  :         jpg_en(0),idx(2),cap(0),ft(0),rt(0),fp(0),(w,h,s)=(0,0,0),C(w,h,s)=(0,0,0),V(w,h,s)=(0,0,0),mdpidx(1),
07-25 21:40:09.484   723  5056 D MdpMgr  :         pipe_en(0),idx(3),cap(0),ft(0),rt(0),fp(0),(w,h,s)=(0,0,0),C(w,h,s)=(0,0,0),V(w,h,s)=(0,0,0),mdpidx(2),
07-25 21:40:09.484   723  5056 D MdpMgr  :         (va:0x7c8a164000,dstpa:0x9310000)
07-25 21:40:09.484   723  5056 D MdpMgr  : flag(0_0x1->0x1),startStm(488 us),WDPQ(0x       0),WRPQ(0x       0),tv_sec(1784986809),tv_usec(516499)
07-25 21:40:09.484   723  5056 D Iop/p2HPEQNode: [doMdpStart] frameUnit.idxofwaitDQFrmPackList (0x5e812e78_0_0_0, 0_0_1_0)
07-25 21:40:09.485   723  5057 D MdpMgr  : [selectDpIspStream] [selectDpIspStream] cqIdx(0/0/0/16_0/1),sceID(0)
07-25 21:40:09.486   531  2449 E [GrallocExtra-ERROR]: gralloc_extra_query:105 gralloc_extra_query with NULL handle: 0x0
07-25 21:40:09.486  2345  2403 D C2OMXNode: dhy...mOsdPos:,,mOsdText:
07-25 21:40:09.491   723  5057 D MdpMgr  : [_dequeueBuf] +,cqIndx(0/0/0/16),sceID(0),deqIndex(1),isWaitBuf(1),
07-25 21:40:09.491   723  5057 D MdpMgr  :         deqIndex(1), dequeTime(6692 us)
07-25 21:40:09.491   723  5057 D MdpMgr  : [selectDpIspStream] [selectDpIspStream] cqIdx(0/0/0/16_0/1),sceID(0)
07-25 21:40:09.491   723  5057 D MdpMgr  : [_dequeueBuf] +,cqIndx(0/0/0/16),sceID(0),deqIndex(0),isWaitBuf(1),
07-25 21:40:09.491   723  5057 D MdpMgr  :         deqIndex(0), dequeTime(21 us)
07-25 21:40:09.491   723  5057 D MdpMgr  : [selectDpIspStream] [selectDpIspStream] cqIdx(0/0/0/16_0/1),sceID(0)
07-25 21:40:09.492   723  5057 D MtkCam/StreamingPipe/P2ANode: [onDIPStreamBaseCB] P2S cam 0 MWFrame:#16 MWReq:#16, frame 17-17 :sensor(0) Frame 17 enque done in 8 ms, result = 1
07-25 21:40:09.492   723  5057 D Iop/p2HPDQNode: [doDeque] +,tag(2),idx(0),p2CQ(0/0/0/16),
07-25 21:40:09.492   723  5057 D Iop/p2HPDQNode:                          +,tag(1),idx(0),p2CQ(0/0),
07-25 21:40:09.492   723  5057 D Iop/p2HPDQNode:                          -,cb(230 us)
07-25 21:40:09.492   723  5061 D MtkCam/P2/MWFrame: [doRelease] P2S cam 0 MWFrame:#16 MWReq:#16, frame 17 : all streams(8), using(0), status: s0:d0:App:YCrCb_420_SP:0|HW_TEXTURE(1),Meta:App:Control(1),Hal:Image:P1:Resizeraw_main1(1),Hal:Image:STT_main1(1),Hal:Meta:P1:Dynamic_main1(1),Hal:Meta:P2:Dynamic(1),App:Meta:DynamicP1_main1(1),App:Meta:DynamicP2(1),
07-25 21:40:09.493   723  5025 D mtkcam-AppStreamMgr: [0-FrameHandler::updateResult] requestNo 16, real time:0, last partial:1
07-25 21:40:09.493   723  5025 D ULog    : R AppRequest:16 M[CameraDevice:187001] -  :mtkcam-AppStreamMgr #38241
07-25 21:40:09.493   723  5061 D mtkcam-pipeline: [onLastStrongRef] [ requestNo:16 frameNo:16 ] frame end
07-25 21:40:09.493   723  5061 D MtkCam/StreamingPipe/Timer: [print]Frame timer [#   17/   0][t  10][io   0][tof  0/  0][d  0/  0][mss  0/  0/  0/  0][a  9/  1/  8][tun  0/  0][msf  0/  0][vnr  0/  0/  0][am  0][b  0/  0][tpi(  0/  0)/(  0/  0)/(  0/  0)][vmdp_A  0/  0 vmdp_B  0/  0][h  1/  0/  0][e  0][r  0/  0][w_A  0/  0/  0/  0 w_B  0/  0/  0/  0][x  0][disp  0/  0][async  0/  0][p2sm  0/  0/  0][fps29.68/29.68/ 30/ 30]
07-25 21:40:09.503   723  5028 D HwIRQ3A : [wait] VSIrq
07-25 21:40:09.503   723  5052 D NormalPipe: [enqueRequest] +N:0 CurSof:21 enqCnt:19 cqCnt(p/v):19/19 FrameStatus(2)
07-25 21:40:09.503   723  5052 D NormalPipe: [configEnquePath] N:0 configFrame event:1 multiSenNum:2 occupy:0 status:1(2) fsm:0 depth:0
07-25 21:40:09.503   723  5052 D NormalPipe: [dmaCfg] N:0 dma:x8 cmd:0x101a, crop:(0,0,2016,1136), outsize:(1920,1088)
07-25 21:40:09.504   723  4812 E camiopipe: [vendor/mediatek/proprietary/hardware/mtkcam/drv/src/isp/mt6768/imageio/pipe/CamIOPipe/CamIOPipe.cpp, sendCommand, line3805] ERROR: [0x0]:NOT support command! (sendCommand){#3805:vendor/mediatek/proprietary/hardware/mtkcam/drv/src/isp/mt6768/imageio/pipe/CamIOPipe/CamIOPipe.cpp}
07-25 21:40:09.504   723  5028 I MtkCam/P1NodeImp: [setRequest] [Cam::0 R21 S21 E20 D18 O18 #0] [P1::SET][Num Q:21 M:21 F:19 R:19 @0][Type:1 Out:x85 Rec:x0 Raw:1 Cap:0 Exe:1 Flush:x0] Num[21] Ctrl[1]=[ 21 ]
07-25 21:40:09.504   723  4812 E camiopipe: [vendor/mediatek/proprietary/hardware/mtkcam/drv/src/isp/mt6768/imageio/pipe/CamIOPipe/CamIOPipe.cpp, sendCommand, line3812] ERROR: [0x0]:sendCommand(0x1500) error! (sendCommand){#3812:vendor/mediatek/proprietary/hardware/mtkcam/drv/src/isp/mt6768/imageio/pipe/CamIOPipe/CamIOPipe.cpp}
07-25 21:40:09.504   723  4812 E NormalPipe: [vendor/mediatek/proprietary/hardware/mtkcam/drv/src/isp/mt6768/iopipe/CamIO/NormalPipe.cpp, sendCommand, line3773] ERROR: error: sendCommand fail: (cmd,arg1,arg2,arg3)=(0x00001500,0x7C9EA4FF40,0x7C9EA4FF44,0xB400007ECE81057C) (sendCommand){#3773:vendor/mediatek/proprietary/hardware/mtkcam/drv/src/isp/mt6768/iopipe/CamIO/NormalPipe.cpp}
07-25 21:40:09.504   723  5052 D NormalPipe: [dmaCfg] N:0 dma:x6 cmd:0x101c, crop:(0,0,2016,1), outsize:(2016,1)
07-25 21:40:09.504   723  5028 D aao_buf_mgr: [updateInfo] mMagicNumber(18), i4SubsampleCount(1)
07-25 21:40:09.504   723  4812 D Hal3Av3 : [parseMeta] Return to AP AE_REGIONS L(0) T(0) R(0) B(0) W(0)
07-25 21:40:09.504   723  4812 D Hal3Av3 : [parseMeta] Return to AP AF_REGIONS L(0) T(0) R(0) B(0) W(0)
07-25 21:40:09.504   723  4812 D Hal3Av3 : [parseMeta] Return to AP AWB_REGIONS L(0) T(0) R(0) B(0) W(0)
07-25 21:40:09.504   723  4812 D Hal3Av3 : [parseMeta] MTK_SENSOR_TEST_PATTERN_DATA(0, 0, 0, 0)
07-25 21:40:09.504   723  4812 I MtkCam/P1NodeImp: [runQueue] [Cam::0 R21 S21 E20 D18 O18 #1] [P1::REQ][Num Q:22 M:0 F:20 R:20 @0][Type:1 Out:x85 Rec:x0 Raw:1 Cap:0 Exe:1 Flush:x0] [META ze:0 ci:3 rt:-1 tn:-1 qc:-1 fi:-1 fr:-1] [New-Request][0] [0] [IMGO:1 (-1,-1)] [Gp:255/0] IOmap-Img[1]=<0_I[0]{}_O[2]{0x100000003,0x100000004}>-Meta[1]=<0_I[2]{0x80000000,0x100000018}_O[2]{0x10000001b,0x100000024}> CfgStream-Img[OutIMG:0x100000001(0),OutRRZ:0x100000003(1),OutLCS:0x100000004(1)]-Meta[InAPP:0x80000000(1),InHAL:0x100000018(1),OutAPP:0x100000024(1),OutHAL:0x10000001b(1)]  | [PreSet][Key:22] Num(0) Dummy(0) MetaCnt[APP:66,HAL:17] | [Rev:0] depth(1) burst(1) Que[1]
07-25 21:40:09.504   723  4812 D MtkCam/ppl_context: [sendFrameToRootNodes] r20 frameNo:20 (X) -> 0x1 success; erase record
07-25 21:40:09.504   723  5052 D ifunc_cam_tuning: [update] [0x0]:CAM_TUNING_CTRL - EN:0x100e02e0 DMA:0x808001e8
07-25 21:40:09.504   723  5052 D LMVDrv  : [GetLMVStatusAndUpdate]Suspicous clear, driver may drop frame and now in new pipeline: magicNum(20)=bypass(0)
07-25 21:40:09.504   723  5052 W LMVDrv  : [GetLMVStatusAndUpdate]Cannot find magicNum(0) in queue(0)
07-25 21:40:09.504   723  5052 D camiopipe: [sendCommand] [0x0]:[0]P1_UPDATE_CHECK CTL_EN(0x11bebee3) +[0_0]:0x11bebee3 [1_0]:0x11bebee3 [2_0]:0x11bebee3 -[0_0]:0x11bebee3 [1_0]:0x11bebee3 [2_0]:0x11bebee3 
07-25 21:40:09.504   723  5052 D NormalPipe: [frameToEnque] - sof(21)
07-25 21:40:09.504   723  5028 D AeFlowDefault: [monitorAndReschedule:Perframe AE] Calc:1 Apply:1 Magic:18 AEMonitorStable:1 VdCnt:0 u4CwvYcur:0 u4CwvYpre:0 
07-25 21:40:09.504   723  5052 D NormalPipe: [enqueRequest] -
07-25 21:40:09.504   723  5028 D ae_mgr  : [updateAEInfo2ISP] State:0 VDNum:0 Shutter:30003 Gain:9040 1024 750 Flare offset:0 512 FrameDuration:33350000 DisableOBC:0 ExpRatio:100 eAEMode:1 eAEstate:2 CurrentidxF:113
07-25 21:40:09.505   723  5081 D MtkCam/HalSensorList: [querySecureState] Secure State is 0
07-25 21:40:09.505   723  5028 D awb_mgr : [setIspAwbInfo()] m_eSensorDev: 1, awb_gain: 990/512/823, PreGain1: 512/512/512, RPG: 990/512/823, PGN: 990/512/823, bAWBLock: 0 (m_bAWBLock:0, m_u4AWBMode:1)
07-25 21:40:09.505   723  5028 D Task3APv: [run] getSensorParams: m_u4PreRealISO(750), u4RealISO(750), m_preAwbGain(990, 512, 823), rAwbInfo.gain(990, 512, 823)
07-25 21:40:09.505   723  5028 D isp_tuning_custom: [evaluate_Shading_Ratio] sensorid(1379), preSensorId(1379), eSensorMode(2), preSensorMode(2), isSensorOrModeSwitch(0), isInit(0)
07-25 21:40:09.505   723  5028 D isp_tuning_custom: [iso_smooth][ISO smooth enabled][ISO idx(3326)]avgISO = 750.
07-25 21:40:09.505   723  5028 D isp_tuning_custom: [RA_smooth][RA smooth][frm idx(3326)] rto for iso(21), prev_rto(21),RA_incremental_step(2), smoothed ratio(21)
07-25 21:40:09.505   723  4812 D ULog    : R AppRequest:21 M[CameraDevice:187001] +  :mtkcam-dev3 #38242
07-25 21:40:09.505   723  5028 D paramctrl_per_frame: put ratio with m_eSensorDev(1), i4Rto(21)
07-25 21:40:09.505   723  5028 D paramctrl_per_frame: [updateLscInfo] (flash, iso, rto)=(0, 750, 21), auto(1), lock(0,0,0), dyn(1), op(0), PreCapFlashIsLockRto(0), fgForceUnlock(0)
07-25 21:40:09.505   723  5028 D Task3APv: [run] Cam 1 : Req(#21)/Stt(#18)/i4Opt(0)/FlashOnOff(0) Lv(8)/ISO(750)/RGB(990,512,823) AFisLockAE(1) isLVChangeTooMuch(0) m_i4FrameCount(19) m_i4TsfFrameCount(20)
07-25 21:40:09.505   723  4812 D mtkcam-dev3-utils: [0-AppRequestUtil::createOneRequest] requestNumber[21]:StreamBuffer:0xb400007dbe8190e0 streamId:0 bufferId:1 buffer:0xb400007e2e818450 status:OK acquireFenceOp.hdl:0x7cde6082f0 releaseFenceOp.hdl:0x0 acquireFenceOp.fd:-1 releaseFenceOp.fd:-1 appBufferHandleHolder:0xb400007d8e857928 freeByOthers:0 / 
07-25 21:40:09.506   723  5028 W TuningMgr: TuningMgr[updateEngine] WARNING: [temp log] AF enable(1_0x100e02e0_0x808001e8)
07-25 21:40:09.506   723  4812 D mtkcam-HDRPolicyHelper: [getSeamlessSmoothResult][Cam::0]frameType[3] requestAETargetMode=0 requestExpNum=0
07-25 21:40:09.506   723  5028 D TuningMgr: TuningMgr[enqueBuffer] magicNum(0x15)
07-25 21:40:09.506   723  5081 D MtkCam/HalSensorList: [querySecureState] Secure State is 0
07-25 21:40:09.506   723  4812 D MtkCam/ppl_context: [sendFrameToRootNodes] r21 frameNo:21 (X) -> 0x1 BUSY
07-25 21:40:09.507   723  5028 I MtkCam/P1NodeImp: [setupAction] [Cam::0 R21 S21 E21 D18 O18 #1] [P1::ENQ][Num Q:21 M:21 F:19 R:19 @21][Type:1 Out:x85 Rec:x0 Raw:1 Cap:0 Exe:1 Flush:x0] [Exp:30003000ns] [MetaCtrl][SCALER_CROP(1) (0,0_2016x1512) ][SENSOR_CROP(0)][RESIZER_SET(0)]
07-25 21:40:09.507   723  5028 D NormalPipe: [acceptEnqRequest] MyEnq:0: dma:0x8 pa(0x7900000)io(0_0_2016_1136_1920_1088) mag(0x15)|dma:0x6 pa(0x4F00000)io(0_0_2016_1_2016_1) mag(0x15)|dma:0xf pa(0x9001500)io(0_0_256_1_256_1) mag(0x15)|dma:0xb pa(0xE000000)io(0_0_384_384_384_384) mag(0x15)|
07-25 21:40:09.508   723  5080 D af_mgr_v3: cmd-getFocusDistance Pos 360->400, Dis 2.813333->3.466666; fDist_Macro_rev 10.000000, fDist_Inf_rev 0.200000, fDAC_Macro 800.000000, fDAC_Inf 200.000000
07-25 21:40:09.509   723  5080 D AfAlgo  : down maxOffset=46 maxCompLevel=46, cutOffset=7, maxOffset=46 offset 0, level 4, cut offset 7, x/y/z/g=72/1042/-83/1047
07-25 21:40:09.509   723  5080 D AfAlgoC : [HB] DafIO in: mode 0(in:0), (PD,LD,SD) cus(1,0,0) input(0,0,0) Que -1
07-25 21:40:09.509   723  5080 E AfAlgo  : Err:  6195: [AdpComp]Adaptive input error!! 
07-25 21:40:09.509   723  5080 E AfAlgo  : Err:  6279: [AdpComp]Adaptive input error
07-25 21:40:09.509   723  5080 E AfAlgo  : Err:  6279: [AdpComp]Adaptive input error
07-25 21:40:09.509   723  5080 D af_mgr_v3: #(   21,   19) MoveLensTo Dev(1) DAC(440)
07-25 21:40:09.510   723  5080 D LensDrv : [moveMCU] Dev(1) , ioctl - mcuIOC_T_MOVETO, error Operation not permitted
07-25 21:40:09.510   723  5080 D TaskAFNormal: [run] Cam 1 : Req(#21)/Stt(#19)/i4Opt(0)/FlashOnOff(0)
07-25 21:40:09.511   723  5053 D SecMgr  : [SecMgr_GetSecurePortStatus] + (0x0x0)module:0x0 dma port:rrzo
07-25 21:40:09.511   723  5053 D SecMgr  : [SecMgr_GetSecurePortStatus] (0x0)DMA port (0x1) is not supported
07-25 21:40:09.511   723  5053 D ifunc_cam_buf: [waitBufReady] [0x0]:, [0x7100000] waitbufready pass
07-25 21:40:09.511   723  5053 D ifunc_cam_buf: [dequeueHwBuf] [0x0]:BUF_CTRL_RRZO:(0xd_0x0),PA(0x7100000_0xBC00900),FH_VA(0x7F775C3900),size(0x3bc400),cur sof(0),
07-25 21:40:09.512   723  5053 D SecMgr  : [SecMgr_GetSecurePortStatus] + (0x0x0)module:0x0 dma port:imgo
07-25 21:40:09.512   723  5053 D SecMgr  : [SecMgr_GetSecurePortStatus] (0x0)DMA port (0x0) is not supported
07-25 21:40:09.512   723  5053 D SecMgr  : [SecMgr_GetSecurePortStatus] + (0x0x0)module:0x0 dma port:
07-25 21:40:09.512   723  5053 D SecMgr  : [SecMgr_GetSecurePortStatus] + (0x0x0)module:0x0 dma port:lcso
07-25 21:40:09.512   723  5053 D NormalPipe: [ispDequeThread] N:0_deq@SOF_21
07-25 21:40:09.512   723  5044 D NormalPipe: [deque] MyDeq:0: dma:0x6 pa(0x4F013C0) io(0_0_1_0_0_0_2016_1_2016_1) mag(0x13)|dma:0x8 pa(0x7100000) io(0_0_2016_1136_0_0_1920_1088_1920_1088) mag(0x13)|dma:0xb pa(0xDA00000) io(0_0_0_0_0_0_0_0_0_0) mag(0x13)|dma:0xf pa(0x9001300) io(0_0_0_0_0_0_0_0_0_0) mag(0x13)|
07-25 21:40:09.512   723  5053 D SecMgr  : [SecMgr_GetSecurePortStatus] + (0x0x0)module:0x0 dma port:rrzo
07-25 21:40:09.512   723  5053 D SecMgr  : [SecMgr_GetSecurePortStatus] (0x0)DMA port (0x1) is not supported
07-25 21:40:09.512   723  5044 W fsc_hal : [processResult]image_scale_output.image_scale == 0
07-25 21:40:09.512   723  5044 D fsc_hal : [processResult]P magic(19) dac(440) ET(30003) EIS(0), CB magic(19), factor(1.000000), sensor(2016,1136), RRZO: c(0,0,2016,1136) s(1920,1088) f(0.000000,0.000000,1920.000000,1088.000000),RSSO: s(0,0), f(0.000000,0.000000,0.000000,0.000000)
07-25 21:40:09.512   723  5044 D MtkCam/HalSensorList: [querySecureState] Secure State is 0
07-25 21:40:09.512   723  5044 D MtkCam/HalSensor: [destroyInstance] HalSensor destroyInstance count = 6, caller =MtkCam/P1NodeUtility
07-25 21:40:09.512   723  5044 D MtkCam/BaseHeap: [IonHeap::unlockBufLocked] Hal:Image:P1:Fullraw_main1:Size2016x1:Stride2520.0.0:Sn3@ still locked (2)
07-25 21:40:09.513   723  5044 I MtkCam/P1NodeImp: [releaseAction] [Cam::0 R21 S21 E21 D19 O18 #1] [P1::DEQ][Num Q:19 M:19 F:17 R:17 @19][Type:1 Out:x85 Rec:x0 Raw:1 Cap:0 Exe:3 Flush:x0] job(0/1) IMG(pure) RRZ0(0-0-2016x1136)(0-0-1920x1088)(1920x1088) T-ns(EXP: 30003000)(Src:0)(SOF: m_948181759000 b_948181753000)(SS: 948151756000) ExpExtend(0, 0)Q(Sen
07-25 21:40:09.513   723  5047 I MtkCam/P1NodeImp: [releaseFrame] [Cam::0 R21 S21 E21 D19 O19 #1] [P1::OUT][Num Q:19 M:19 F:17 R:17 @19][Type:1 Out:x85 Rec:x0 Raw:1 Cap:0 Exe:3 Flush:x0] [Release-0] [DispatchFrame]
07-25 21:40:09.513   723  5047 D MtkCam/ppl_context: [onDispatchFrame] r17 frameNo:17 0x1 -> 0x15 READY(1/1)
07-25 21:40:09.513   723  5047 D MtkCam/P2/MWFrameRequest: [printIOMap] P2S cam 0 MWFrame:#17 MWReq:#17, frame 18 : iomap: [0]=>img[2/1], meta[3/2], fps[29.62]
07-25 21:40:09.514   723  5062 D MtkCam/P2/StreamingProcessor: [makePayLoad] P2S cam 0 MWFrame:#17 MWReq:#17, frame 18-0 : masterID(0) #Requests(1) merged into #RequestsPacks(1), PendingPayload(1), p1Ts=0000948154256000
07-25 21:40:09.514   723  5062 D MtkCam/StreamingPipe/Data: [calNonLargeSrcCrop]sID(0), imgoIn(0), srcCrop(0,0,1920x1088), isSrcCrop(0), mP2Pack Valid(1), imgo(0x0),rrz(1920x1088)
07-25 21:40:09.515   723  5062 D MtkCam/StreamingPipe/Pipe: [prepareIORequest]P2S cam 0 MWFrame:#17 MWReq:#17, frame 18-18  master/slave/fd(0/-1/0) ReqNo(18), feature=0x8008(3DNR+FSC), cycle(33), fps(n/a)=(30/30), ZoomROI((1442.539673x1088.000000)@(238.730179,0.000000)) SFPIOMgr:[sID(0)--IMG(0x0/0),RRZ(0xb400007e0e82cfb0/1),LCS(0xb400007e0e81da70/1),LCSH(0x0/0),pRSS(0x0/0),cRSS(0x0/0),RSSR2(0x0/0),FYuv(0x0/0),RYuv1(0x0/0),RYuv2(0x0/0),mAIYuv(0x0/0),HalI(0xb400007dbe814b50),AppI(0xb400007e2e82ab38),AppDI(0xb400007dbe81f580),AppOver(0x0)]{path(GEN),halO(0xb400007e2e80d2f0),appO(0xb400007e2e826030),Outs--[buf(0xb400007e0e831c30/1)(320x240),tran(0),type(1), tar(disp), prof(0), crop(238.730179,0.000000,1442.539673x1088.000000), flag(0x0)]Tuning--id(0)--[flag(5)]}
07-25 21:40:09.516   723  5060 D isp_mgr_sl2: DIP_X_SL2H_RZ is (SL2_VRZ_COM, SL2_HRZ_COM) = (2138, 2150), (i4RzWidth, i4Width) = (1920, 2016), (i4RzHeight, i4Height) = (1088, 1136)
07-25 21:40:09.516   723  5060 D isp_mgr_sl2: profile is 1, DIP_X_SL2H_RZ is (0x085a0866)
07-25 21:40:09.516   723  5060 D isp_mgr_nr3d: NR3D_EN(1), SL2E_EN(1), x,y,w,h(0,0,1920,1088), full x,y,w,h(0,0,1920,1088),vipi offst(0) w,h(1920,1088), R2C en(1) cnt(3,3,7,5)
07-25 21:40:09.516   723  5060 D MtkCam/StreamingPipe/P2ANode: [enqueFeatureStream] P2S cam 0 MWFrame:#17 MWReq:#17, frame 18-18 :sensor(0) Frame 18 enque start
07-25 21:40:09.516   723  5055 D Iop/p2HPEQNode: [doEnque] sDrvScen:0, CQIdx:0, dupCQIdx:1, burstQIdx:0, RingBufIndex:17,  mTuningData ptr:780427428
07-25 21:40:09.516   723  5055 D PostProcPipe: [PrintPipePortInfo] vInPorts:FN(17),RN(17),TS(0xc265ca80),UK(0xcc183a0),Sec(0),[0]:(0x2205),w(1920),h(1088),stride(3600,0,0),type(0),idx(19),dir(0),Size(0x003bc400,0x00000000,0x00000000),VA(0x7c88249000,0x0,0x0),PA(0x7100000,0x0,0x0),secPort(0),
07-25 21:40:09.516   723  5055 D PostProcPipe:                       vInPorts:FN(17),RN(17),TS(0xc265ca80),UK(0xcc183a0),Sec(0),[1]:(0x32315659),w(1920),h(1088),stride(1920,960,960),type(0),idx(22),dir(0),Size(0x001fe000,0x0007f800,0x0007f800),VA(0x7c85b2d000,0x7c85d2b000,0x7c85daa800),PA(0xaa00000,0xabfe000,0xac7d800),secPort(0),
07-25 21:40:09.516   723  5055 D PostProcPipe:                       vInPorts:FN(17),RN(17),TS(0xc265ca80),UK(0xcc183a0),Sec(0),[2]:(0x2401),w(200),h(112),stride(768,0,0),type(0),idx(26),dir(0),Size(0x00048000,0x00000000,0x00000000),VA(0x7cd115e000,0x0,0x0),PA(0xda00000,0x0,0x0),secPort(0)
07-25 21:40:09.516   723  5055 D PostProcPipe: [PrintPipePortInfo] vOutPorts:FN(17),RN(17),TS(0xc265ca80),UK(0xcc183a0),Sec(0),[0]:(0x32315659),w(1920),h(1088),stride(1920,960,960),type(0),idx(32),dir(1),Size(0x001fe000,0x0007f800,0x0007f800),VA(0x7c8582f000,0x7c85a2d000,0x7c85aac800),PA(0xad00000,0xaefe000,0xaf7d800),secPort(0),
07-25 21:40:09.516   723  5055 D PostProcPipe:                       vOutPorts:FN(17),RN(17),TS(0xc265ca80),UK(0xcc183a0),Sec(0),[1]:(0x11),w(320),h(240),stride(320,320,0),type(0),idx(38),dir(1),Size(0x00012c00,0x00009600,0x00000000),VA(0x7f7734b000,0x7f7735dc00,0x0),PA(0xdc00000,0xdc12c00,0x0),secPort(0)
07-25 21:40:09.517   723  5055 D PostProcPipe: [configPipe] [Imgi][crop_1](x,f_x,y,f_y)=(0,0,0,0),(w,f_w,h,f_h)=(0,0,0,0),(tarW,tarH)=(0,0)-
07-25 21:40:09.517   723  5055 D PostProcPipe:                     [crop_2](x,f_x,y,f_y)=(238,765648,0,0),(w,f_w,h,f_h)=(1442,565888,1088,0),(tarW,tarH)=(320,240)-
07-25 21:40:09.517   723  5055 D PostProcPipe:                     [crop_3](x,f_x,y,f_y)=(0,0,0,0),(w,f_w,h,f_h)=(0,0,0,0),(tarW,tarH)=(0,0),dupCqIdx(1),[vipi]ofst(0),rW/H(1920/1088)
07-25 21:40:09.517   723  5055 D PostProcPipe: ,                    isDipOnly(0), hwmodule(9/0), dipCQ/dup/burst(0/1/0), drvSc(0), isWtf(1),tdr_tpipe(0),en_yuv/yuv2/rgb/dma/fmt_sel/ctl_sel/misc (0x11e07df8/0xf0/0x1400f9/0x20e0f1/0x30480409/0x16040/0x10), tcm(0xa/0x9fd8e1e3/0xe807b3c), last(1), CRZ_EN(0), img3o ofset(0,0),userName(),PIX_ID(3),ImgBuf_PIX_ID(3),tv_sec(1784986809),tv_usec(549552)
07-25 21:40:09.517   723  5055 D iio/ifunc_dip: [ConfigDipPipe] moduleIdx(0), pDipWBuf(0xce827658), m_pIspDescript_phy(0x9166000), m_pIspDescript_vir(0x8a6bb000), m_pIspVirRegAddr_pa(0x9167000), m_pIspVirRegAddr_va(0x8a6bc000)
07-25 21:40:09.517   723  5056 D iio/ifunc_dip: [enable] thiscq(0), frameflag(0x1), ring_index(17), ref_ringbufidx(16)
07-25 21:40:09.517   723  5056 D MdpMgr  : [updateDpStreamMap] refObjectCqIdx:0, refObjectRingBufIdx:1,cqIdx:0,ringIdx:17,refringbufidx:16
07-25 21:40:09.517   723  5056 D MdpMgr  : [selectDpIspStream] [selectDpIspStream] cqIdx(0/1/0/17_0/1),sceID(0)
07-25 21:40:09.517   723  5056 D MdpMgr  : [_startMdp] dstFmt(657,4982892)
07-25 21:40:09.518   723  5056 D MdpMgr  : [_startMdp] +sceID(0),cqPa(0x9166000)-Va(0x7c8a6bb000),tpipVa(0x7c8a164000)-Pa(0x9310000),isWaitB(1),cqIndx(0/1/0/17),venc(0),(va: 0x7c8a164000),        srcFt(0x2205),W(1920),H(1088),stride(3600,0),size(0x3bc400-0x0-0x0),VA(0x    ffff),PA(0x 7100000),plane(1),Stmtype(1)
07-25 21:40:09.518   723  5056 D MdpMgr  :         wdma_en(1),idx(0),cap(3),ft(17),rt(0),fp(0),(w,h,s)=(320,240,320),C(w,h,s)=(320,120,320),V(w,h,s)=(0,0,0),mdpidx(0),
07-25 21:40:09.518   723  5056 D MdpMgr  :         wrot_en(0),idx(1),cap(0),ft(0),rt(0),fp(0),(w,h,s)=(0,0,0),C(w,h,s)=(0,0,0),V(w,h,s)=(0,0,0),mdpidx(0),
07-25 21:40:09.518   723  5056 D MdpMgr  :         jpg_en(0),idx(2),cap(0),ft(0),rt(0),fp(0),(w,h,s)=(0,0,0),C(w,h,s)=(0,0,0),V(w,h,s)=(0,0,0),mdpidx(1),
07-25 21:40:09.518   723  5056 D MdpMgr  :         pipe_en(0),idx(3),cap(0),ft(0),rt(0),fp(0),(w,h,s)=(0,0,0),C(w,h,s)=(0,0,0),V(w,h,s)=(0,0,0),mdpidx(2),
07-25 21:40:09.518   723  5056 D MdpMgr  :         (va:0x7c8a164000,dstpa:0x9310000)
07-25 21:40:09.518   723  5056 D MdpMgr  : flag(0_0x1->0x1),startStm(828 us),WDPQ(0x       0),WRPQ(0x       0),tv_sec(1784986809),tv_usec(549552)
07-25 21:40:09.518   723  5056 D Iop/p2HPEQNode: [doMdpStart] frameUnit.idxofwaitDQFrmPackList (0x5e812e78_0_0_1, 0_0_1_0)
07-25 21:40:09.518   723  5057 D MdpMgr  : [selectDpIspStream] [selectDpIspStream] cqIdx(0/1/0/17_0/1),sceID(0)
07-25 21:40:09.520   531  2449 E [GrallocExtra-ERROR]: gralloc_extra_query:105 gralloc_extra_query with NULL handle: 0x0
07-25 21:40:09.520  2345  2403 D C2OMXNode: dhy...mOsdPos:,,mOsdText:
07-25 21:40:09.522   531   765 D hwcomposer: (0:0) Layer+ (mva=0x0/sec=0/prot=0/alpha=0:0xff/blend=0001/dim=0/fmt=2820/range=1(20000000)/x=0 y=0 w=228 h=460 s=240,460 -> x=0 y=0 w=228 h=460/layer_type=0 ext_layer=-1 ds=0 fbdc=0) =
07-25 21:40:09.522   531   765 D hwcomposer: (0:1) Layer+ (mva=0x0/sec=0/prot=0/alpha=1:0xff/blend=0002/dim=0/fmt=4868/range=1(20000000)/x=0 y=0 w=228 h=23 s=240,23 -> x=0 y=0 w=228 h=23/layer_type=0 ext_layer=-1 ds=0 fbdc=0) =
07-25 21:40:09.522   531   765 D hwcomposer: (0:2) Layer+ (mva=0x0/sec=0/prot=0/alpha=1:0xff/blend=0002/dim=0/fmt=4868/range=1(20000000)/x=0 y=0 w=228 h=23 s=240,23 -> x=0 y=437 w=228 h=23/layer_type=0 ext_layer=-1 ds=0 fbdc=0) =
07-25 21:40:09.525   723  5057 D MdpMgr  : [_dequeueBuf] +,cqIndx(0/1/0/17),sceID(0),deqIndex(1),isWaitBuf(1),
07-25 21:40:09.525   723  5057 D MdpMgr  :         deqIndex(1), dequeTime(6480 us)
07-25 21:40:09.525   723  5057 D MdpMgr  : [selectDpIspStream] [selectDpIspStream] cqIdx(0/1/0/17_0/1),sceID(0)
07-25 21:40:09.525   723  5057 D MdpMgr  : [_dequeueBuf] +,cqIndx(0/1/0/17),sceID(0),deqIndex(0),isWaitBuf(1),
07-25 21:40:09.525   723  5057 D MdpMgr  :         deqIndex(0), dequeTime(20 us)
07-25 21:40:09.525   723  5057 D MdpMgr  : [selectDpIspStream] [selectDpIspStream] cqIdx(0/1/0/17_0/1),sceID(0)
07-25 21:40:09.525   723  5057 D MtkCam/StreamingPipe/P2ANode: [onDIPStreamBaseCB] P2S cam 0 MWFrame:#17 MWReq:#17, frame 18-18 :sensor(0) Frame 18 enque done in 8 ms, result = 1
07-25 21:40:09.525   723  5057 D Iop/p2HPDQNode: [doDeque] +,tag(2),idx(0),p2CQ(0/1/0/17),
07-25 21:40:09.525   723  5057 D Iop/p2HPDQNode:                          +,tag(1),idx(0),p2CQ(0/1),
07-25 21:40:09.525   723  5057 D Iop/p2HPDQNode:                          -,cb(188 us)
07-25 21:40:09.526   723  5061 D MtkCam/P2/MWFrame: [doRelease] P2S cam 0 MWFrame:#17 MWReq:#17, frame 18 : all streams(8), using(0), status: s0:d0:App:YCrCb_420_SP:0|HW_TEXTURE(1),Meta:App:Control(1),Hal:Image:P1:Resizeraw_main1(1),Hal:Image:STT_main1(1),Hal:Meta:P1:Dynamic_main1(1),Hal:Meta:P2:Dynamic(1),App:Meta:DynamicP1_main1(1),App:Meta:DynamicP2(1),
07-25 21:40:09.526   723  5025 D mtkcam-AppStreamMgr: [0-FrameHandler::updateResult] requestNo 17, real time:0, last partial:1
07-25 21:40:09.526   723  5025 D ULog    : R AppRequest:17 M[CameraDevice:187001] -  :mtkcam-AppStreamMgr #38243
07-25 21:40:09.526   723  5061 D mtkcam-pipeline: [onLastStrongRef] [ requestNo:17 frameNo:17 ] frame end
07-25 21:40:09.526   723  5061 D MtkCam/StreamingPipe/Timer: [print]Frame timer [#   18/   0][t  10][io   0][tof  0/  0][d  0/  0][mss  0/  0/  0/  0][a  9/  1/  8][tun  0/  0][msf  0/  0][vnr  0/  0/  0][am  0][b  0/  0][tpi(  0/  0)/(  0/  0)/(  0/  0)][vmdp_A  0/  0 vmdp_B  0/  0][h  1/  0/  0][e  0][r  0/  0][w_A  0/  0/  0/  0 w_B  0/  0/  0/  0][x  0][disp  0/  0][async  0/  0][p2sm  0/  0/  0][fps29.72/29.72/ 30/ 30]
07-25 21:40:09.537   723  5028 D HwIRQ3A : [wait] VSIrq
07-25 21:40:09.537   723  5052 D NormalPipe: [enqueRequest] +N:0 CurSof:22 enqCnt:20 cqCnt(p/v):20/20 FrameStatus(2)
07-25 21:40:09.537   723  5052 D NormalPipe: [configEnquePath] N:0 configFrame event:1 multiSenNum:2 occupy:0 status:1(2) fsm:0 depth:0
07-25 21:40:09.537   723  5052 D NormalPipe: [dmaCfg] N:0 dma:x8 cmd:0x101a, crop:(0,0,2016,1136), outsize:(1920,1088)
07-25 21:40:09.537   723  5028 I MtkCam/P1NodeImp: [setRequest] [Cam::0 R22 S22 E21 D19 O19 #0] [P1::SET][Num Q:22 M:22 F:20 R:20 @0][Type:1 Out:x85 Rec:x0 Raw:1 Cap:0 Exe:1 Flush:x0] Num[22] Ctrl[1]=[ 22 ]
07-25 21:40:09.537   723  5052 D NormalPipe: [dmaCfg] N:0 dma:x6 cmd:0x101c, crop:(0,0,2016,1), outsize:(2016,1)
07-25 21:40:09.537   723  4812 E camiopipe: [vendor/mediatek/proprietary/hardware/mtkcam/drv/src/isp/mt6768/imageio/pipe/CamIOPipe/CamIOPipe.cpp, sendCommand, line3805] ERROR: [0x0]:NOT support command! (sendCommand){#3805:vendor/mediatek/proprietary/hardware/mtkcam/drv/src/isp/mt6768/imageio/pipe/CamIOPipe/CamIOPipe.cpp}
07-25 21:40:09.538   723  4812 E camiopipe: [vendor/mediatek/proprietary/hardware/mtkcam/drv/src/isp/mt6768/imageio/pipe/CamIOPipe/CamIOPipe.cpp, sendCommand, line3812] ERROR: [0x0]:sendCommand(0x1500) error! (sendCommand){#3812:vendor/mediatek/proprietary/hardware/mtkcam/drv/src/isp/mt6768/imageio/pipe/CamIOPipe/CamIOPipe.cpp}
07-25 21:40:09.538   723  4812 E NormalPipe: [vendor/mediatek/proprietary/hardware/mtkcam/drv/src/isp/mt6768/iopipe/CamIO/NormalPipe.cpp, sendCommand, line3773] ERROR: error: sendCommand fail: (cmd,arg1,arg2,arg3)=(0x00001500,0x7C9EA4FF40,0x7C9EA4FF44,0xB400007ECE8315EC) (sendCommand){#3773:vendor/mediatek/proprietary/hardware/mtkcam/drv/src/isp/mt6768/iopipe/CamIO/NormalPipe.cpp}
07-25 21:40:09.538   723  5028 D aao_buf_mgr: [updateInfo] mMagicNumber(19), i4SubsampleCount(1)
07-25 21:40:09.538   723  4812 D Hal3Av3 : [parseMeta] Return to AP AE_REGIONS L(0) T(0) R(0) B(0) W(0)
07-25 21:40:09.538   723  4812 D Hal3Av3 : [parseMeta] Return to AP AF_REGIONS L(0) T(0) R(0) B(0) W(0)
07-25 21:40:09.538   723  4812 D Hal3Av3 : [parseMeta] Return to AP AWB_REGIONS L(0) T(0) R(0) B(0) W(0)
07-25 21:40:09.538   723  4812 D Hal3Av3 : [parseMeta] MTK_SENSOR_TEST_PATTERN_DATA(0, 0, 0, 0)
07-25 21:40:09.538   723  5052 D ifunc_cam_tuning: [update] [0x0]:CAM_TUNING_CTRL - EN:0x100e02e0 DMA:0x808001e8
07-25 21:40:09.538   723  4812 I MtkCam/P1NodeImp: [runQueue] [Cam::0 R22 S22 E21 D19 O19 #1] [P1::REQ][Num Q:23 M:0 F:21 R:21 @0][Type:1 Out:x85 Rec:x0 Raw:1 Cap:0 Exe:1 Flush:x0] [META ze:0 ci:3 rt:-1 tn:-1 qc:-1 fi:-1 fr:-1] [New-Request][0] [0] [IMGO:1 (-1,-1)] [Gp:255/0] IOmap-Img[1]=<0_I[0]{}_O[2]{0x100000003,0x100000004}>-Meta[1]=<0_I[2]{0x80000000,0x100000018}_O[2]{0x10000001b,0x100000024}> CfgStream-Img[OutIMG:0x100000001(0),OutRRZ:0x100000003(1),OutLCS:0x100000004(1)]-Meta[InAPP:0x80000000(1),InHAL:0x100000018(1),OutAPP:0x100000024(1),OutHAL:0x10000001b(1)]  | [PreSet][Key:23] Num(0) Dummy(0) MetaCnt[APP:66,HAL:17] | [Rev:0] depth(1) burst(1) Que[1]
07-25 21:40:09.538   723  5052 D LMVDrv  : [GetLMVStatusAndUpdate]Suspicous clear, driver may drop frame and now in new pipeline: magicNum(21)=bypass(0)
07-25 21:40:09.538   723  4812 D MtkCam/ppl_context: [sendFrameToRootNodes] r21 frameNo:21 (X) -> 0x1 success; erase record
07-25 21:40:09.538   723  5052 W LMVDrv  : [GetLMVStatusAndUpdate]Cannot find magicNum(0) in queue(0)
07-25 21:40:09.538   723  5052 D camiopipe: [sendCommand] [0x0]:[1]P1_UPDATE_CHECK CTL_EN(0x11bebee3) +[0_0]:0x11bebee3 [1_0]:0x11bebee3 [2_0]:0x11bebee3 -[0_0]:0x11bebee3 [1_0]:0x11bebee3 [2_0]:0x11bebee3 
07-25 21:40:09.538   723  5052 D NormalPipe: [frameToEnque] - sof(22)
07-25 21:40:09.538   723  5052 D NormalPipe: [enqueRequest] -
07-25 21:40:09.538   723  5028 D AeFlowDefault: [monitorAndReschedule:Perframe AE] Calc:1 Apply:1 Magic:19 AEMonitorStable:1 VdCnt:0 u4CwvYcur:0 u4CwvYpre:0 
07-25 21:40:09.538   723  5028 D ae_mgr  : [updateAEInfo2ISP] State:0 VDNum:0 Shutter:30003 Gain:9040 1024 750 Flare offset:0 512 FrameDuration:33350000 DisableOBC:0 ExpRatio:100 eAEMode:1 eAEstate:2 CurrentidxF:113
07-25 21:40:09.539   723  5081 D MtkCam/HalSensorList: [querySecureState] Secure State is 0
07-25 21:40:09.539   723  5028 D awb_mgr : [setIspAwbInfo()] m_eSensorDev: 1, awb_gain: 988/512/819, PreGain1: 512/512/512, RPG: 988/512/819, PGN: 988/512/819, bAWBLock: 0 (m_bAWBLock:0, m_u4AWBMode:1)
07-25 21:40:09.539   723  5028 D Task3APv: [run] getSensorParams: m_u4PreRealISO(750), u4RealISO(750), m_preAwbGain(990, 512, 823), rAwbInfo.gain(988, 512, 819)
07-25 21:40:09.539   723  5028 D isp_tuning_custom: [evaluate_Shading_Ratio] sensorid(1379), preSensorId(1379), eSensorMode(2), preSensorMode(2), isSensorOrModeSwitch(0), isInit(0)
07-25 21:40:09.539   723  5028 D isp_tuning_custom: [iso_smooth][ISO smooth enabled][ISO idx(3327)]avgISO = 750.
07-25 21:40:09.539   723  5028 D isp_tuning_custom: [RA_smooth][RA smooth][frm idx(3327)] rto for iso(21), prev_rto(21),RA_incremental_step(2), smoothed ratio(21)
07-25 21:40:09.539   723  5028 D paramctrl_per_frame: put ratio with m_eSensorDev(1), i4Rto(21)
07-25 21:40:09.539   723  5028 D paramctrl_per_frame: [updateLscInfo] (flash, iso, rto)=(0, 750, 21), auto(1), lock(0,0,0), dyn(1), op(0), PreCapFlashIsLockRto(0), fgForceUnlock(0)
07-25 21:40:09.539   723  5028 D Task3APv: [run] Cam 1 : Req(#22)/Stt(#19)/i4Opt(0)/FlashOnOff(0) Lv(8)/ISO(750)/RGB(988,512,819) AFisLockAE(1) isLVChangeTooMuch(0) m_i4FrameCount(20) m_i4TsfFrameCount(21)
07-25 21:40:09.539   723  5033 D MtkCam/BaseHeap: [IonHeap::helpFlushCacheIon] ctrl(0), num[0]: mID(0x24),size(24576),VA(0x7f77709000),PA(0x5300000)
07-25 21:40:09.539   723  5028 W TuningMgr: TuningMgr[updateEngine] WARNING: [temp log] AF enable(1_0x100e02e0_0x808001e8)
07-25 21:40:09.540   723  5028 D TuningMgr: TuningMgr[enqueBuffer] magicNum(0x16)
07-25 21:40:09.540   723  4812 D ULog    : R AppRequest:22 M[CameraDevice:187001] +  :mtkcam-dev3 #38244
07-25 21:40:09.540   723  4812 D mtkcam-dev3-utils: [0-AppRequestUtil::createOneRequest] requestNumber[22]:StreamBuffer:0xb400007dbe8190e0 streamId:0 bufferId:2 buffer:0xb400007e2e80ef90 status:OK acquireFenceOp.hdl:0x7cde6082f0 releaseFenceOp.hdl:0x0 acquireFenceOp.fd:-1 releaseFenceOp.fd:-1 appBufferHandleHolder:0xb400007d8e85d7a8 freeByOthers:0 / 
07-25 21:40:09.540   723  5081 D MtkCam/HalSensorList: [querySecureState] Secure State is 0
07-25 21:40:09.540   723  4812 D mtkcam-HDRPolicyHelper: [getSeamlessSmoothResult][Cam::0]frameType[3] requestAETargetMode=0 requestExpNum=0
07-25 21:40:09.540   723  5028 I MtkCam/P1NodeImp: [setupAction] [Cam::0 R22 S22 E22 D19 O19 #1] [P1::ENQ][Num Q:22 M:22 F:20 R:20 @22][Type:1 Out:x85 Rec:x0 Raw:1 Cap:0 Exe:1 Flush:x0] [Exp:30003000ns] [MetaCtrl][SCALER_CROP(1) (0,0_2016x1512) ][SENSOR_CROP(0)][RESIZER_SET(0)]
07-25 21:40:09.540   723  5028 D NormalPipe: [acceptEnqRequest] MyEnq:0: dma:0x8 pa(0x7D00000)io(0_0_2016_1136_1920_1088) mag(0x16)|dma:0x6 pa(0x4F013C0)io(0_0_2016_1_2016_1) mag(0x16)|dma:0xf pa(0x9001600)io(0_0_256_1_256_1) mag(0x16)|dma:0xb pa(0xE200000)io(0_0_384_384_384_384) mag(0x16)|
07-25 21:40:09.540   723  4812 D MtkCam/ppl_context: [sendFrameToRootNodes] r22 frameNo:22 (X) -> 0x1 BUSY
07-25 21:40:09.542   723  5080 D af_mgr_v3: cmd-getFocusDistance Pos 400->440, Dis 3.466666->4.120000; fDist_Macro_rev 10.000000, fDist_Inf_rev 0.200000, fDAC_Macro 800.000000, fDAC_Inf 200.000000
07-25 21:40:09.543   723  5080 D AfAlgo  : down maxOffset=46 maxCompLevel=46, cutOffset=7, maxOffset=46 offset 0, level 4, cut offset 7, x/y/z/g=69/1041/-82/1046
07-25 21:40:09.543   723  5080 E AfAlgo  : Err:  6195: [AdpComp]Adaptive input error!! 
07-25 21:40:09.543   723  5080 E AfAlgo  : Err:  6279: [AdpComp]Adaptive input error
07-25 21:40:09.543   723  5080 E AfAlgo  : Err:  6279: [AdpComp]Adaptive input error
07-25 21:40:09.543   723  5080 D af_mgr_v3: #(   22,   20) MoveLensTo Dev(1) DAC(480)
07-25 21:40:09.543   723  5080 D LensDrv : [moveMCU] Dev(1) , ioctl - mcuIOC_T_MOVETO, error Operation not permitted
07-25 21:40:09.543   723  5080 D TaskAFNormal: [run] Cam 1 : Req(#22)/Stt(#20)/i4Opt(0)/FlashOnOff(0)
07-25 21:40:09.545   723  5053 D SecMgr  : [SecMgr_GetSecurePortStatus] + (0x0x0)module:0x0 dma port:rrzo
07-25 21:40:09.545   723  5053 D SecMgr  : [SecMgr_GetSecurePortStatus] (0x0)DMA port (0x1) is not supported
07-25 21:40:09.545   723  5053 D ifunc_cam_buf: [waitBufReady] [0x0]:, [0x7500000] waitbufready pass
07-25 21:40:09.545   723  5053 D ifunc_cam_buf: [dequeueHwBuf] [0x0]:BUF_CTRL_RRZO:(0xd_0x0),PA(0x7500000_0xBC00980),FH_VA(0x7F775C3980),size(0x3bc400),cur sof(0),
07-25 21:40:09.545   723  5053 D SecMgr  : [SecMgr_GetSecurePortStatus] + (0x0x0)module:0x0 dma port:imgo
07-25 21:40:09.545   723  5053 D SecMgr  : [SecMgr_GetSecurePortStatus] (0x0)DMA port (0x0) is not supported
07-25 21:40:09.546   723  5053 D SecMgr  : [SecMgr_GetSecurePortStatus] + (0x0x0)module:0x0 dma port:
07-25 21:40:09.546   723  5053 D SecMgr  : [SecMgr_GetSecurePortStatus] + (0x0x0)module:0x0 dma port:lcso
07-25 21:40:09.546   723  5053 D NormalPipe: [ispDequeThread] N:0_deq@SOF_22
07-25 21:40:09.546   723  5053 D SecMgr  : [SecMgr_GetSecurePortStatus] + (0x0x0)module:0x0 dma port:rrzo
07-25 21:40:09.546   723  5053 D SecMgr  : [SecMgr_GetSecurePortStatus] (0x0)DMA port (0x1) is not supported
07-25 21:40:09.546   723  5044 D NormalPipe: [deque] MyDeq:0: dma:0x6 pa(0x4F009E0) io(0_0_1_0_0_0_2016_1_2016_1) mag(0x14)|dma:0x8 pa(0x7500000) io(0_0_2016_1136_0_0_1920_1088_1920_1088) mag(0x14)|dma:0xb pa(0xDB00000) io(0_0_0_0_0_0_0_0_0_0) mag(0x14)|dma:0xf pa(0x9001400) io(0_0_0_0_0_0_0_0_0_0) mag(0x14)|
07-25 21:40:09.546   723  5044 W fsc_hal : [processResult]image_scale_output.image_scale == 0
07-25 21:40:09.546   723  5044 D fsc_hal : [processResult]P magic(20) dac(480) ET(30003) EIS(0), CB magic(20), factor(1.000000), sensor(2016,1136), RRZO: c(0,0,2016,1136) s(1920,1088) f(0.000000,0.000000,1920.000000,1088.000000),RSSO: s(0,0), f(0.000000,0.000000,0.000000,0.000000)
07-25 21:40:09.546   723  5044 D MtkCam/HalSensorList: [querySecureState] Secure State is 0
07-25 21:40:09.546   723  5044 D MtkCam/HalSensor: [destroyInstance] HalSensor destroyInstance count = 6, caller =MtkCam/P1NodeUtility
07-25 21:40:09.546   723  5044 D MtkCam/BaseHeap: [IonHeap::unlockBufLocked] Hal:Image:P1:Fullraw_main1:Size2016x1:Stride2520.0.0:Sn2@ still locked (2)
07-25 21:40:09.546   723  5044 I MtkCam/P1NodeImp: [releaseAction] [Cam::0 R22 S22 E22 D20 O19 #1] [P1::DEQ][Num Q:20 M:20 F:18 R:18 @20][Type:1 Out:x85 Rec:x0 Raw:1 Cap:0 Exe:3 Flush:x0] job(0/1) IMG(pure) RRZ0(0-0-2016x1136)(0-0-1920x1088)(1920x1088) T-ns(EXP: 30003000)(Src:0)(SOF: m_948215538000 b_948215532000)(SS: 948185535000) ExpExtend(0, 0)Q(Sen
07-25 21:40:09.547   723  5047 I MtkCam/P1NodeImp: [releaseFrame] [Cam::0 R22 S22 E22 D20 O20 #1] [P1::OUT][Num Q:20 M:20 F:18 R:18 @20][Type:1 Out:x85 Rec:x0 Raw:1 Cap:0 Exe:3 Flush:x0] [Release-0] [DispatchFrame]
07-25 21:40:09.547   723  5047 D MtkCam/ppl_context: [onDispatchFrame] r18 frameNo:18 0x1 -> 0x15 READY(1/1)
07-25 21:40:09.547   723  5047 D MtkCam/P2/MWFrameRequest: [printIOMap] P2S cam 0 MWFrame:#18 MWReq:#18, frame 19 : iomap: [0]=>img[2/1], meta[3/2], fps[29.65]
07-25 21:40:09.548   723  5062 D MtkCam/P2/StreamingProcessor: [makePayLoad] P2S cam 0 MWFrame:#18 MWReq:#18, frame 19-0 : masterID(0) #Requests(1) merged into #RequestsPacks(1), PendingPayload(1), p1Ts=0000948188035000
07-25 21:40:09.548   723  5062 D MtkCam/StreamingPipe/Data: [calNonLargeSrcCrop]sID(0), imgoIn(0), srcCrop(0,0,1920x1088), isSrcCrop(0), mP2Pack Valid(1), imgo(0x0),rrz(1920x1088)
07-25 21:40:09.548   723  5062 D MtkCam/StreamingPipe/Pipe: [prepareIORequest]P2S cam 0 MWFrame:#18 MWReq:#18, frame 19-19  master/slave/fd(0/-1/0) ReqNo(19), feature=0x8008(3DNR+FSC), cycle(33), fps(n/a)=(30/30), ZoomROI((1442.539673x1088.000000)@(238.730179,0.000000)) SFPIOMgr:[sID(0)--IMG(0x0/0),RRZ(0xb400007e0e8224b0/1),LCS(0xb400007e0e822ff0/1),LCSH(0x0/0),pRSS(0x0/0),cRSS(0x0/0),RSSR2(0x0/0),FYuv(0x0/0),RYuv1(0x0/0),RYuv2(0x0/0),mAIYuv(0x0/0),HalI(0xb400007dbe821340),AppI(0xb400007e2e834df8),AppDI(0xb400007dbe819bd0),AppOver(0x0)]{path(GEN),halO(0xb400007e2e82ccb0),appO(0xb400007e2e82e1b0),Outs--[buf(0xb400007e0e8182b0/1)(320x240),tran(0),type(1), tar(disp), prof(0), crop(238.730179,0.000000,1442.539673x1088.000000), flag(0x0)]Tuning--id(0)--[flag(5)]}
07-25 21:40:09.549   723  5060 D isp_mgr_sl2: DIP_X_SL2H_RZ is (SL2_VRZ_COM, SL2_HRZ_COM) = (2138, 2150), (i4RzWidth, i4Width) = (1920, 2016), (i4RzHeight, i4Height) = (1088, 1136)
07-25 21:40:09.549   723  5060 D isp_mgr_sl2: profile is 1, DIP_X_SL2H_RZ is (0x085a0866)
07-25 21:40:09.549   723  5060 D isp_mgr_nr3d: NR3D_EN(1), SL2E_EN(1), x,y,w,h(0,0,1920,1088), full x,y,w,h(0,0,1920,1088),vipi offst(0) w,h(1920,1088), R2C en(1) cnt(0,4,8,6)
07-25 21:40:09.549   723  5060 D MtkCam/StreamingPipe/P2ANode: [enqueFeatureStream] P2S cam 0 MWFrame:#18 MWReq:#18, frame 19-19 :sensor(0) Frame 19 enque start
07-25 21:40:09.550   723  5055 D Iop/p2HPEQNode: [doEnque] sDrvScen:0, CQIdx:0, dupCQIdx:0, burstQIdx:0, RingBufIndex:18,  mTuningData ptr:780333220
07-25 21:40:09.550   723  5055 D PostProcPipe: [PrintPipePortInfo] vInPorts:FN(18),RN(18),TS(0xc46937b8),UK(0xcc183a0),Sec(0),[0]:(0x2205),w(1920),h(1088),stride(3600,0,0),type(0),idx(19),dir(0),Size(0x003bc400,0x00000000,0x00000000),VA(0x7c87e8c000,0x0,0x0),PA(0x7500000,0x0,0x0),secPort(0),
07-25 21:40:09.550   723  5055 D PostProcPipe:                       vInPorts:FN(18),RN(18),TS(0xc46937b8),UK(0xcc183a0),Sec(0),[1]:(0x32315659),w(1920),h(1088),stride(1920,960,960),type(0),idx(22),dir(0),Size(0x001fe000,0x0007f800,0x0007f800),VA(0x7c8582f000,0x7c85a2d000,0x7c85aac800),PA(0xad00000,0xaefe000,0xaf7d800),secPort(0),
07-25 21:40:09.550   723  5055 D PostProcPipe:                       vInPorts:FN(18),RN(18),TS(0xc46937b8),UK(0xcc183a0),Sec(0),[2]:(0x2401),w(200),h(112),stride(768,0,0),type(0),idx(26),dir(0),Size(0x00048000,0x00000000,0x00000000),VA(0x7cd1047000,0x0,0x0),PA(0xdb00000,0x0,0x0),secPort(0)
07-25 21:40:09.550   723  5055 D PostProcPipe: [PrintPipePortInfo] vOutPorts:FN(18),RN(18),TS(0xc46937b8),UK(0xcc183a0),Sec(0),[0]:(0x32315659),w(1920),h(1088),stride(1920,960,960),type(0),idx(32),dir(1),Size(0x001fe000,0x0007f800,0x0007f800),VA(0x7c864cb000,0x7c866c9000,0x7c86748800),PA(0x9e00000,0x9ffe000,0xa07d800),secPort(0),
07-25 21:40:09.550   723  5055 D PostProcPipe:                       vOutPorts:FN(18),RN(18),TS(0xc46937b8),UK(0xcc183a0),Sec(0),[1]:(0x11),w(320),h(240),stride(320,320,0),type(0),idx(38),dir(1),Size(0x00012c00,0x00009600,0x00000000),VA(0x7f7732a000,0x7f7733cc00,0x0),PA(0xde00000,0xde12c00,0x0),secPort(0)
07-25 21:40:09.550   723  5055 D PostProcPipe: [configPipe] [Imgi][crop_1](x,f_x,y,f_y)=(0,0,0,0),(w,f_w,h,f_h)=(0,0,0,0),(tarW,tarH)=(0,0)-
07-25 21:40:09.550   723  5055 D PostProcPipe:                     [crop_2](x,f_x,y,f_y)=(238,765648,0,0),(w,f_w,h,f_h)=(1442,565888,1088,0),(tarW,tarH)=(320,240)-
07-25 21:40:09.550   723  5055 D PostProcPipe:                     [crop_3](x,f_x,y,f_y)=(0,0,0,0),(w,f_w,h,f_h)=(0,0,0,0),(tarW,tarH)=(0,0),dupCqIdx(0),[vipi]ofst(0),rW/H(1920/1088)
07-25 21:40:09.550   723  5055 D PostProcPipe: ,                    isDipOnly(0), hwmodule(9/0), dipCQ/dup/burst(0/0/0), drvSc(0), isWtf(1),tdr_tpipe(0),en_yuv/yuv2/rgb/dma/fmt_sel/ctl_sel/misc (0x11e07df8/0xf0/0x1400f9/0x20e0f1/0x30480409/0x16040/0x10), tcm(0xa/0x9fd8e1e3/0xe807b3c), last(1), CRZ_EN(0), img3o ofset(0,0),userName(),PIX_ID(3),ImgBuf_PIX_ID(3),tv_sec(1784986809),tv_usec(582951)
07-25 21:40:09.550   723  5055 D iio/ifunc_dip: [ConfigDipPipe] moduleIdx(0), pDipWBuf(0xce8276b0), m_pIspDescript_phy(0x916c000), m_pIspDescript_vir(0x8a6c1000), m_pIspVirRegAddr_pa(0x916d000), m_pIspVirRegAddr_va(0x8a6c2000)
07-25 21:40:09.550   723  5056 D iio/ifunc_dip: [enable] thiscq(0), frameflag(0x1), ring_index(18), ref_ringbufidx(17)
07-25 21:40:09.550   723  5056 D MdpMgr  : [updateDpStreamMap] refObjectCqIdx:0, refObjectRingBufIdx:1,cqIdx:0,ringIdx:18,refringbufidx:17
07-25 21:40:09.550   723  5056 D MdpMgr  : [selectDpIspStream] [selectDpIspStream] cqIdx(0/0/0/18_0/1),sceID(0)
07-25 21:40:09.550   723  5056 D MdpMgr  : [_startMdp] dstFmt(657,4982892)
07-25 21:40:09.551   723  5056 D MdpMgr  : [_startMdp] +sceID(0),cqPa(0x916c000)-Va(0x7c8a6c1000),tpipVa(0x7c8a164000)-Pa(0x9310000),isWaitB(1),cqIndx(0/0/0/18),venc(0),(va: 0x7c8a164000),        srcFt(0x2205),W(1920),H(1088),stride(3600,0),size(0x3bc400-0x0-0x0),VA(0x    ffff),PA(0x 7500000),plane(1),Stmtype(1)
07-25 21:40:09.551   723  5056 D MdpMgr  :         wdma_en(1),idx(0),cap(3),ft(17),rt(0),fp(0),(w,h,s)=(320,240,320),C(w,h,s)=(320,120,320),V(w,h,s)=(0,0,0),mdpidx(0),
07-25 21:40:09.551   723  5056 D MdpMgr  :         wrot_en(0),idx(1),cap(0),ft(0),rt(0),fp(0),(w,h,s)=(0,0,0),C(w,h,s)=(0,0,0),V(w,h,s)=(0,0,0),mdpidx(0),
07-25 21:40:09.551   723  5056 D MdpMgr  :         jpg_en(0),idx(2),cap(0),ft(0),rt(0),fp(0),(w,h,s)=(0,0,0),C(w,h,s)=(0,0,0),V(w,h,s)=(0,0,0),mdpidx(1),
07-25 21:40:09.551   723  5056 D MdpMgr  :         pipe_en(0),idx(3),cap(0),ft(0),rt(0),fp(0),(w,h,s)=(0,0,0),C(w,h,s)=(0,0,0),V(w,h,s)=(0,0,0),mdpidx(2),
07-25 21:40:09.551   723  5056 D MdpMgr  :         (va:0x7c8a164000,dstpa:0x9310000)
07-25 21:40:09.551   723  5056 D MdpMgr  : flag(0_0x1->0x1),startStm(653 us),WDPQ(0x       0),WRPQ(0x       0),tv_sec(1784986809),tv_usec(582951)
07-25 21:40:09.551   723  5056 D Iop/p2HPEQNode: [doMdpStart] frameUnit.idxofwaitDQFrmPackList (0x5e812e78_0_0_0, 0_0_1_0)
07-25 21:40:09.551   723  5057 D MdpMgr  : [selectDpIspStream] [selectDpIspStream] cqIdx(0/0/0/18_0/1),sceID(0)
07-25 21:40:09.553   531  2449 E [GrallocExtra-ERROR]: gralloc_extra_query:105 gralloc_extra_query with NULL handle: 0x0
07-25 21:40:09.553  2345  2403 D C2OMXNode: dhy...mOsdPos:,,mOsdText:
07-25 21:40:09.558   723  5057 D MdpMgr  : [_dequeueBuf] +,cqIndx(0/0/0/18),sceID(0),deqIndex(1),isWaitBuf(1),
07-25 21:40:09.558   723  5057 D MdpMgr  :         deqIndex(1), dequeTime(6626 us)
07-25 21:40:09.558   723  5057 D MdpMgr  : [selectDpIspStream] [selectDpIspStream] cqIdx(0/0/0/18_0/1),sceID(0)
07-25 21:40:09.558   723  5057 D MdpMgr  : [_dequeueBuf] +,cqIndx(0/0/0/18),sceID(0),deqIndex(0),isWaitBuf(1),
07-25 21:40:09.558   723  5057 D MdpMgr  :         deqIndex(0), dequeTime(21 us)
07-25 21:40:09.558   723  5057 D MdpMgr  : [selectDpIspStream] [selectDpIspStream] cqIdx(0/0/0/18_0/1),sceID(0)
07-25 21:40:09.558   723  5057 D MtkCam/StreamingPipe/P2ANode: [onDIPStreamBaseCB] P2S cam 0 MWFrame:#18 MWReq:#18, frame 19-19 :sensor(0) Frame 19 enque done in 8 ms, result = 1
07-25 21:40:09.558   723  5057 D Iop/p2HPDQNode: [doDeque] +,tag(2),idx(0),p2CQ(0/0/0/18),
07-25 21:40:09.558   723  5057 D Iop/p2HPDQNode:                          +,tag(1),idx(0),p2CQ(0/0),
07-25 21:40:09.558   723  5057 D Iop/p2HPDQNode:                          -,cb(146 us)
07-25 21:40:09.559   723  5061 D MtkCam/P2/MWFrame: [doRelease] P2S cam 0 MWFrame:#18 MWReq:#18, frame 19 : all streams(8), using(0), status: s0:d0:App:YCrCb_420_SP:0|HW_TEXTURE(1),Meta:App:Control(1),Hal:Image:P1:Resizeraw_main1(1),Hal:Image:STT_main1(1),Hal:Meta:P1:Dynamic_main1(1),Hal:Meta:P2:Dynamic(1),App:Meta:DynamicP1_main1(1),App:Meta:DynamicP2(1),
07-25 21:40:09.559   723  5025 D mtkcam-AppStreamMgr: [0-FrameHandler::updateResult] requestNo 18, real time:0, last partial:1
07-25 21:40:09.559   723  5025 D ULog    : R AppRequest:18 M[CameraDevice:187001] -  :mtkcam-AppStreamMgr #38245
07-25 21:40:09.559   723  5061 D mtkcam-pipeline: [onLastStrongRef] [ requestNo:18 frameNo:18 ] frame end
07-25 21:40:09.559   723  5061 D MtkCam/StreamingPipe/Timer: [print]Frame timer [#   19/   0][t  10][io   0][tof  0/  0][d  0/  0][mss  0/  0/  0/  0][a  8/  0/  8][tun  0/  0][msf  0/  0][vnr  0/  0/  0][am  0][b  0/  0][tpi(  0/  0)/(  0/  0)/(  0/  0)][vmdp_A  0/  0 vmdp_B  0/  0][h  0/  0/  0][e  0][r  0/  0][w_A  0/  0/  0/  0 w_B  0/  0/  0/  0][x  0][disp  0/  0][async  0/  0][p2sm  0/  0/  0][fps29.75/29.75/ 30/ 30]
07-25 21:40:09.571   723  5028 D HwIRQ3A : [wait] VSIrq
07-25 21:40:09.571   723  5052 D NormalPipe: [enqueRequest] +N:0 CurSof:23 enqCnt:21 cqCnt(p/v):21/21 FrameStatus(2)
07-25 21:40:09.571   723  5052 D NormalPipe: [configEnquePath] N:0 configFrame event:1 multiSenNum:2 occupy:0 status:1(2) fsm:0 depth:0
07-25 21:40:09.571   723  5052 D NormalPipe: [dmaCfg] N:0 dma:x8 cmd:0x101a, crop:(0,0,2016,1136), outsize:(1920,1088)
07-25 21:40:09.571   723  5052 D NormalPipe: [dmaCfg] N:0 dma:x6 cmd:0x101c, crop:(0,0,2016,1), outsize:(2016,1)
07-25 21:40:09.571   723  5028 I MtkCam/P1NodeImp: [setRequest] [Cam::0 R23 S23 E22 D20 O20 #0] [P1::SET][Num Q:23 M:23 F:21 R:21 @0][Type:1 Out:x85 Rec:x0 Raw:1 Cap:0 Exe:1 Flush:x0] Num[23] Ctrl[1]=[ 23 ]
07-25 21:40:09.571   723  4812 E camiopipe: [vendor/mediatek/proprietary/hardware/mtkcam/drv/src/isp/mt6768/imageio/pipe/CamIOPipe/CamIOPipe.cpp, sendCommand, line3805] ERROR: [0x0]:NOT support command! (sendCommand){#3805:vendor/mediatek/proprietary/hardware/mtkcam/drv/src/isp/mt6768/imageio/pipe/CamIOPipe/CamIOPipe.cpp}
07-25 21:40:09.571   723  4812 E camiopipe: [vendor/mediatek/proprietary/hardware/mtkcam/drv/src/isp/mt6768/imageio/pipe/CamIOPipe/CamIOPipe.cpp, sendCommand, line3812] ERROR: [0x0]:sendCommand(0x1500) error! (sendCommand){#3812:vendor/mediatek/proprietary/hardware/mtkcam/drv/src/isp/mt6768/imageio/pipe/CamIOPipe/CamIOPipe.cpp}
07-25 21:40:09.571   723  5028 D aao_buf_mgr: [updateInfo] mMagicNumber(20), i4SubsampleCount(1)
07-25 21:40:09.571   723  4812 E NormalPipe: [vendor/mediatek/proprietary/hardware/mtkcam/drv/src/isp/mt6768/iopipe/CamIO/NormalPipe.cpp, sendCommand, line3773] ERROR: error: sendCommand fail: (cmd,arg1,arg2,arg3)=(0x00001500,0x7C9EA4FF40,0x7C9EA4FF44,0xB400007ECE8174BC) (sendCommand){#3773:vendor/mediatek/proprietary/hardware/mtkcam/drv/src/isp/mt6768/iopipe/CamIO/NormalPipe.cpp}
07-25 21:40:09.571   723  4812 D Hal3Av3 : [parseMeta] Return to AP AE_REGIONS L(0) T(0) R(0) B(0) W(0)
07-25 21:40:09.571   723  4812 D Hal3Av3 : [parseMeta] Return to AP AF_REGIONS L(0) T(0) R(0) B(0) W(0)
07-25 21:40:09.571   723  4812 D Hal3Av3 : [parseMeta] Return to AP AWB_REGIONS L(0) T(0) R(0) B(0) W(0)
07-25 21:40:09.571   723  5052 D ifunc_cam_tuning: [update] [0x0]:CAM_TUNING_CTRL - EN:0x100e02e0 DMA:0x808001e8
07-25 21:40:09.572   723  4812 D Hal3Av3 : [parseMeta] MTK_SENSOR_TEST_PATTERN_DATA(0, 0, 0, 0)
07-25 21:40:09.572   723  5052 D LMVDrv  : [GetLMVStatusAndUpdate]Suspicous clear, driver may drop frame and now in new pipeline: magicNum(22)=bypass(0)
07-25 21:40:09.572   723  5052 W LMVDrv  : [GetLMVStatusAndUpdate]Cannot find magicNum(0) in queue(0)
07-25 21:40:09.572   723  4812 I MtkCam/P1NodeImp: [runQueue] [Cam::0 R23 S23 E22 D20 O20 #1] [P1::REQ][Num Q:24 M:0 F:22 R:22 @0][Type:1 Out:x85 Rec:x0 Raw:1 Cap:0 Exe:1 Flush:x0] [META ze:0 ci:3 rt:-1 tn:-1 qc:-1 fi:-1 fr:-1] [New-Request][0] [0] [IMGO:1 (-1,-1)] [Gp:255/0] IOmap-Img[1]=<0_I[0]{}_O[2]{0x100000003,0x100000004}>-Meta[1]=<0_I[2]{0x80000000,0x100000018}_O[2]{0x10000001b,0x100000024}> CfgStream-Img[OutIMG:0x100000001(0),OutRRZ:0x100000003(1),OutLCS:0x100000004(1)]-Meta[InAPP:0x80000000(1),InHAL:0x100000018(1),OutAPP:0x100000024(1),OutHAL:0x10000001b(1)]  | [PreSet][Key:24] Num(0) Dummy(0) MetaCnt[APP:66,HAL:17] | [Rev:0] depth(1) burst(1) Que[1]
07-25 21:40:09.572   723  4812 D MtkCam/ppl_context: [sendFrameToRootNodes] r22 frameNo:22 (X) -> 0x1 success; erase record
07-25 21:40:09.572   723  5052 D camiopipe: [sendCommand] [0x0]:[2]P1_UPDATE_CHECK CTL_EN(0x11bebee3) +[0_0]:0x11bebee3 [1_0]:0x11bebee3 [2_0]:0x11bebee3 -[0_0]:0x11bebee3 [1_0]:0x11bebee3 [2_0]:0x11bebee3 
07-25 21:40:09.572   723  5052 D NormalPipe: [frameToEnque] - sof(23)
07-25 21:40:09.572   723  5052 D NormalPipe: [enqueRequest] -
07-25 21:40:09.572   723  5028 D AeFlowDefault: [monitorAndReschedule:Perframe AE] Calc:1 Apply:1 Magic:20 AEMonitorStable:1 VdCnt:0 u4CwvYcur:0 u4CwvYpre:0 
07-25 21:40:09.572   723  5028 D ae_mgr  : [updateAEInfo2ISP] State:0 VDNum:0 Shutter:30003 Gain:9040 1024 750 Flare offset:0 512 FrameDuration:33350000 DisableOBC:0 ExpRatio:100 eAEMode:1 eAEstate:2 CurrentidxF:113
07-25 21:40:09.572   723  5081 D MtkCam/HalSensorList: [querySecureState] Secure State is 0
07-25 21:40:09.572   723  5028 D awb_mgr : [setIspAwbInfo()] m_eSensorDev: 1, awb_gain: 988/512/819, PreGain1: 512/512/512, RPG: 988/512/819, PGN: 988/512/819, bAWBLock: 0 (m_bAWBLock:0, m_u4AWBMode:1)
07-25 21:40:09.573   723  5028 D Task3APv: [run] getSensorParams: m_u4PreRealISO(750), u4RealISO(750), m_preAwbGain(988, 512, 819), rAwbInfo.gain(988, 512, 819)
07-25 21:40:09.573   723  5028 D isp_tuning_custom: [evaluate_Shading_Ratio] sensorid(1379), preSensorId(1379), eSensorMode(2), preSensorMode(2), isSensorOrModeSwitch(0), isInit(0)
07-25 21:40:09.573   723  5028 D isp_tuning_custom: [iso_smooth][ISO smooth enabled][ISO idx(3328)]avgISO = 750.
07-25 21:40:09.573   723  5028 D isp_tuning_custom: [RA_smooth][RA smooth][frm idx(3328)] rto for iso(21), prev_rto(21),RA_incremental_step(2), smoothed ratio(21)
07-25 21:40:09.573   723  5028 D paramctrl_per_frame: put ratio with m_eSensorDev(1), i4Rto(21)
07-25 21:40:09.573   723  5028 D paramctrl_per_frame: [updateLscInfo] (flash, iso, rto)=(0, 750, 21), auto(1), lock(0,0,0), dyn(1), op(0), PreCapFlashIsLockRto(0), fgForceUnlock(0)
07-25 21:40:09.573   723  4812 D ULog    : R AppRequest:23 M[CameraDevice:187001] +  :mtkcam-dev3 #38246
07-25 21:40:09.573   723  5028 D Task3APv: [run] Cam 1 : Req(#23)/Stt(#20)/i4Opt(0)/FlashOnOff(0) Lv(8)/ISO(750)/RGB(988,512,819) AFisLockAE(1) isLVChangeTooMuch(0) m_i4FrameCount(21) m_i4TsfFrameCount(22)
07-25 21:40:09.573   723  4812 D mtkcam-dev3-utils: [0-AppRequestUtil::createOneRequest] requestNumber[23]:StreamBuffer:0xb400007dbe8190e0 streamId:0 bufferId:3 buffer:0xb400007e2e83efd0 status:OK acquireFenceOp.hdl:0x7cde6082f0 releaseFenceOp.hdl:0x0 acquireFenceOp.fd:-1 releaseFenceOp.fd:-1 appBufferHandleHolder:0xb400007d8e83c4a8 freeByOthers:0 / 
07-25 21:40:09.573   723  5028 W TuningMgr: TuningMgr[updateEngine] WARNING: [temp log] AF enable(1_0x100e02e0_0x808001e8)
07-25 21:40:09.573   723  5028 D TuningMgr: TuningMgr[enqueBuffer] magicNum(0x17)
07-25 21:40:09.573   723  4812 D mtkcam-HDRPolicyHelper: [getSeamlessSmoothResult][Cam::0]frameType[3] requestAETargetMode=0 requestExpNum=0
07-25 21:40:09.574   723  5081 D MtkCam/HalSensorList: [querySecureState] Secure State is 0
07-25 21:40:09.574   723  4812 D MtkCam/ppl_context: [sendFrameToRootNodes] r23 frameNo:23 (X) -> 0x1 BUSY
07-25 21:40:09.574   723  5028 I MtkCam/P1NodeImp: [setupAction] [Cam::0 R23 S23 E23 D20 O20 #1] [P1::ENQ][Num Q:23 M:23 F:21 R:21 @23][Type:1 Out:x85 Rec:x0 Raw:1 Cap:0 Exe:1 Flush:x0] [Exp:30003000ns] [MetaCtrl][SCALER_CROP(1) (0,0_2016x1512) ][SENSOR_CROP(0)][RESIZER_SET(0)]
07-25 21:40:09.574   723  5028 D NormalPipe: [acceptEnqRequest] MyEnq:0: dma:0x8 pa(0x8100000)io(0_0_2016_1136_1920_1088) mag(0x17)|dma:0x6 pa(0x4F009E0)io(0_0_2016_1_2016_1) mag(0x17)|dma:0xf pa(0x9001700)io(0_0_256_1_256_1) mag(0x17)|dma:0xb pa(0xE400000)io(0_0_384_384_384_384) mag(0x17)|
07-25 21:40:09.576   723  5080 D af_mgr_v3: cmd-getFocusDistance Pos 440->480, Dis 4.120000->4.773333; fDist_Macro_rev 10.000000, fDist_Inf_rev 0.200000, fDAC_Macro 800.000000, fDAC_Inf 200.000000
07-25 21:40:09.576   723  5080 D AfAlgo  : down maxOffset=46 maxCompLevel=46, cutOffset=7, maxOffset=46 offset 0, level 4, cut offset 7, x/y/z/g=70/1041/-82/1046
07-25 21:40:09.576   723  5080 E AfAlgo  : Err:  6195: [AdpComp]Adaptive input error!! 
07-25 21:40:09.576   723  5080 E AfAlgo  : Err:  6279: [AdpComp]Adaptive input error
07-25 21:40:09.577   723  5080 E AfAlgo  : Err:  6279: [AdpComp]Adaptive input error
07-25 21:40:09.577   723  5080 D af_mgr_v3: #(   23,   21) MoveLensTo Dev(1) DAC(520)
07-25 21:40:09.577   723  5080 D LensDrv : [moveMCU] Dev(1) , ioctl - mcuIOC_T_MOVETO, error Operation not permitted
07-25 21:40:09.577   723  5080 D TaskAFNormal: [run] Cam 1 : Req(#23)/Stt(#21)/i4Opt(0)/FlashOnOff(0)
07-25 21:40:09.579   723  5053 D SecMgr  : [SecMgr_GetSecurePortStatus] + (0x0x0)module:0x0 dma port:rrzo
07-25 21:40:09.579   723  5053 D SecMgr  : [SecMgr_GetSecurePortStatus] (0x0)DMA port (0x1) is not supported
07-25 21:40:09.579   723  5053 D ifunc_cam_buf: [waitBufReady] [0x0]:, [0x7900000] waitbufready pass
07-25 21:40:09.579   723  5053 D ifunc_cam_buf: [dequeueHwBuf] [0x0]:BUF_CTRL_RRZO:(0xd_0x0),PA(0x7900000_0xBC00A00),FH_VA(0x7F775C3A00),size(0x3bc400),cur sof(0),
07-25 21:40:09.579   723  5053 D SecMgr  : [SecMgr_GetSecurePortStatus] + (0x0x0)module:0x0 dma port:imgo
07-25 21:40:09.579   723  5053 D SecMgr  : [SecMgr_GetSecurePortStatus] (0x0)DMA port (0x0) is not supported
07-25 21:40:09.579   723  5053 D SecMgr  : [SecMgr_GetSecurePortStatus] + (0x0x0)module:0x0 dma port:
07-25 21:40:09.579   723  5053 D SecMgr  : [SecMgr_GetSecurePortStatus] + (0x0x0)module:0x0 dma port:lcso
07-25 21:40:09.579   723  5053 D NormalPipe: [ispDequeThread] N:0_deq@SOF_23
07-25 21:40:09.579   723  5053 D SecMgr  : [SecMgr_GetSecurePortStatus] + (0x0x0)module:0x0 dma port:rrzo
07-25 21:40:09.579   723  5053 D SecMgr  : [SecMgr_GetSecurePortStatus] (0x0)DMA port (0x1) is not supported
07-25 21:40:09.580   723  5044 D NormalPipe: [deque] MyDeq:0: dma:0x6 pa(0x4F00000) io(0_0_1_0_0_0_2016_1_2016_1) mag(0x15)|dma:0x8 pa(0x7900000) io(0_0_2016_1136_0_0_1920_1088_1920_1088) mag(0x15)|dma:0xb pa(0xE000000) io(0_0_0_0_0_0_0_0_0_0) mag(0x15)|dma:0xf pa(0x9001500) io(0_0_0_0_0_0_0_0_0_0) mag(0x15)|
07-25 21:40:09.580   723  5044 W fsc_hal : [processResult]image_scale_output.image_scale == 0
07-25 21:40:09.580   723  5044 D fsc_hal : [processResult]P magic(21) dac(520) ET(30003) EIS(0), CB magic(21), factor(1.000000), sensor(2016,1136), RRZO: c(0,0,2016,1136) s(1920,1088) f(0.000000,0.000000,1920.000000,1088.000000),RSSO: s(0,0), f(0.000000,0.000000,0.000000,0.000000)
07-25 21:40:09.580   723  5044 D MtkCam/HalSensorList: [querySecureState] Secure State is 0
07-25 21:40:09.580   723  5044 D MtkCam/HalSensor: [destroyInstance] HalSensor destroyInstance count = 6, caller =MtkCam/P1NodeUtility
07-25 21:40:09.580   723  5044 D MtkCam/BaseHeap: [IonHeap::unlockBufLocked] Hal:Image:P1:Fullraw_main1:Size2016x1:Stride2520.0.0:Sn1@ still locked (2)
07-25 21:40:09.580   723  5044 I MtkCam/P1NodeImp: [releaseAction] [Cam::0 R23 S23 E23 D21 O20 #1] [P1::DEQ][Num Q:21 M:21 F:19 R:19 @21][Type:1 Out:x85 Rec:x0 Raw:1 Cap:0 Exe:3 Flush:x0] job(0/1) IMG(pure) RRZ0(0-0-2016x1136)(0-0-1920x1088)(1920x1088) T-ns(EXP: 30003000)(Src:0)(SOF: m_948249316000 b_948249310000)(SS: 948219313000) ExpExtend(0, 0)Q(Sen
07-25 21:40:09.580   723  5047 I MtkCam/P1NodeImp: [releaseFrame] [Cam::0 R23 S23 E23 D21 O21 #1] [P1::OUT][Num Q:21 M:21 F:19 R:19 @21][Type:1 Out:x85 Rec:x0 Raw:1 Cap:0 Exe:3 Flush:x0] [Release-0] [DispatchFrame]
07-25 21:40:09.580   723  5047 D MtkCam/ppl_context: [onDispatchFrame] r19 frameNo:19 0x1 -> 0x15 READY(1/1)
07-25 21:40:09.581   723  5047 D MtkCam/P2/MWFrameRequest: [printIOMap] P2S cam 0 MWFrame:#19 MWReq:#19, frame 20 : iomap: [0]=>img[2/1], meta[3/2], fps[29.64]
07-25 21:40:09.582   723  5062 D MtkCam/P2/StreamingProcessor: [makePayLoad] P2S cam 0 MWFrame:#19 MWReq:#19, frame 20-0 : masterID(0) #Requests(1) merged into #RequestsPacks(1), PendingPayload(1), p1Ts=0000948221813000
07-25 21:40:09.582   723  5062 D MtkCam/StreamingPipe/Data: [calNonLargeSrcCrop]sID(0), imgoIn(0), srcCrop(0,0,1920x1088), isSrcCrop(0), mP2Pack Valid(1), imgo(0x0),rrz(1920x1088)
07-25 21:40:09.582   723  5062 D MtkCam/StreamingPipe/Pipe: [prepareIORequest]P2S cam 0 MWFrame:#19 MWReq:#19, frame 20-20  master/slave/fd(0/-1/0) ReqNo(20), feature=0x8008(3DNR+FSC), cycle(33), fps(n/a)=(30/30), ZoomROI((1442.539673x1088.000000)@(238.730179,0.000000)) SFPIOMgr:[sID(0)--IMG(0x0/0),RRZ(0xb400007e0e821610/1),LCS(0xb400007e0e82fef0/1),LCSH(0x0/0),pRSS(0x0/0),cRSS(0x0/0),RSSR2(0x0/0),FYuv(0x0/0),RYuv1(0x0/0),RYuv2(0x0/0),mAIYuv(0x0/0),HalI(0xb400007dbe81af10),AppI(0xb400007e2e82da78),AppDI(0xb400007dbe813dc0),AppOver(0x0)]{path(GEN),halO(0xb400007e2e818ff0),appO(0xb400007e2e828db0),Outs--[buf(0xb400007e0e8182b0/1)(320x240),tran(0),type(1), tar(disp), prof(0), crop(238.730179,0.000000,1442.539673x1088.000000), flag(0x0)]Tuning--id(0)--[flag(5)]}
07-25 21:40:09.583   723  5060 D isp_mgr_sl2: DIP_X_SL2H_RZ is (SL2_VRZ_COM, SL2_HRZ_COM) = (2138, 2150), (i4RzWidth, i4Width) = (1920, 2016), (i4RzHeight, i4Height) = (1088, 1136)
07-25 21:40:09.583   723  5060 D isp_mgr_sl2: profile is 1, DIP_X_SL2H_RZ is (0x085a0866)
07-25 21:40:09.583   723  5060 D isp_mgr_nr3d: NR3D_EN(1), SL2E_EN(1), x,y,w,h(0,0,1920,1088), full x,y,w,h(0,0,1920,1088),vipi offst(0) w,h(1920,1088), R2C en(1) cnt(1,5,9,7)
07-25 21:40:09.583   723  5060 D MtkCam/StreamingPipe/P2ANode: [enqueFeatureStream] P2S cam 0 MWFrame:#19 MWReq:#19, frame 20-20 :sensor(0) Frame 20 enque start
07-25 21:40:09.583   723  5055 D Iop/p2HPEQNode: [doEnque] sDrvScen:0, CQIdx:0, dupCQIdx:1, burstQIdx:0, RingBufIndex:19,  mTuningData ptr:780771492
07-25 21:40:09.583   723  5055 D PostProcPipe: [PrintPipePortInfo] vInPorts:FN(19),RN(19),TS(0xc66ca108),UK(0xcc183a0),Sec(0),[0]:(0x2205),w(1920),h(1088),stride(3600,0,0),type(0),idx(19),dir(0),Size(0x003bc400,0x00000000,0x00000000),VA(0x7c87acf000,0x0,0x0),PA(0x7900000,0x0,0x0),secPort(0),
07-25 21:40:09.583   723  5055 D PostProcPipe:                       vInPorts:FN(19),RN(19),TS(0xc66ca108),UK(0xcc183a0),Sec(0),[1]:(0x32315659),w(1920),h(1088),stride(1920,960,960),type(0),idx(22),dir(0),Size(0x001fe000,0x0007f800,0x0007f800),VA(0x7c864cb000,0x7c866c9000,0x7c86748800),PA(0x9e00000,0x9ffe000,0xa07d800),secPort(0),
07-25 21:40:09.583   723  5055 D PostProcPipe:                       vInPorts:FN(19),RN(19),TS(0xc66ca108),UK(0xcc183a0),Sec(0),[2]:(0x2401),w(200),h(112),stride(768,0,0),type(0),idx(26),dir(0),Size(0x00048000,0x00000000,0x00000000),VA(0x7cd0e61000,0x0,0x0),PA(0xe000000,0x0,0x0),secPort(0)
07-25 21:40:09.583   723  5055 D PostProcPipe: [PrintPipePortInfo] vOutPorts:FN(19),RN(19),TS(0xc66ca108),UK(0xcc183a0),Sec(0),[0]:(0x32315659),w(1920),h(1088),stride(1920,960,960),type(0),idx(32),dir(1),Size(0x001fe000,0x0007f800,0x0007f800),VA(0x7c861cd000,0x7c863cb000,0x7c8644a800),PA(0xa100000,0xa2fe000,0xa37d800),secPort(0),
07-25 21:40:09.583   723  5055 D PostProcPipe:                       vOutPorts:FN(19),RN(19),TS(0xc66ca108),UK(0xcc183a0),Sec(0),[1]:(0x11),w(320),h(240),stride(320,320,0),type(0),idx(38),dir(1),Size(0x00012c00,0x00009600,0x00000000),VA(0x7f7717b000,0x7f7718dc00,0x0),PA(0xe100000,0xe112c00,0x0),secPort(0)
07-25 21:40:09.583   723  5055 D PostProcPipe: [configPipe] [Imgi][crop_1](x,f_x,y,f_y)=(0,0,0,0),(w,f_w,h,f_h)=(0,0,0,0),(tarW,tarH)=(0,0)-
07-25 21:40:09.583   723  5055 D PostProcPipe:                     [crop_2](x,f_x,y,f_y)=(238,765648,0,0),(w,f_w,h,f_h)=(1442,565888,1088,0),(tarW,tarH)=(320,240)-
07-25 21:40:09.583   723  5055 D PostProcPipe:                     [crop_3](x,f_x,y,f_y)=(0,0,0,0),(w,f_w,h,f_h)=(0,0,0,0),(tarW,tarH)=(0,0),dupCqIdx(1),[vipi]ofst(0),rW/H(1920/1088)
07-25 21:40:09.583   723  5055 D PostProcPipe: ,                    isDipOnly(0), hwmodule(9/0), dipCQ/dup/burst(0/1/0), drvSc(0), isWtf(1),tdr_tpipe(0),en_yuv/yuv2/rgb/dma/fmt_sel/ctl_sel/misc (0x11e07df8/0xf0/0x1400f9/0x20e0f1/0x30480409/0x16040/0x10), tcm(0xa/0x9fd8e1e3/0xe807b3c), last(1), CRZ_EN(0), img3o ofset(0,0),userName(),PIX_ID(3),ImgBuf_PIX_ID(3),tv_sec(1784986809),tv_usec(616650)
07-25 21:40:09.583   723  5055 D iio/ifunc_dip: [ConfigDipPipe] moduleIdx(0), pDipWBuf(0xce827708), m_pIspDescript_phy(0x9172000), m_pIspDescript_vir(0x8a6c7000), m_pIspVirRegAddr_pa(0x9173000), m_pIspVirRegAddr_va(0x8a6c8000)
07-25 21:40:09.584   723  5056 D iio/ifunc_dip: [enable] thiscq(0), frameflag(0x1), ring_index(19), ref_ringbufidx(18)
07-25 21:40:09.584   723  5056 D MdpMgr  : [updateDpStreamMap] refObjectCqIdx:0, refObjectRingBufIdx:1,cqIdx:0,ringIdx:19,refringbufidx:18
07-25 21:40:09.584   723  5056 D MdpMgr  : [selectDpIspStream] [selectDpIspStream] cqIdx(0/1/0/19_0/1),sceID(0)
07-25 21:40:09.584   723  5056 D MdpMgr  : [_startMdp] dstFmt(657,4982892)
07-25 21:40:09.584   723  5056 D MdpMgr  : [_startMdp] +sceID(0),cqPa(0x9172000)-Va(0x7c8a6c7000),tpipVa(0x7c8a164000)-Pa(0x9310000),isWaitB(1),cqIndx(0/1/0/19),venc(0),(va: 0x7c8a164000),        srcFt(0x2205),W(1920),H(1088),stride(3600,0),size(0x3bc400-0x0-0x0),VA(0x    ffff),PA(0x 7900000),plane(1),Stmtype(1)
07-25 21:40:09.584   723  5056 D MdpMgr  :         wdma_en(1),idx(0),cap(3),ft(17),rt(0),fp(0),(w,h,s)=(320,240,320),C(w,h,s)=(320,120,320),V(w,h,s)=(0,0,0),mdpidx(0),
07-25 21:40:09.584   723  5056 D MdpMgr  :         wrot_en(0),idx(1),cap(0),ft(0),rt(0),fp(0),(w,h,s)=(0,0,0),C(w,h,s)=(0,0,0),V(w,h,s)=(0,0,0),mdpidx(0),
07-25 21:40:09.584   723  5056 D MdpMgr  :         jpg_en(0),idx(2),cap(0),ft(0),rt(0),fp(0),(w,h,s)=(0,0,0),C(w,h,s)=(0,0,0),V(w,h,s)=(0,0,0),mdpidx(1),
07-25 21:40:09.584   723  5056 D MdpMgr  :         pipe_en(0),idx(3),cap(0),ft(0),rt(0),fp(0),(w,h,s)=(0,0,0),C(w,h,s)=(0,0,0),V(w,h,s)=(0,0,0),mdpidx(2),
07-25 21:40:09.584   723  5056 D MdpMgr  :         (va:0x7c8a164000,dstpa:0x9310000)
07-25 21:40:09.584   723  5056 D MdpMgr  : flag(0_0x1->0x1),startStm(495 us),WDPQ(0x       0),WRPQ(0x       0),tv_sec(1784986809),tv_usec(616650)
07-25 21:40:09.584   723  5056 D Iop/p2HPEQNode: [doMdpStart] frameUnit.idxofwaitDQFrmPackList (0x5e812e78_0_0_1, 0_0_1_0)
07-25 21:40:09.584   723  5057 D MdpMgr  : [selectDpIspStream] [selectDpIspStream] cqIdx(0/1/0/19_0/1),sceID(0)
07-25 21:40:09.587   531  2449 E [GrallocExtra-ERROR]: gralloc_extra_query:105 gralloc_extra_query with NULL handle: 0x0
07-25 21:40:09.587  2345  2403 D C2OMXNode: dhy...mOsdPos:,,mOsdText:
07-25 21:40:09.591   723  5057 D MdpMgr  : [_dequeueBuf] +,cqIndx(0/1/0/19),sceID(0),deqIndex(1),isWaitBuf(1),
07-25 21:40:09.591   723  5057 D MdpMgr  :         deqIndex(1), dequeTime(6696 us)
07-25 21:40:09.591   723  5057 D MdpMgr  : [selectDpIspStream] [selectDpIspStream] cqIdx(0/1/0/19_0/1),sceID(0)
07-25 21:40:09.591   723  5057 D MdpMgr  : [_dequeueBuf] +,cqIndx(0/1/0/19),sceID(0),deqIndex(0),isWaitBuf(1),
07-25 21:40:09.591   723  5057 D MdpMgr  :         deqIndex(0), dequeTime(20 us)
07-25 21:40:09.591   723  5057 D MdpMgr  : [selectDpIspStream] [selectDpIspStream] cqIdx(0/1/0/19_0/1),sceID(0)
07-25 21:40:09.591   723  5057 D MtkCam/StreamingPipe/P2ANode: [onDIPStreamBaseCB] P2S cam 0 MWFrame:#19 MWReq:#19, frame 20-20 :sensor(0) Frame 20 enque done in 8 ms, result = 1
07-25 21:40:09.592   723  5057 D Iop/p2HPDQNode: [doDeque] +,tag(2),idx(0),p2CQ(0/1/0/19),
07-25 21:40:09.592   723  5057 D Iop/p2HPDQNode:                          +,tag(1),idx(0),p2CQ(0/1),
07-25 21:40:09.592   723  5057 D Iop/p2HPDQNode:                          -,cb(158 us)
07-25 21:40:09.592   723  5061 D MtkCam/P2/MWFrame: [doRelease] P2S cam 0 MWFrame:#19 MWReq:#19, frame 20 : all streams(8), using(0), status: s0:d0:App:YCrCb_420_SP:0|HW_TEXTURE(1),Meta:App:Control(1),Hal:Image:P1:Resizeraw_main1(1),Hal:Image:STT_main1(1),Hal:Meta:P1:Dynamic_main1(1),Hal:Meta:P2:Dynamic(1),App:Meta:DynamicP1_main1(1),App:Meta:DynamicP2(1),
07-25 21:40:09.592   723  5025 D mtkcam-AppStreamMgr: [0-FrameHandler::updateResult] requestNo 19, real time:0, last partial:1
07-25 21:40:09.592   723  5025 D ULog    : R AppRequest:19 M[CameraDevice:187001] -  :mtkcam-AppStreamMgr #38247
07-25 21:40:09.592   723  5061 D mtkcam-pipeline: [onLastStrongRef] [ requestNo:19 frameNo:19 ] frame end
07-25 21:40:09.592   723  5061 D MtkCam/StreamingPipe/Timer: [print]Frame timer [#   20/   0][t   9][io   0][tof  0/  0][d  0/  0][mss  0/  0/  0/  0][a  9/  0/  8][tun  0/  0][msf  0/  0][vnr  0/  0/  0][am  0][b  0/  0][tpi(  0/  0)/(  0/  0)/(  0/  0)][vmdp_A  0/  0 vmdp_B  0/  0][h  0/  0/  0][e  0][r  0/  0][w_A  0/  0/  0/  0 w_B  0/  0/  0/  0][x  0][disp  0/  0][async  0/  0][p2sm  0/  0/  0][fps29.73/29.73/ 30/ 30]
07-25 21:40:09.605   723  5028 D HwIRQ3A : [wait] VSIrq
07-25 21:40:09.605   723  5052 D NormalPipe: [enqueRequest] +N:0 CurSof:24 enqCnt:22 cqCnt(p/v):22/22 FrameStatus(2)
07-25 21:40:09.605   723  5052 D NormalPipe: [configEnquePath] N:0 configFrame event:1 multiSenNum:2 occupy:0 status:1(2) fsm:0 depth:0
07-25 21:40:09.605   723  5052 D NormalPipe: [dmaCfg] N:0 dma:x8 cmd:0x101a, crop:(0,0,2016,1136), outsize:(1920,1088)
07-25 21:40:09.605   723  5028 I MtkCam/P1NodeImp: [setRequest] [Cam::0 R24 S24 E23 D21 O21 #0] [P1::SET][Num Q:24 M:24 F:22 R:22 @0][Type:1 Out:x85 Rec:x0 Raw:1 Cap:0 Exe:1 Flush:x0] Num[24] Ctrl[1]=[ 24 ]
07-25 21:40:09.605   723  5052 D NormalPipe: [dmaCfg] N:0 dma:x6 cmd:0x101c, crop:(0,0,2016,1), outsize:(2016,1)
07-25 21:40:09.605   723  4812 E camiopipe: [vendor/mediatek/proprietary/hardware/mtkcam/drv/src/isp/mt6768/imageio/pipe/CamIOPipe/CamIOPipe.cpp, sendCommand, line3805] ERROR: [0x0]:NOT support command! (sendCommand){#3805:vendor/mediatek/proprietary/hardware/mtkcam/drv/src/isp/mt6768/imageio/pipe/CamIOPipe/CamIOPipe.cpp}
07-25 21:40:09.605   723  4812 E camiopipe: [vendor/mediatek/proprietary/hardware/mtkcam/drv/src/isp/mt6768/imageio/pipe/CamIOPipe/CamIOPipe.cpp, sendCommand, line3812] ERROR: [0x0]:sendCommand(0x1500) error! (sendCommand){#3812:vendor/mediatek/proprietary/hardware/mtkcam/drv/src/isp/mt6768/imageio/pipe/CamIOPipe/CamIOPipe.cpp}
07-25 21:40:09.605   723  4812 E NormalPipe: [vendor/mediatek/proprietary/hardware/mtkcam/drv/src/isp/mt6768/iopipe/CamIO/NormalPipe.cpp, sendCommand, line3773] ERROR: error: sendCommand fail: (cmd,arg1,arg2,arg3)=(0x00001500,0x7C9EA4FF40,0x7C9EA4FF44,0xB400007ECE81C82C) (sendCommand){#3773:vendor/mediatek/proprietary/hardware/mtkcam/drv/src/isp/mt6768/iopipe/CamIO/NormalPipe.cpp}
07-25 21:40:09.605   723  5028 D aao_buf_mgr: [updateInfo] mMagicNumber(21), i4SubsampleCount(1)
07-25 21:40:09.605   723  4812 D Hal3Av3 : [parseMeta] Return to AP AE_REGIONS L(0) T(0) R(0) B(0) W(0)
07-25 21:40:09.605   723  4812 D Hal3Av3 : [parseMeta] Return to AP AF_REGIONS L(0) T(0) R(0) B(0) W(0)
07-25 21:40:09.605   723  4812 D Hal3Av3 : [parseMeta] Return to AP AWB_REGIONS L(0) T(0) R(0) B(0) W(0)
07-25 21:40:09.605   723  4812 D Hal3Av3 : [parseMeta] MTK_SENSOR_TEST_PATTERN_DATA(0, 0, 0, 0)
07-25 21:40:09.605   723  5052 D ifunc_cam_tuning: [update] [0x0]:CAM_TUNING_CTRL - EN:0x100e02e0 DMA:0x808001e8
07-25 21:40:09.605   723  4812 I MtkCam/P1NodeImp: [runQueue] [Cam::0 R24 S24 E23 D21 O21 #1] [P1::REQ][Num Q:25 M:0 F:23 R:23 @0][Type:1 Out:x85 Rec:x0 Raw:1 Cap:0 Exe:1 Flush:x0] [META ze:0 ci:3 rt:-1 tn:-1 qc:-1 fi:-1 fr:-1] [New-Request][0] [0] [IMGO:1 (-1,-1)] [Gp:255/0] IOmap-Img[1]=<0_I[0]{}_O[2]{0x100000003,0x100000004}>-Meta[1]=<0_I[2]{0x80000000,0x100000018}_O[2]{0x10000001b,0x100000024}> CfgStream-Img[OutIMG:0x100000001(0),OutRRZ:0x100000003(1),OutLCS:0x100000004(1)]-Meta[InAPP:0x80000000(1),InHAL:0x100000018(1),OutAPP:0x100000024(1),OutHAL:0x10000001b(1)]  | [PreSet][Key:25] Num(0) Dummy(0) MetaCnt[APP:66,HAL:17] | [Rev:0] depth(1) burst(1) Que[1]
07-25 21:40:09.605   723  4812 D MtkCam/ppl_context: [sendFrameToRootNodes] r23 frameNo:23 (X) -> 0x1 success; erase record
07-25 21:40:09.605   723  5052 D LMVDrv  : [GetLMVStatusAndUpdate]Suspicous clear, driver may drop frame and now in new pipeline: magicNum(23)=bypass(0)
07-25 21:40:09.605   723  5052 W LMVDrv  : [GetLMVStatusAndUpdate]Cannot find magicNum(0) in queue(0)
07-25 21:40:09.606   723  5052 D camiopipe: [sendCommand] [0x0]:[0]P1_UPDATE_CHECK CTL_EN(0x11bebee3) +[0_0]:0x11bebee3 [1_0]:0x11bebee3 [2_0]:0x11bebee3 -[0_0]:0x11bebee3 [1_0]:0x11bebee3 [2_0]:0x11bebee3 
07-25 21:40:09.606   723  5052 D NormalPipe: [frameToEnque] - sof(24)
07-25 21:40:09.606   723  5052 D NormalPipe: [enqueRequest] -
07-25 21:40:09.606   723  5028 D AeFlowDefault: [monitorAndReschedule:Perframe AE] Calc:1 Apply:1 Magic:21 AEMonitorStable:1 VdCnt:0 u4CwvYcur:0 u4CwvYpre:0 
07-25 21:40:09.606   723  5028 D ae_mgr  : [updateAEInfo2ISP] State:0 VDNum:0 Shutter:30003 Gain:9040 1024 750 Flare offset:0 512 FrameDuration:33350000 DisableOBC:0 ExpRatio:100 eAEMode:1 eAEstate:2 CurrentidxF:113
07-25 21:40:09.606   723  5081 D MtkCam/HalSensorList: [querySecureState] Secure State is 0
07-25 21:40:09.606   723  5028 D awb_mgr : [setIspAwbInfo()] m_eSensorDev: 1, awb_gain: 988/512/819, PreGain1: 512/512/512, RPG: 988/512/819, PGN: 988/512/819, bAWBLock: 0 (m_bAWBLock:0, m_u4AWBMode:1)
07-25 21:40:09.606   723  5028 D Task3APv: [run] getSensorParams: m_u4PreRealISO(750), u4RealISO(750), m_preAwbGain(988, 512, 819), rAwbInfo.gain(988, 512, 819)
07-25 21:40:09.606   723  5028 D isp_tuning_custom: [evaluate_Shading_Ratio] sensorid(1379), preSensorId(1379), eSensorMode(2), preSensorMode(2), isSensorOrModeSwitch(0), isInit(0)
07-25 21:40:09.606   723  5028 D isp_tuning_custom: [iso_smooth][ISO smooth enabled][ISO idx(3329)]avgISO = 750.
07-25 21:40:09.606   723  5028 D isp_tuning_custom: [RA_smooth][RA smooth][frm idx(3329)] rto for iso(21), prev_rto(21),RA_incremental_step(2), smoothed ratio(21)
07-25 21:40:09.606   723  5028 D paramctrl_per_frame: put ratio with m_eSensorDev(1), i4Rto(21)
07-25 21:40:09.606   723  5028 D paramctrl_per_frame: [updateLscInfo] (flash, iso, rto)=(0, 750, 21), auto(1), lock(0,0,0), dyn(1), op(0), PreCapFlashIsLockRto(0), fgForceUnlock(0)
07-25 21:40:09.606   723  5028 D Task3APv: [run] Cam 1 : Req(#24)/Stt(#21)/i4Opt(0)/FlashOnOff(0) Lv(8)/ISO(750)/RGB(988,512,819) AFisLockAE(1) isLVChangeTooMuch(0) m_i4FrameCount(22) m_i4TsfFrameCount(23)
07-25 21:40:09.607   723  5028 W TuningMgr: TuningMgr[updateEngine] WARNING: [temp log] AF enable(1_0x100e02e0_0x808001e8)
07-25 21:40:09.607   723  4812 D ULog    : R AppRequest:24 M[CameraDevice:187001] +  :mtkcam-dev3 #38248
07-25 21:40:09.607   723  5028 D TuningMgr: TuningMgr[enqueBuffer] magicNum(0x18)
07-25 21:40:09.607   723  4812 D mtkcam-dev3-utils: [0-AppRequestUtil::createOneRequest] requestNumber[24]:StreamBuffer:0xb400007dbe8190e0 streamId:0 bufferId:4 buffer:0xb400007e2e823dd0 status:OK acquireFenceOp.hdl:0x7cde6082f0 releaseFenceOp.hdl:0x0 acquireFenceOp.fd:-1 releaseFenceOp.fd:-1 appBufferHandleHolder:0xb400007d8e852a28 freeByOthers:0 / 
07-25 21:40:09.607   723  4812 D mtkcam-HDRPolicyHelper: [getSeamlessSmoothResult][Cam::0]frameType[3] requestAETargetMode=0 requestExpNum=0
07-25 21:40:09.607   723  5081 D MtkCam/HalSensorList: [querySecureState] Secure State is 0
07-25 21:40:09.608   723  5028 I MtkCam/P1NodeImp: [setupAction] [Cam::0 R24 S24 E24 D21 O21 #1] [P1::ENQ][Num Q:24 M:24 F:22 R:22 @24][Type:1 Out:x85 Rec:x0 Raw:1 Cap:0 Exe:1 Flush:x0] [Exp:30003000ns] [MetaCtrl][SCALER_CROP(1) (0,0_2016x1512) ][SENSOR_CROP(0)][RESIZER_SET(0)]
07-25 21:40:09.608   723  4812 D MtkCam/ppl_context: [sendFrameToRootNodes] r24 frameNo:24 (X) -> 0x1 BUSY
07-25 21:40:09.608   723  5028 D NormalPipe: [acceptEnqRequest] MyEnq:0: dma:0x8 pa(0x8500000)io(0_0_2016_1136_1920_1088) mag(0x18)|dma:0x6 pa(0x4F00000)io(0_0_2016_1_2016_1) mag(0x18)|dma:0xf pa(0x9001800)io(0_0_256_1_256_1) mag(0x18)|dma:0xb pa(0xE500000)io(0_0_384_384_384_384) mag(0x18)|
07-25 21:40:09.610   723  5080 D af_mgr_v3: cmd-getFocusDistance Pos 480->520, Dis 4.773333->5.426667; fDist_Macro_rev 10.000000, fDist_Inf_rev 0.200000, fDAC_Macro 800.000000, fDAC_Inf 200.000000
07-25 21:40:09.610   723  5080 D AfAlgo  : down maxOffset=46 maxCompLevel=46, cutOffset=7, maxOffset=46 offset 0, level 4, cut offset 7, x/y/z/g=72/1042/-84/1047
07-25 21:40:09.610   723  5080 E AfAlgo  : Err:  6195: [AdpComp]Adaptive input error!! 
07-25 21:40:09.610   723  5080 E AfAlgo  : Err:  6279: [AdpComp]Adaptive input error
07-25 21:40:09.610   723  5080 E AfAlgo  : Err:  6279: [AdpComp]Adaptive input error
07-25 21:40:09.610   723  5080 D af_mgr_v3: #(   24,   22) MoveLensTo Dev(1) DAC(560)
07-25 21:40:09.611   723  5080 D LensDrv : [moveMCU] Dev(1) , ioctl - mcuIOC_T_MOVETO, error Operation not permitted
07-25 21:40:09.611   723  5080 D TaskAFNormal: [run] Cam 1 : Req(#24)/Stt(#22)/i4Opt(0)/FlashOnOff(0)
07-25 21:40:09.613   723  5053 D SecMgr  : [SecMgr_GetSecurePortStatus] + (0x0x0)module:0x0 dma port:rrzo
07-25 21:40:09.613   723  5053 D SecMgr  : [SecMgr_GetSecurePortStatus] (0x0)DMA port (0x1) is not supported
07-25 21:40:09.613   723  5053 D ifunc_cam_buf: [waitBufReady] [0x0]:, [0x7d00000] waitbufready pass
07-25 21:40:09.613   723  5053 D ifunc_cam_buf: [dequeueHwBuf] [0x0]:BUF_CTRL_RRZO:(0xd_0x0),PA(0x7D00000_0xBC00A80),FH_VA(0x7F775C3A80),size(0x3bc400),cur sof(0),
07-25 21:40:09.613   723  5053 D SecMgr  : [SecMgr_GetSecurePortStatus] + (0x0x0)module:0x0 dma port:imgo
07-25 21:40:09.613   723  5053 D SecMgr  : [SecMgr_GetSecurePortStatus] (0x0)DMA port (0x0) is not supported
07-25 21:40:09.613   723  5053 D SecMgr  : [SecMgr_GetSecurePortStatus] + (0x0x0)module:0x0 dma port:
07-25 21:40:09.613   723  5053 D SecMgr  : [SecMgr_GetSecurePortStatus] + (0x0x0)module:0x0 dma port:lcso
07-25 21:40:09.613   723  5053 D NormalPipe: [ispDequeThread] N:0_deq@SOF_24
07-25 21:40:09.613   723  5053 D SecMgr  : [SecMgr_GetSecurePortStatus] + (0x0x0)module:0x0 dma port:rrzo
07-25 21:40:09.613   723  5053 D SecMgr  : [SecMgr_GetSecurePortStatus] (0x0)DMA port (0x1) is not supported
07-25 21:40:09.613   723  5044 D NormalPipe: [deque] MyDeq:0: dma:0x6 pa(0x4F013C0) io(0_0_1_0_0_0_2016_1_2016_1) mag(0x16)|dma:0x8 pa(0x7D00000) io(0_0_2016_1136_0_0_1920_1088_1920_1088) mag(0x16)|dma:0xb pa(0xE200000) io(0_0_0_0_0_0_0_0_0_0) mag(0x16)|dma:0xf pa(0x9001600) io(0_0_0_0_0_0_0_0_0_0) mag(0x16)|
07-25 21:40:09.614   723  5044 W fsc_hal : [processResult]image_scale_output.image_scale == 0
07-25 21:40:09.614   723  5044 D fsc_hal : [processResult]P magic(22) dac(560) ET(30003) EIS(0), CB magic(22), factor(1.000000), sensor(2016,1136), RRZO: c(0,0,2016,1136) s(1920,1088) f(0.000000,0.000000,1920.000000,1088.000000),RSSO: s(0,0), f(0.000000,0.000000,0.000000,0.000000)
07-25 21:40:09.614   723  5044 D MtkCam/HalSensorList: [querySecureState] Secure State is 0
07-25 21:40:09.614   723  5044 D MtkCam/HalSensor: [destroyInstance] HalSensor destroyInstance count = 6, caller =MtkCam/P1NodeUtility
07-25 21:40:09.614   723  5044 D MtkCam/BaseHeap: [IonHeap::unlockBufLocked] Hal:Image:P1:Fullraw_main1:Size2016x1:Stride2520.0.0:Sn3@ still locked (2)
07-25 21:40:09.614   723  5044 I MtkCam/P1NodeImp: [releaseAction] [Cam::0 R24 S24 E24 D22 O21 #1] [P1::DEQ][Num Q:22 M:22 F:20 R:20 @22][Type:1 Out:x85 Rec:x0 Raw:1 Cap:0 Exe:3 Flush:x0] job(0/1) IMG(pure) RRZ0(0-0-2016x1136)(0-0-1920x1088)(1920x1088) T-ns(EXP: 30003000)(Src:0)(SOF: m_948283095000 b_948283089000)(SS: 948253092000) ExpExtend(0, 0)Q(Sen
07-25 21:40:09.615   723  5047 I MtkCam/P1NodeImp: [releaseFrame] [Cam::0 R24 S24 E24 D22 O22 #1] [P1::OUT][Num Q:22 M:22 F:20 R:20 @22][Type:1 Out:x85 Rec:x0 Raw:1 Cap:0 Exe:3 Flush:x0] [Release-0] [DispatchFrame]
07-25 21:40:09.615   723  5047 D MtkCam/ppl_context: [onDispatchFrame] r20 frameNo:20 0x1 -> 0x15 READY(1/1)
07-25 21:40:09.615   723  5047 D MtkCam/P2/MWFrameRequest: [printIOMap] P2S cam 0 MWFrame:#20 MWReq:#20, frame 21 : iomap: [0]=>img[2/1], meta[3/2], fps[29.59]
07-25 21:40:09.616   723  5062 D MtkCam/P2/StreamingProcessor: [makePayLoad] P2S cam 0 MWFrame:#20 MWReq:#20, frame 21-0 : masterID(0) #Requests(1) merged into #RequestsPacks(1), PendingPayload(1), p1Ts=0000948255592000
07-25 21:40:09.617   723  5062 D MtkCam/StreamingPipe/Data: [calNonLargeSrcCrop]sID(0), imgoIn(0), srcCrop(0,0,1920x1088), isSrcCrop(0), mP2Pack Valid(1), imgo(0x0),rrz(1920x1088)
07-25 21:40:09.617   723  5062 D MtkCam/StreamingPipe/Pipe: [prepareIORequest]P2S cam 0 MWFrame:#20 MWReq:#20, frame 21-21  master/slave/fd(0/-1/0) ReqNo(21), feature=0x8008(3DNR+FSC), cycle(33), fps(n/a)=(30/30), ZoomROI((1442.539673x1088.000000)@(238.730179,0.000000)) SFPIOMgr:[sID(0)--IMG(0x0/0),RRZ(0xb400007e0e82e2d0/1),LCS(0xb400007e0e82e750/1),LCSH(0x0/0),pRSS(0x0/0),cRSS(0x0/0),RSSR2(0x0/0),FYuv(0x0/0),RYuv1(0x0/0),RYuv2(0x0/0),mAIYuv(0x0/0),HalI(0xb400007dbe8137a0),AppI(0xb400007e2e8282f8),AppDI(0xb400007dbe81b300),AppOver(0x0)]{path(GEN),halO(0xb400007e2e815b70),appO(0xb400007e2e833e70),Outs--[buf(0xb400007e0e8224b0/1)(320x240),tran(0),type(1), tar(disp), prof(0), crop(238.730179,0.000000,1442.539673x1088.000000), flag(0x0)]Tuning--id(0)--[flag(5)]}
07-25 21:40:09.618   723  5060 D isp_mgr_sl2: DIP_X_SL2H_RZ is (SL2_VRZ_COM, SL2_HRZ_COM) = (2138, 2150), (i4RzWidth, i4Width) = (1920, 2016), (i4RzHeight, i4Height) = (1088, 1136)
07-25 21:40:09.618   723  5060 D isp_mgr_sl2: profile is 1, DIP_X_SL2H_RZ is (0x085a0866)
07-25 21:40:09.618   723  5060 D isp_mgr_nr3d: NR3D_EN(1), SL2E_EN(1), x,y,w,h(0,0,1920,1088), full x,y,w,h(0,0,1920,1088),vipi offst(0) w,h(1920,1088), R2C en(1) cnt(2,6,10,8)
07-25 21:40:09.618   723  5060 D MtkCam/StreamingPipe/P2ANode: [enqueFeatureStream] P2S cam 0 MWFrame:#20 MWReq:#20, frame 21-21 :sensor(0) Frame 21 enque start
07-25 21:40:09.618   723  5055 D Iop/p2HPEQNode: [doEnque] sDrvScen:0, CQIdx:0, dupCQIdx:0, burstQIdx:0, RingBufIndex:20,  mTuningData ptr:780587172
07-25 21:40:09.619   723  5055 D PostProcPipe: [PrintPipePortInfo] vInPorts:FN(20),RN(20),TS(0xc8700e40),UK(0xcc183a0),Sec(0),[0]:(0x2205),w(1920),h(1088),stride(3600,0,0),type(0),idx(19),dir(0),Size(0x003bc400,0x00000000,0x00000000),VA(0x7c71e84000,0x0,0x0),PA(0x7d00000,0x0,0x0),secPort(0),
07-25 21:40:09.619   723  5055 D PostProcPipe:                       vInPorts:FN(20),RN(20),TS(0xc8700e40),UK(0xcc183a0),Sec(0),[1]:(0x32315659),w(1920),h(1088),stride(1920,960,960),type(0),idx(22),dir(0),Size(0x001fe000,0x0007f800,0x0007f800),VA(0x7c861cd000,0x7c863cb000,0x7c8644a800),PA(0xa100000,0xa2fe000,0xa37d800),secPort(0),
07-25 21:40:09.619   723  5055 D PostProcPipe:                       vInPorts:FN(20),RN(20),TS(0xc8700e40),UK(0xcc183a0),Sec(0),[2]:(0x2401),w(200),h(112),stride(768,0,0),type(0),idx(26),dir(0),Size(0x00048000,0x00000000,0x00000000),VA(0x7cd0daa000,0x0,0x0),PA(0xe200000,0x0,0x0),secPort(0)
07-25 21:40:09.619   723  5055 D PostProcPipe: [PrintPipePortInfo] vOutPorts:FN(20),RN(20),TS(0xc8700e40),UK(0xcc183a0),Sec(0),[0]:(0x32315659),w(1920),h(1088),stride(1920,960,960),type(0),idx(32),dir(1),Size(0x001fe000,0x0007f800,0x0007f800),VA(0x7c72b2d000,0x7c72d2b000,0x7c72daa800),PA(0xa400000,0xa5fe000,0xa67d800),secPort(0),
07-25 21:40:09.619   723  5055 D PostProcPipe:                       vOutPorts:FN(20),RN(20),TS(0xc8700e40),UK(0xcc183a0),Sec(0),[1]:(0x11),w(320),h(240),stride(320,320,0),type(0),idx(38),dir(1),Size(0x00012c00,0x00009600,0x00000000),VA(0x7f72fd1000,0x7f72fe3c00,0x0),PA(0xe300000,0xe312c00,0x0),secPort(0)
07-25 21:40:09.619   723  5055 D PostProcPipe: [configPipe] [Imgi][crop_1](x,f_x,y,f_y)=(0,0,0,0),(w,f_w,h,f_h)=(0,0,0,0),(tarW,tarH)=(0,0)-
07-25 21:40:09.619   723  5055 D PostProcPipe:                     [crop_2](x,f_x,y,f_y)=(238,765648,0,0),(w,f_w,h,f_h)=(1442,565888,1088,0),(tarW,tarH)=(320,240)-
07-25 21:40:09.619   723  5055 D PostProcPipe:                     [crop_3](x,f_x,y,f_y)=(0,0,0,0),(w,f_w,h,f_h)=(0,0,0,0),(tarW,tarH)=(0,0),dupCqIdx(0),[vipi]ofst(0),rW/H(1920/1088)
07-25 21:40:09.619   723  5055 D PostProcPipe: ,                    isDipOnly(0), hwmodule(9/0), dipCQ/dup/burst(0/0/0), drvSc(0), isWtf(1),tdr_tpipe(0),en_yuv/yuv2/rgb/dma/fmt_sel/ctl_sel/misc (0x11e07df8/0xf0/0x1400f9/0x20e0f1/0x30480409/0x16040/0x10), tcm(0xa/0x9fd8e1e3/0xe807b3c), last(1), CRZ_EN(0), img3o ofset(0,0),userName(),PIX_ID(3),ImgBuf_PIX_ID(3),tv_sec(1784986809),tv_usec(651705)
07-25 21:40:09.619   723  5055 D iio/ifunc_dip: [ConfigDipPipe] moduleIdx(0), pDipWBuf(0xce827760), m_pIspDescript_phy(0x9178000), m_pIspDescript_vir(0x8a6cd000), m_pIspVirRegAddr_pa(0x9179000), m_pIspVirRegAddr_va(0x8a6ce000)
07-25 21:40:09.619   723  5056 D iio/ifunc_dip: [enable] thiscq(0), frameflag(0x1), ring_index(20), ref_ringbufidx(19)
07-25 21:40:09.619   723  5056 D MdpMgr  : [updateDpStreamMap] refObjectCqIdx:0, refObjectRingBufIdx:1,cqIdx:0,ringIdx:20,refringbufidx:19
07-25 21:40:09.619   723  5056 D MdpMgr  : [selectDpIspStream] [selectDpIspStream] cqIdx(0/0/0/20_0/1),sceID(0)
07-25 21:40:09.619   723  5056 D MdpMgr  : [_startMdp] dstFmt(657,4982892)
07-25 21:40:09.620   723  5056 D MdpMgr  : [_startMdp] +sceID(0),cqPa(0x9178000)-Va(0x7c8a6cd000),tpipVa(0x7c8a164000)-Pa(0x9310000),isWaitB(1),cqIndx(0/0/0/20),venc(0),(va: 0x7c8a164000),        srcFt(0x2205),W(1920),H(1088),stride(3600,0),size(0x3bc400-0x0-0x0),VA(0x    ffff),PA(0x 7d00000),plane(1),Stmtype(1)
07-25 21:40:09.620   723  5056 D MdpMgr  :         wdma_en(1),idx(0),cap(3),ft(17),rt(0),fp(0),(w,h,s)=(320,240,320),C(w,h,s)=(320,120,320),V(w,h,s)=(0,0,0),mdpidx(0),
07-25 21:40:09.620   723  5056 D MdpMgr  :         wrot_en(0),idx(1),cap(0),ft(0),rt(0),fp(0),(w,h,s)=(0,0,0),C(w,h,s)=(0,0,0),V(w,h,s)=(0,0,0),mdpidx(0),
07-25 21:40:09.620   723  5056 D MdpMgr  :         jpg_en(0),idx(2),cap(0),ft(0),rt(0),fp(0),(w,h,s)=(0,0,0),C(w,h,s)=(0,0,0),V(w,h,s)=(0,0,0),mdpidx(1),
07-25 21:40:09.620   723  5056 D MdpMgr  :         pipe_en(0),idx(3),cap(0),ft(0),rt(0),fp(0),(w,h,s)=(0,0,0),C(w,h,s)=(0,0,0),V(w,h,s)=(0,0,0),mdpidx(2),
07-25 21:40:09.620   723  5056 D MdpMgr  :         (va:0x7c8a164000,dstpa:0x9310000)
07-25 21:40:09.620   723  5056 D MdpMgr  : flag(0_0x1->0x1),startStm(640 us),WDPQ(0x       0),WRPQ(0x       0),tv_sec(1784986809),tv_usec(651705)
07-25 21:40:09.620   723  5056 D Iop/p2HPEQNode: [doMdpStart] frameUnit.idxofwaitDQFrmPackList (0x5e812e78_0_0_0, 0_0_1_0)
07-25 21:40:09.620   723  5057 D MdpMgr  : [selectDpIspStream] [selectDpIspStream] cqIdx(0/0/0/20_0/1),sceID(0)
07-25 21:40:09.622   531  2449 E [GrallocExtra-ERROR]: gralloc_extra_query:105 gralloc_extra_query with NULL handle: 0x0
07-25 21:40:09.622  2345  2403 D C2OMXNode: dhy...mOsdPos:,,mOsdText:
07-25 21:40:09.627   723  5057 D MdpMgr  : [_dequeueBuf] +,cqIndx(0/0/0/20),sceID(0),deqIndex(1),isWaitBuf(1),
07-25 21:40:09.627   723  5057 D MdpMgr  :         deqIndex(1), dequeTime(6550 us)
07-25 21:40:09.627   723  5057 D MdpMgr  : [selectDpIspStream] [selectDpIspStream] cqIdx(0/0/0/20_0/1),sceID(0)
07-25 21:40:09.627   723  5057 D MdpMgr  : [_dequeueBuf] +,cqIndx(0/0/0/20),sceID(0),deqIndex(0),isWaitBuf(1),
07-25 21:40:09.627   723  5057 D MdpMgr  :         deqIndex(0), dequeTime(22 us)
07-25 21:40:09.627   723  5057 D MdpMgr  : [selectDpIspStream] [selectDpIspStream] cqIdx(0/0/0/20_0/1),sceID(0)
07-25 21:40:09.627   723  5057 D MtkCam/StreamingPipe/P2ANode: [onDIPStreamBaseCB] P2S cam 0 MWFrame:#20 MWReq:#20, frame 21-21 :sensor(0) Frame 21 enque done in 8 ms, result = 1
07-25 21:40:09.627   723  5057 D Iop/p2HPDQNode: [doDeque] +,tag(2),idx(0),p2CQ(0/0/0/20),
07-25 21:40:09.627   723  5057 D Iop/p2HPDQNode:                          +,tag(1),idx(0),p2CQ(0/0),
07-25 21:40:09.627   723  5057 D Iop/p2HPDQNode:                          -,cb(171 us)
07-25 21:40:09.627   723  5061 D MtkCam/P2/MWFrame: [doRelease] P2S cam 0 MWFrame:#20 MWReq:#20, frame 21 : all streams(8), using(0), status: s0:d0:App:YCrCb_420_SP:0|HW_TEXTURE(1),Meta:App:Control(1),Hal:Image:P1:Resizeraw_main1(1),Hal:Image:STT_main1(1),Hal:Meta:P1:Dynamic_main1(1),Hal:Meta:P2:Dynamic(1),App:Meta:DynamicP1_main1(1),App:Meta:DynamicP2(1),
07-25 21:40:09.628   723  5025 D mtkcam-AppStreamMgr: [0-FrameHandler::updateResult] requestNo 20, real time:0, last partial:1
07-25 21:40:09.628   723  5025 D ULog    : R AppRequest:20 M[CameraDevice:187001] -  :mtkcam-AppStreamMgr #38249
07-25 21:40:09.628   723  5061 D mtkcam-pipeline: [onLastStrongRef] [ requestNo:20 frameNo:20 ] frame end
07-25 21:40:09.628   723  5061 D MtkCam/StreamingPipe/Timer: [print]Frame timer [#   21/   0][t  10][io   0][tof  0/  0][d  0/  0][mss  0/  0/  0/  0][a  9/  1/  8][tun  0/  0][msf  0/  0][vnr  0/  0/  0][am  0][b  0/  0][tpi(  0/  0)/(  0/  0)/(  0/  0)][vmdp_A  0/  0 vmdp_B  0/  0][h  0/  0/  0][e  0][r  0/  0][w_A  0/  0/  0/  0 w_B  0/  0/  0/  0][x  0][disp  0/  0][async  0/  0][p2sm  0/  0/  0][fps29.67/29.67/ 30/ 30]
07-25 21:40:09.638   723  5052 D NormalPipe: [enqueRequest] +N:0 CurSof:25 enqCnt:23 cqCnt(p/v):23/23 FrameStatus(2)
07-25 21:40:09.638   723  5028 D HwIRQ3A : [wait] VSIrq
07-25 21:40:09.638   723  5052 D NormalPipe: [configEnquePath] N:0 configFrame event:1 multiSenNum:2 occupy:0 status:1(2) fsm:0 depth:0
07-25 21:40:09.639   723  5052 D NormalPipe: [dmaCfg] N:0 dma:x8 cmd:0x101a, crop:(0,0,2016,1136), outsize:(1920,1088)
07-25 21:40:09.639   723  5028 I MtkCam/P1NodeImp: [setRequest] [Cam::0 R25 S25 E24 D22 O22 #0] [P1::SET][Num Q:25 M:25 F:23 R:23 @0][Type:1 Out:x85 Rec:x0 Raw:1 Cap:0 Exe:1 Flush:x0] Num[25] Ctrl[1]=[ 25 ]
07-25 21:40:09.639   723  5052 D NormalPipe: [dmaCfg] N:0 dma:x6 cmd:0x101c, crop:(0,0,2016,1), outsize:(2016,1)
07-25 21:40:09.639   723  4812 E camiopipe: [vendor/mediatek/proprietary/hardware/mtkcam/drv/src/isp/mt6768/imageio/pipe/CamIOPipe/CamIOPipe.cpp, sendCommand, line3805] ERROR: [0x0]:NOT support command! (sendCommand){#3805:vendor/mediatek/proprietary/hardware/mtkcam/drv/src/isp/mt6768/imageio/pipe/CamIOPipe/CamIOPipe.cpp}
07-25 21:40:09.639   723  4812 E camiopipe: [vendor/mediatek/proprietary/hardware/mtkcam/drv/src/isp/mt6768/imageio/pipe/CamIOPipe/CamIOPipe.cpp, sendCommand, line3812] ERROR: [0x0]:sendCommand(0x1500) error! (sendCommand){#3812:vendor/mediatek/proprietary/hardware/mtkcam/drv/src/isp/mt6768/imageio/pipe/CamIOPipe/CamIOPipe.cpp}
07-25 21:40:09.639   723  5028 D aao_buf_mgr: [updateInfo] mMagicNumber(22), i4SubsampleCount(1)
07-25 21:40:09.639   723  4812 E NormalPipe: [vendor/mediatek/proprietary/hardware/mtkcam/drv/src/isp/mt6768/iopipe/CamIO/NormalPipe.cpp, sendCommand, line3773] ERROR: error: sendCommand fail: (cmd,arg1,arg2,arg3)=(0x00001500,0x7C9EA4FF40,0x7C9EA4FF44,0xB400007ECE81E3FC) (sendCommand){#3773:vendor/mediatek/proprietary/hardware/mtkcam/drv/src/isp/mt6768/iopipe/CamIO/NormalPipe.cpp}
07-25 21:40:09.639   723  4812 D Hal3Av3 : [parseMeta] Return to AP AE_REGIONS L(0) T(0) R(0) B(0) W(0)
07-25 21:40:09.639   723  4812 D Hal3Av3 : [parseMeta] Return to AP AF_REGIONS L(0) T(0) R(0) B(0) W(0)
07-25 21:40:09.639   723  4812 D Hal3Av3 : [parseMeta] Return to AP AWB_REGIONS L(0) T(0) R(0) B(0) W(0)
07-25 21:40:09.639   723  4812 D Hal3Av3 : [parseMeta] MTK_SENSOR_TEST_PATTERN_DATA(0, 0, 0, 0)
07-25 21:40:09.639   723  5052 D ifunc_cam_tuning: [update] [0x0]:CAM_TUNING_CTRL - EN:0x100e02e0 DMA:0x808001e8
07-25 21:40:09.639   723  4812 I MtkCam/P1NodeImp: [runQueue] [Cam::0 R25 S25 E24 D22 O22 #1] [P1::REQ][Num Q:26 M:0 F:24 R:24 @0][Type:1 Out:x85 Rec:x0 Raw:1 Cap:0 Exe:1 Flush:x0] [META ze:0 ci:3 rt:-1 tn:-1 qc:-1 fi:-1 fr:-1] [New-Request][0] [0] [IMGO:1 (-1,-1)] [Gp:255/0] IOmap-Img[1]=<0_I[0]{}_O[2]{0x100000003,0x100000004}>-Meta[1]=<0_I[2]{0x80000000,0x100000018}_O[2]{0x10000001b,0x100000024}> CfgStream-Img[OutIMG:0x100000001(0),OutRRZ:0x100000003(1),OutLCS:0x100000004(1)]-Meta[InAPP:0x80000000(1),InHAL:0x100000018(1),OutAPP:0x100000024(1),OutHAL:0x10000001b(1)]  | [PreSet][Key:26] Num(0) Dummy(0) MetaCnt[APP:66,HAL:17] | [Rev:0] depth(1) burst(1) Que[1]
07-25 21:40:09.639   723  4812 D MtkCam/ppl_context: [sendFrameToRootNodes] r24 frameNo:24 (X) -> 0x1 success; erase record
07-25 21:40:09.639   723  5052 D LMVDrv  : [GetLMVStatusAndUpdate]Suspicous clear, driver may drop frame and now in new pipeline: magicNum(24)=bypass(0)
07-25 21:40:09.639   723  5052 W LMVDrv  : [GetLMVStatusAndUpdate]Cannot find magicNum(0) in queue(0)
07-25 21:40:09.640   723  5052 D camiopipe: [sendCommand] [0x0]:[1]P1_UPDATE_CHECK CTL_EN(0x11bebee3) +[0_0]:0x11bebee3 [1_0]:0x11bebee3 [2_0]:0x11bebee3 -[0_0]:0x11bebee3 [1_0]:0x11bebee3 [2_0]:0x11bebee3 
07-25 21:40:09.640   723  5052 D NormalPipe: [frameToEnque] - sof(25)
07-25 21:40:09.640   723  5052 D NormalPipe: [enqueRequest] -
07-25 21:40:09.640   723  5028 D AeFlowDefault: [monitorAndReschedule:Perframe AE] Calc:1 Apply:1 Magic:22 AEMonitorStable:1 VdCnt:0 u4CwvYcur:0 u4CwvYpre:0 
07-25 21:40:09.640   723  5028 D ae_mgr  : [updateAEInfo2ISP] State:0 VDNum:0 Shutter:30003 Gain:9040 1024 750 Flare offset:0 512 FrameDuration:33350000 DisableOBC:0 ExpRatio:100 eAEMode:1 eAEstate:2 CurrentidxF:113
07-25 21:40:09.640   723  5081 D MtkCam/HalSensorList: [querySecureState] Secure State is 0
07-25 21:40:09.640   723  5028 D awb_mgr : [setIspAwbInfo()] m_eSensorDev: 1, awb_gain: 988/512/819, PreGain1: 512/512/512, RPG: 988/512/819, PGN: 988/512/819, bAWBLock: 0 (m_bAWBLock:0, m_u4AWBMode:1)
07-25 21:40:09.640   723  5028 D Task3APv: [run] getSensorParams: m_u4PreRealISO(750), u4RealISO(750), m_preAwbGain(988, 512, 819), rAwbInfo.gain(988, 512, 819)
07-25 21:40:09.640   723  5028 D isp_tuning_custom: [evaluate_Shading_Ratio] sensorid(1379), preSensorId(1379), eSensorMode(2), preSensorMode(2), isSensorOrModeSwitch(0), isInit(0)
07-25 21:40:09.640   723  5028 D isp_tuning_custom: [iso_smooth][ISO smooth enabled][ISO idx(3330)]avgISO = 750.
07-25 21:40:09.640   723  5028 D isp_tuning_custom: [RA_smooth][RA smooth][frm idx(3330)] rto for iso(21), prev_rto(21),RA_incremental_step(2), smoothed ratio(21)
07-25 21:40:09.640   723  5028 D paramctrl_per_frame: put ratio with m_eSensorDev(1), i4Rto(21)
07-25 21:40:09.640   723  5028 D paramctrl_per_frame: [updateLscInfo] (flash, iso, rto)=(0, 750, 21), auto(1), lock(0,0,0), dyn(1), op(0), PreCapFlashIsLockRto(0), fgForceUnlock(0)
07-25 21:40:09.641   723  5028 D Task3APv: [run] Cam 1 : Req(#25)/Stt(#22)/i4Opt(0)/FlashOnOff(0) Lv(8)/ISO(750)/RGB(988,512,819) AFisLockAE(1) isLVChangeTooMuch(0) m_i4FrameCount(23) m_i4TsfFrameCount(24)
07-25 21:40:09.641   723  5028 W TuningMgr: TuningMgr[updateEngine] WARNING: [temp log] AF enable(1_0x100e02e0_0x808001e8)
07-25 21:40:09.641   723  5028 D TuningMgr: TuningMgr[enqueBuffer] magicNum(0x19)
07-25 21:40:09.641   723  5081 D MtkCam/HalSensorList: [querySecureState] Secure State is 0
07-25 21:40:09.641   723  4812 D ULog    : R AppRequest:25 M[CameraDevice:187001] +  :mtkcam-dev3 #38250
07-25 21:40:09.642   723  4812 D mtkcam-dev3-utils: [0-AppRequestUtil::createOneRequest] requestNumber[25]:StreamBuffer:0xb400007dbe8190e0 streamId:0 bufferId:5 buffer:0xb400007e2e817110 status:OK acquireFenceOp.hdl:0x7cde6082f0 releaseFenceOp.hdl:0x0 acquireFenceOp.fd:-1 releaseFenceOp.fd:-1 appBufferHandleHolder:0xb400007d8e8482a8 freeByOthers:0 / 
07-25 21:40:09.642   723  5028 I MtkCam/P1NodeImp: [setupAction] [Cam::0 R25 S25 E25 D22 O22 #1] [P1::ENQ][Num Q:25 M:25 F:23 R:23 @25][Type:1 Out:x85 Rec:x0 Raw:1 Cap:0 Exe:1 Flush:x0] [Exp:30003000ns] [MetaCtrl][SCALER_CROP(1) (0,0_2016x1512) ][SENSOR_CROP(0)][RESIZER_SET(0)]
07-25 21:40:09.642   723  5028 D NormalPipe: [acceptEnqRequest] MyEnq:0: dma:0x8 pa(0x8900000)io(0_0_2016_1136_1920_1088) mag(0x19)|dma:0x6 pa(0x4F013C0)io(0_0_2016_1_2016_1) mag(0x19)|dma:0xf pa(0x9001900)io(0_0_256_1_256_1) mag(0x19)|dma:0xb pa(0xE600000)io(0_0_384_384_384_384) mag(0x19)|
07-25 21:40:09.642   723  4812 D mtkcam-HDRPolicyHelper: [getSeamlessSmoothResult][Cam::0]frameType[3] requestAETargetMode=0 requestExpNum=0
07-25 21:40:09.643   723  4812 D MtkCam/ppl_context: [sendFrameToRootNodes] r25 frameNo:25 (X) -> 0x1 BUSY
07-25 21:40:09.644   723  5080 D af_mgr_v3: cmd-getFocusDistance Pos 520->560, Dis 5.426667->6.080000; fDist_Macro_rev 10.000000, fDist_Inf_rev 0.200000, fDAC_Macro 800.000000, fDAC_Inf 200.000000
07-25 21:40:09.644   548   623 I libPerfCtl: xgfGetFPS pid:4539 fps:30
07-25 21:40:09.644   723  5080 D AfAlgo  : down maxOffset=46 maxCompLevel=46, cutOffset=7, maxOffset=46 offset 0, level 4, cut offset 7, x/y/z/g=70/1040/-83/1045
07-25 21:40:09.644   723  5080 E AfAlgo  : Err:  6195: [AdpComp]Adaptive input error!! 
07-25 21:40:09.644   723  5080 E AfAlgo  : Err:  6279: [AdpComp]Adaptive input error
07-25 21:40:09.644   723  5080 E AfAlgo  : Err:  6279: [AdpComp]Adaptive input error
07-25 21:40:09.644   723  5080 D af_mgr_v3: #(   25,   23) MoveLensTo Dev(1) DAC(600)
07-25 21:40:09.645   723  5080 D LensDrv : [moveMCU] Dev(1) , ioctl - mcuIOC_T_MOVETO, error Operation not permitted
07-25 21:40:09.645   723  5080 D TaskAFNormal: [run] Cam 1 : Req(#25)/Stt(#23)/i4Opt(0)/FlashOnOff(0)
07-25 21:40:09.646   723  5053 D SecMgr  : [SecMgr_GetSecurePortStatus] + (0x0x0)module:0x0 dma port:rrzo
07-25 21:40:09.647   723  5053 D SecMgr  : [SecMgr_GetSecurePortStatus] (0x0)DMA port (0x1) is not supported
07-25 21:40:09.647   723  5053 D ifunc_cam_buf: [waitBufReady] [0x0]:, [0x8100000] waitbufready pass
07-25 21:40:09.647   723  5053 D ifunc_cam_buf: [dequeueHwBuf] [0x0]:BUF_CTRL_RRZO:(0xd_0x0),PA(0x8100000_0xBC00B00),FH_VA(0x7F775C3B00),size(0x3bc400),cur sof(0),
07-25 21:40:09.647   723  5053 D SecMgr  : [SecMgr_GetSecurePortStatus] + (0x0x0)module:0x0 dma port:imgo
07-25 21:40:09.647   723  5053 D SecMgr  : [SecMgr_GetSecurePortStatus] (0x0)DMA port (0x0) is not supported
07-25 21:40:09.647   723  5053 D SecMgr  : [SecMgr_GetSecurePortStatus] + (0x0x0)module:0x0 dma port:
07-25 21:40:09.647   723  5053 D SecMgr  : [SecMgr_GetSecurePortStatus] + (0x0x0)module:0x0 dma port:lcso
07-25 21:40:09.647   723  5053 D NormalPipe: [ispDequeThread] N:0_deq@SOF_25
07-25 21:40:09.647   723  5044 D NormalPipe: [deque] MyDeq:0: dma:0x6 pa(0x4F009E0) io(0_0_1_0_0_0_2016_1_2016_1) mag(0x17)|dma:0x8 pa(0x8100000) io(0_0_2016_1136_0_0_1920_1088_1920_1088) mag(0x17)|dma:0xb pa(0xE400000) io(0_0_0_0_0_0_0_0_0_0) mag(0x17)|dma:0xf pa(0x9001700) io(0_0_0_0_0_0_0_0_0_0) mag(0x17)|
07-25 21:40:09.647   723  5053 D SecMgr  : [SecMgr_GetSecurePortStatus] + (0x0x0)module:0x0 dma port:rrzo
07-25 21:40:09.647   723  5053 D SecMgr  : [SecMgr_GetSecurePortStatus] (0x0)DMA port (0x1) is not supported
07-25 21:40:09.647   723  5044 W fsc_hal : [processResult]image_scale_output.image_scale == 0
07-25 21:40:09.647   723  5044 D fsc_hal : [processResult]P magic(23) dac(600) ET(30003) EIS(0), CB magic(23), factor(1.000000), sensor(2016,1136), RRZO: c(0,0,2016,1136) s(1920,1088) f(0.000000,0.000000,1920.000000,1088.000000),RSSO: s(0,0), f(0.000000,0.000000,0.000000,0.000000)
07-25 21:40:09.647   723  5044 D MtkCam/HalSensorList: [querySecureState] Secure State is 0
07-25 21:40:09.647   723  5044 D MtkCam/HalSensor: [destroyInstance] HalSensor destroyInstance count = 6, caller =MtkCam/P1NodeUtility
07-25 21:40:09.648   723  5044 D MtkCam/BaseHeap: [IonHeap::unlockBufLocked] Hal:Image:P1:Fullraw_main1:Size2016x1:Stride2520.0.0:Sn2@ still locked (2)
07-25 21:40:09.648   723  5044 I MtkCam/P1NodeImp: [releaseAction] [Cam::0 R25 S25 E25 D23 O22 #1] [P1::DEQ][Num Q:23 M:23 F:21 R:21 @23][Type:1 Out:x85 Rec:x0 Raw:1 Cap:0 Exe:3 Flush:x0] job(0/1) IMG(pure) RRZ0(0-0-2016x1136)(0-0-1920x1088)(1920x1088) T-ns(EXP: 30003000)(Src:0)(SOF: m_948316873000 b_948316867000)(SS: 948286870000) ExpExtend(0, 0)Q(Sen
07-25 21:40:09.648   723  5047 I MtkCam/P1NodeImp: [releaseFrame] [Cam::0 R25 S25 E25 D23 O23 #1] [P1::OUT][Num Q:23 M:23 F:21 R:21 @23][Type:1 Out:x85 Rec:x0 Raw:1 Cap:0 Exe:3 Flush:x0] [Release-0] [DispatchFrame]
07-25 21:40:09.648   723  5047 D MtkCam/ppl_context: [onDispatchFrame] r21 frameNo:21 0x1 -> 0x15 READY(1/1)
07-25 21:40:09.648   723  5047 D MtkCam/P2/MWFrameRequest: [printIOMap] P2S cam 0 MWFrame:#21 MWReq:#21, frame 22 : iomap: [0]=>img[2/1], meta[3/2], fps[29.62]
07-25 21:40:09.649   723  5062 D MtkCam/P2/StreamingProcessor: [makePayLoad] P2S cam 0 MWFrame:#21 MWReq:#21, frame 22-0 : masterID(0) #Requests(1) merged into #RequestsPacks(1), PendingPayload(1), p1Ts=0000948289370000
07-25 21:40:09.650   723  5062 D MtkCam/StreamingPipe/Data: [calNonLargeSrcCrop]sID(0), imgoIn(0), srcCrop(0,0,1920x1088), isSrcCrop(0), mP2Pack Valid(1), imgo(0x0),rrz(1920x1088)
07-25 21:40:09.650   723  5062 D MtkCam/StreamingPipe/Pipe: [prepareIORequest]P2S cam 0 MWFrame:#21 MWReq:#21, frame 22-22  master/slave/fd(0/-1/0) ReqNo(22), feature=0x8008(3DNR+FSC), cycle(33), fps(n/a)=(30/30), ZoomROI((1442.539673x1088.000000)@(238.730179,0.000000)) SFPIOMgr:[sID(0)--IMG(0x0/0),RRZ(0xb400007e0e815370/1),LCS(0xb400007e0e81a230/1),LCSH(0x0/0),pRSS(0x0/0),cRSS(0x0/0),RSSR2(0x0/0),FYuv(0x0/0),RYuv1(0x0/0),RYuv2(0x0/0),mAIYuv(0x0/0),HalI(0xb400007dbe817d30),AppI(0xb400007e2e8290f8),AppDI(0xb400007dbe821110),AppOver(0x0)]{path(GEN),halO(0xb400007e2e82c070),appO(0xb400007e2e80d9f0),Outs--[buf(0xb400007e0e81e7f0/1)(320x240),tran(0),type(1), tar(disp), prof(0), crop(238.730179,0.000000,1442.539673x1088.000000), flag(0x0)]Tuning--id(0)--[flag(5)]}
07-25 21:40:09.651   723  5060 D isp_mgr_sl2: DIP_X_SL2H_RZ is (SL2_VRZ_COM, SL2_HRZ_COM) = (2138, 2150), (i4RzWidth, i4Width) = (1920, 2016), (i4RzHeight, i4Height) = (1088, 1136)
07-25 21:40:09.651   723  5060 D isp_mgr_sl2: profile is 1, DIP_X_SL2H_RZ is (0x085a0866)
07-25 21:40:09.652   723  5060 D isp_mgr_nr3d: NR3D_EN(1), SL2E_EN(1), x,y,w,h(0,0,1920,1088), full x,y,w,h(0,0,1920,1088),vipi offst(0) w,h(1920,1088), R2C en(1) cnt(3,7,11,9)
07-25 21:40:09.652   723  5060 D MtkCam/StreamingPipe/P2ANode: [enqueFeatureStream] P2S cam 0 MWFrame:#21 MWReq:#21, frame 22-22 :sensor(0) Frame 22 enque start
07-25 21:40:09.652   723  5055 D Iop/p2HPEQNode: [doEnque] sDrvScen:0, CQIdx:0, dupCQIdx:1, burstQIdx:0, RingBufIndex:21,  mTuningData ptr:780447908
07-25 21:40:09.652   723  5055 D PostProcPipe: [PrintPipePortInfo] vInPorts:FN(21),RN(21),TS(0xca737790),UK(0xcc183a0),Sec(0),[0]:(0x2205),w(1920),h(1088),stride(3600,0,0),type(0),idx(19),dir(0),Size(0x003bc400,0x00000000,0x00000000),VA(0x7c65718000,0x0,0x0),PA(0x8100000,0x0,0x0),secPort(0),
07-25 21:40:09.652   723  5055 D PostProcPipe:                       vInPorts:FN(21),RN(21),TS(0xca737790),UK(0xcc183a0),Sec(0),[1]:(0x32315659),w(1920),h(1088),stride(1920,960,960),type(0),idx(22),dir(0),Size(0x001fe000,0x0007f800,0x0007f800),VA(0x7c72b2d000,0x7c72d2b000,0x7c72daa800),PA(0xa400000,0xa5fe000,0xa67d800),secPort(0),
07-25 21:40:09.652   723  5055 D PostProcPipe:                       vInPorts:FN(21),RN(21),TS(0xca737790),UK(0xcc183a0),Sec(0),[2]:(0x2401),w(200),h(112),stride(768,0,0),type(0),idx(26),dir(0),Size(0x00048000,0x00000000,0x00000000),VA(0x7ccbd08000,0x0,0x0),PA(0xe400000,0x0,0x0),secPort(0)
07-25 21:40:09.652   723  5055 D PostProcPipe: [PrintPipePortInfo] vOutPorts:FN(21),RN(21),TS(0xca737790),UK(0xcc183a0),Sec(0),[0]:(0x32315659),w(1920),h(1088),stride(1920,960,960),type(0),idx(32),dir(1),Size(0x001fe000,0x0007f800,0x0007f800),VA(0x7c72241000,0x7c7243f000,0x7c724be800),PA(0xa700000,0xa8fe000,0xa97d800),secPort(0),
07-25 21:40:09.652   723  5055 D PostProcPipe:                       vOutPorts:FN(21),RN(21),TS(0xca737790),UK(0xcc183a0),Sec(0),[1]:(0x11),w(320),h(240),stride(320,320,0),type(0),idx(38),dir(1),Size(0x00012c00,0x00009600,0x00000000),VA(0x7cdd46b000,0x7cdd47dc00,0x0),PA(0x9a00000,0x9a12c00,0x0),secPort(0)
07-25 21:40:09.652   723  5055 D PostProcPipe: [configPipe] [Imgi][crop_1](x,f_x,y,f_y)=(0,0,0,0),(w,f_w,h,f_h)=(0,0,0,0),(tarW,tarH)=(0,0)-
07-25 21:40:09.652   723  5055 D PostProcPipe:                     [crop_2](x,f_x,y,f_y)=(238,765648,0,0),(w,f_w,h,f_h)=(1442,565888,1088,0),(tarW,tarH)=(320,240)-
07-25 21:40:09.652   723  5055 D PostProcPipe:                     [crop_3](x,f_x,y,f_y)=(0,0,0,0),(w,f_w,h,f_h)=(0,0,0,0),(tarW,tarH)=(0,0),dupCqIdx(1),[vipi]ofst(0),rW/H(1920/1088)
07-25 21:40:09.652   723  5055 D PostProcPipe: ,                    isDipOnly(0), hwmodule(9/0), dipCQ/dup/burst(0/1/0), drvSc(0), isWtf(1),tdr_tpipe(0),en_yuv/yuv2/rgb/dma/fmt_sel/ctl_sel/misc (0x11e07df8/0xf0/0x1400f9/0x20e0f1/0x30480409/0x16040/0x10), tcm(0xa/0x9fd8e1e3/0xe807b3c), last(1), CRZ_EN(0), img3o ofset(0,0),userName(),PIX_ID(3),ImgBuf_PIX_ID(3),tv_sec(1784986809),tv_usec(685238)
07-25 21:40:09.652   723  5055 D iio/ifunc_dip: [ConfigDipPipe] moduleIdx(0), pDipWBuf(0xce8277b8), m_pIspDescript_phy(0x917e000), m_pIspDescript_vir(0x8a6d3000), m_pIspVirRegAddr_pa(0x917f000), m_pIspVirRegAddr_va(0x8a6d4000)
07-25 21:40:09.653   723  5056 D iio/ifunc_dip: [enable] thiscq(0), frameflag(0x1), ring_index(21), ref_ringbufidx(20)
07-25 21:40:09.653   723  5056 D MdpMgr  : [updateDpStreamMap] refObjectCqIdx:0, refObjectRingBufIdx:1,cqIdx:0,ringIdx:21,refringbufidx:20
07-25 21:40:09.653   723  5056 D MdpMgr  : [selectDpIspStream] [selectDpIspStream] cqIdx(0/1/0/21_0/1),sceID(0)
07-25 21:40:09.653   723  5056 D MdpMgr  : [_startMdp] dstFmt(657,4982892)
07-25 21:40:09.654   723  5056 D MdpMgr  : [_startMdp] +sceID(0),cqPa(0x917e000)-Va(0x7c8a6d3000),tpipVa(0x7c8a164000)-Pa(0x9310000),isWaitB(1),cqIndx(0/1/0/21),venc(0),(va: 0x7c8a164000),        srcFt(0x2205),W(1920),H(1088),stride(3600,0),size(0x3bc400-0x0-0x0),VA(0x    ffff),PA(0x 8100000),plane(1),Stmtype(1)
07-25 21:40:09.654   723  5056 D MdpMgr  :         wdma_en(1),idx(0),cap(3),ft(17),rt(0),fp(0),(w,h,s)=(320,240,320),C(w,h,s)=(320,120,320),V(w,h,s)=(0,0,0),mdpidx(0),
07-25 21:40:09.654   723  5056 D MdpMgr  :         wrot_en(0),idx(1),cap(0),ft(0),rt(0),fp(0),(w,h,s)=(0,0,0),C(w,h,s)=(0,0,0),V(w,h,s)=(0,0,0),mdpidx(0),
07-25 21:40:09.654   723  5056 D MdpMgr  :         jpg_en(0),idx(2),cap(0),ft(0),rt(0),fp(0),(w,h,s)=(0,0,0),C(w,h,s)=(0,0,0),V(w,h,s)=(0,0,0),mdpidx(1),
07-25 21:40:09.654   723  5056 D MdpMgr  :         pipe_en(0),idx(3),cap(0),ft(0),rt(0),fp(0),(w,h,s)=(0,0,0),C(w,h,s)=(0,0,0),V(w,h,s)=(0,0,0),mdpidx(2),
07-25 21:40:09.654   723  5056 D MdpMgr  :         (va:0x7c8a164000,dstpa:0x9310000)
07-25 21:40:09.654   723  5056 D MdpMgr  : flag(0_0x1->0x1),startStm(711 us),WDPQ(0x       0),WRPQ(0x       0),tv_sec(1784986809),tv_usec(685238)
07-25 21:40:09.654   723  5056 D Iop/p2HPEQNode: [doMdpStart] frameUnit.idxofwaitDQFrmPackList (0x5e812e78_0_0_1, 0_0_1_0)
07-25 21:40:09.654   723  5057 D MdpMgr  : [selectDpIspStream] [selectDpIspStream] cqIdx(0/1/0/21_0/1),sceID(0)
07-25 21:40:09.655   531  2449 E [GrallocExtra-ERROR]: gralloc_extra_query:105 gralloc_extra_query with NULL handle: 0x0
07-25 21:40:09.656  2345  2403 D C2OMXNode: dhy...mOsdPos:,,mOsdText:
07-25 21:40:09.660   723  5057 D MdpMgr  : [_dequeueBuf] +,cqIndx(0/1/0/21),sceID(0),deqIndex(1),isWaitBuf(1),
07-25 21:40:09.660   723  5057 D MdpMgr  :         deqIndex(1), dequeTime(6583 us)
07-25 21:40:09.660   723  5057 D MdpMgr  : [selectDpIspStream] [selectDpIspStream] cqIdx(0/1/0/21_0/1),sceID(0)
07-25 21:40:09.660   723  5057 D MdpMgr  : [_dequeueBuf] +,cqIndx(0/1/0/21),sceID(0),deqIndex(0),isWaitBuf(1),
07-25 21:40:09.660   723  5057 D MdpMgr  :         deqIndex(0), dequeTime(19 us)
07-25 21:40:09.660   723  5057 D MdpMgr  : [selectDpIspStream] [selectDpIspStream] cqIdx(0/1/0/21_0/1),sceID(0)
07-25 21:40:09.661   723  5057 D MtkCam/StreamingPipe/P2ANode: [onDIPStreamBaseCB] P2S cam 0 MWFrame:#21 MWReq:#21, frame 22-22 :sensor(0) Frame 22 enque done in 8 ms, result = 1
07-25 21:40:09.661   723  5057 D Iop/p2HPDQNode: [doDeque] +,tag(2),idx(0),p2CQ(0/1/0/21),
07-25 21:40:09.661   723  5057 D Iop/p2HPDQNode:                          +,tag(1),idx(0),p2CQ(0/1),
07-25 21:40:09.661   723  5057 D Iop/p2HPDQNode:                          -,cb(152 us)
07-25 21:40:09.661   723  5061 D MtkCam/P2/MWFrame: [doRelease] P2S cam 0 MWFrame:#21 MWReq:#21, frame 22 : all streams(8), using(0), status: s0:d0:App:YCrCb_420_SP:0|HW_TEXTURE(1),Meta:App:Control(1),Hal:Image:P1:Resizeraw_main1(1),Hal:Image:STT_main1(1),Hal:Meta:P1:Dynamic_main1(1),Hal:Meta:P2:Dynamic(1),App:Meta:DynamicP1_main1(1),App:Meta:DynamicP2(1),
07-25 21:40:09.662   723  5025 D mtkcam-AppStreamMgr: [0-FrameHandler::updateResult] requestNo 21, real time:0, last partial:1
07-25 21:40:09.662   723  5025 D ULog    : R AppRequest:21 M[CameraDevice:187001] -  :mtkcam-AppStreamMgr #38251
07-25 21:40:09.662   723  5061 D mtkcam-pipeline: [onLastStrongRef] [ requestNo:21 frameNo:21 ] frame end
07-25 21:40:09.662   723  5061 D MtkCam/StreamingPipe/Timer: [print]Frame timer [#   22/   0][t  10][io   0][tof  0/  0][d  0/  0][mss  0/  0/  0/  0][a  9/  1/  8][tun  0/  0][msf  0/  0][vnr  0/  0/  0][am  0][b  0/  0][tpi(  0/  0)/(  0/  0)/(  0/  0)][vmdp_A  0/  0 vmdp_B  0/  0][h  1/  0/  0][e  0][r  0/  0][w_A  0/  0/  0/  0 w_B  0/  0/  0/  0][x  0][disp  0/  0][async  0/  0][p2sm  0/  0/  0][fps29.66/29.66/ 30/ 30]
07-25 21:40:09.672   723  5052 D NormalPipe: [enqueRequest] +N:0 CurSof:26 enqCnt:24 cqCnt(p/v):24/24 FrameStatus(2)
07-25 21:40:09.672   723  5028 D HwIRQ3A : [wait] VSIrq
07-25 21:40:09.672   723  5052 D NormalPipe: [configEnquePath] N:0 configFrame event:1 multiSenNum:2 occupy:0 status:1(2) fsm:0 depth:0
07-25 21:40:09.672   723  5052 D NormalPipe: [dmaCfg] N:0 dma:x8 cmd:0x101a, crop:(0,0,2016,1136), outsize:(1920,1088)
07-25 21:40:09.673   723  5028 I MtkCam/P1NodeImp: [setRequest] [Cam::0 R26 S26 E25 D23 O23 #0] [P1::SET][Num Q:26 M:26 F:24 R:24 @0][Type:1 Out:x85 Rec:x0 Raw:1 Cap:0 Exe:1 Flush:x0] Num[26] Ctrl[1]=[ 26 ]
07-25 21:40:09.673   723  5052 D NormalPipe: [dmaCfg] N:0 dma:x6 cmd:0x101c, crop:(0,0,2016,1), outsize:(2016,1)
07-25 21:40:09.673   723  4812 E camiopipe: [vendor/mediatek/proprietary/hardware/mtkcam/drv/src/isp/mt6768/imageio/pipe/CamIOPipe/CamIOPipe.cpp, sendCommand, line3805] ERROR: [0x0]:NOT support command! (sendCommand){#3805:vendor/mediatek/proprietary/hardware/mtkcam/drv/src/isp/mt6768/imageio/pipe/CamIOPipe/CamIOPipe.cpp}
07-25 21:40:09.673   723  4812 E camiopipe: [vendor/mediatek/proprietary/hardware/mtkcam/drv/src/isp/mt6768/imageio/pipe/CamIOPipe/CamIOPipe.cpp, sendCommand, line3812] ERROR: [0x0]:sendCommand(0x1500) error! (sendCommand){#3812:vendor/mediatek/proprietary/hardware/mtkcam/drv/src/isp/mt6768/imageio/pipe/CamIOPipe/CamIOPipe.cpp}
07-25 21:40:09.673   723  5028 D aao_buf_mgr: [updateInfo] mMagicNumber(23), i4SubsampleCount(1)
07-25 21:40:09.673   723  4812 E NormalPipe: [vendor/mediatek/proprietary/hardware/mtkcam/drv/src/isp/mt6768/iopipe/CamIO/NormalPipe.cpp, sendCommand, line3773] ERROR: error: sendCommand fail: (cmd,arg1,arg2,arg3)=(0x00001500,0x7C9EA4FF40,0x7C9EA4FF44,0xB400007ECE8315EC) (sendCommand){#3773:vendor/mediatek/proprietary/hardware/mtkcam/drv/src/isp/mt6768/iopipe/CamIO/NormalPipe.cpp}
07-25 21:40:09.673   723  4812 D Hal3Av3 : [parseMeta] Return to AP AE_REGIONS L(0) T(0) R(0) B(0) W(0)
07-25 21:40:09.673   723  4812 D Hal3Av3 : [parseMeta] Return to AP AF_REGIONS L(0) T(0) R(0) B(0) W(0)
07-25 21:40:09.673   723  4812 D Hal3Av3 : [parseMeta] Return to AP AWB_REGIONS L(0) T(0) R(0) B(0) W(0)
07-25 21:40:09.673   723  4812 D Hal3Av3 : [parseMeta] MTK_SENSOR_TEST_PATTERN_DATA(0, 0, 0, 0)
07-25 21:40:09.673   723  5052 D ifunc_cam_tuning: [update] [0x0]:CAM_TUNING_CTRL - EN:0x100e02e0 DMA:0x808001e8
07-25 21:40:09.673   723  4812 I MtkCam/P1NodeImp: [runQueue] [Cam::0 R26 S26 E25 D23 O23 #1] [P1::REQ][Num Q:27 M:0 F:25 R:25 @0][Type:1 Out:x85 Rec:x0 Raw:1 Cap:0 Exe:1 Flush:x0] [META ze:0 ci:3 rt:-1 tn:-1 qc:-1 fi:-1 fr:-1] [New-Request][0] [0] [IMGO:1 (-1,-1)] [Gp:255/0] IOmap-Img[1]=<0_I[0]{}_O[2]{0x100000003,0x100000004}>-Meta[1]=<0_I[2]{0x80000000,0x100000018}_O[2]{0x10000001b,0x100000024}> CfgStream-Img[OutIMG:0x100000001(0),OutRRZ:0x100000003(1),OutLCS:0x100000004(1)]-Meta[InAPP:0x80000000(1),InHAL:0x100000018(1),OutAPP:0x100000024(1),OutHAL:0x10000001b(1)]  | [PreSet][Key:27] Num(0) Dummy(0) MetaCnt[APP:66,HAL:17] | [Rev:0] depth(1) burst(1) Que[1]
07-25 21:40:09.673   723  4812 D MtkCam/ppl_context: [sendFrameToRootNodes] r25 frameNo:25 (X) -> 0x1 success; erase record
07-25 21:40:09.673   723  5052 D LMVDrv  : [GetLMVStatusAndUpdate]Suspicous clear, driver may drop frame and now in new pipeline: magicNum(25)=bypass(0)
07-25 21:40:09.673   723  5052 W LMVDrv  : [GetLMVStatusAndUpdate]Cannot find magicNum(0) in queue(0)
07-25 21:40:09.673   723  5052 D camiopipe: [sendCommand] [0x0]:[2]P1_UPDATE_CHECK CTL_EN(0x11bebee3) +[0_0]:0x11bebee3 [1_0]:0x11bebee3 [2_0]:0x11bebee3 -[0_0]:0x11bebee3 [1_0]:0x11bebee3 [2_0]:0x11bebee3 
07-25 21:40:09.673   723  5028 D AeFlowDefault: [monitorAndReschedule:Perframe AE] Calc:1 Apply:1 Magic:23 AEMonitorStable:1 VdCnt:0 u4CwvYcur:0 u4CwvYpre:0 
07-25 21:40:09.673   723  5052 D NormalPipe: [frameToEnque] - sof(26)
07-25 21:40:09.673   723  5052 D NormalPipe: [enqueRequest] -
07-25 21:40:09.673   723  5028 D ae_mgr  : [updateAEInfo2ISP] State:0 VDNum:0 Shutter:30003 Gain:9040 1024 750 Flare offset:0 512 FrameDuration:33350000 DisableOBC:0 ExpRatio:100 eAEMode:1 eAEstate:2 CurrentidxF:113
07-25 21:40:09.673   723  5028 D awb_mgr : [setIspAwbInfo()] m_eSensorDev: 1, awb_gain: 988/512/824, PreGain1: 512/512/512, RPG: 988/512/824, PGN: 988/512/824, bAWBLock: 0 (m_bAWBLock:0, m_u4AWBMode:1)
07-25 21:40:09.673   723  5028 D Task3APv: [run] getSensorParams: m_u4PreRealISO(750), u4RealISO(750), m_preAwbGain(988, 512, 819), rAwbInfo.gain(988, 512, 824)
07-25 21:40:09.674   723  5028 D isp_tuning_custom: [evaluate_Shading_Ratio] sensorid(1379), preSensorId(1379), eSensorMode(2), preSensorMode(2), isSensorOrModeSwitch(0), isInit(0)
07-25 21:40:09.674   723  5028 D isp_tuning_custom: [iso_smooth][ISO smooth enabled][ISO idx(3331)]avgISO = 750.
07-25 21:40:09.674   723  5081 D MtkCam/HalSensorList: [querySecureState] Secure State is 0
07-25 21:40:09.674   723  5028 D isp_tuning_custom: [RA_smooth][RA smooth][frm idx(3331)] rto for iso(21), prev_rto(21),RA_incremental_step(2), smoothed ratio(21)
07-25 21:40:09.674   723  5028 D paramctrl_per_frame: put ratio with m_eSensorDev(1), i4Rto(21)
07-25 21:40:09.674   723  5028 D paramctrl_per_frame: [updateLscInfo] (flash, iso, rto)=(0, 750, 21), auto(1), lock(0,0,0), dyn(1), op(0), PreCapFlashIsLockRto(0), fgForceUnlock(0)
07-25 21:40:09.674   723  5028 D Task3APv: [run] Cam 1 : Req(#26)/Stt(#23)/i4Opt(0)/FlashOnOff(0) Lv(8)/ISO(750)/RGB(988,512,824) AFisLockAE(1) isLVChangeTooMuch(0) m_i4FrameCount(24) m_i4TsfFrameCount(25)
07-25 21:40:09.674   723  5033 D MtkCam/BaseHeap: [IonHeap::helpFlushCacheIon] ctrl(0), num[0]: mID(0x26),size(24576),VA(0x7f77703000),PA(0x5400000)
07-25 21:40:09.674   723  5028 W TuningMgr: TuningMgr[updateEngine] WARNING: [temp log] AF enable(1_0x100e02e0_0x808001e8)
07-25 21:40:09.674   723  5028 D TuningMgr: TuningMgr[enqueBuffer] magicNum(0x1a)
07-25 21:40:09.675   723  4812 D ULog    : R AppRequest:26 M[CameraDevice:187001] +  :mtkcam-dev3 #38252
07-25 21:40:09.675   723  5081 D MtkCam/HalSensorList: [querySecureState] Secure State is 0
07-25 21:40:09.675   723  5028 I MtkCam/P1NodeImp: [setupAction] [Cam::0 R26 S26 E26 D23 O23 #1] [P1::ENQ][Num Q:26 M:26 F:24 R:24 @26][Type:1 Out:x85 Rec:x0 Raw:1 Cap:0 Exe:1 Flush:x0] [Exp:30003000ns] [MetaCtrl][SCALER_CROP(1) (0,0_2016x1512) ][SENSOR_CROP(0)][RESIZER_SET(0)]
07-25 21:40:09.675   723  5028 D NormalPipe: [acceptEnqRequest] MyEnq:0: dma:0x8 pa(0x5900000)io(0_0_2016_1136_1920_1088) mag(0x1a)|dma:0x6 pa(0x4F009E0)io(0_0_2016_1_2016_1) mag(0x1a)|dma:0xf pa(0x9001A00)io(0_0_256_1_256_1) mag(0x1a)|dma:0xb pa(0xD800000)io(0_0_384_384_384_384) mag(0x1a)|
07-25 21:40:09.675   723  4812 D mtkcam-dev3-utils: [0-AppRequestUtil::createOneRequest] requestNumber[26]:StreamBuffer:0xb400007dbe81c640 streamId:0 bufferId:6 buffer:0xb400007e2e811610 status:OK acquireFenceOp.hdl:0x7cde6082f0 releaseFenceOp.hdl:0x0 acquireFenceOp.fd:-1 releaseFenceOp.fd:-1 appBufferHandleHolder:0xb400007d8e85cd68 freeByOthers:0 / 
07-25 21:40:09.676   723  4812 D mtkcam-HDRPolicyHelper: [getSeamlessSmoothResult][Cam::0]frameType[3] requestAETargetMode=0 requestExpNum=0
07-25 21:40:09.676   723  4812 D MtkCam/ppl_context: [sendFrameToRootNodes] r26 frameNo:26 (X) -> 0x1 BUSY
07-25 21:40:09.677   723  5080 D af_mgr_v3: cmd-getFocusDistance Pos 560->600, Dis 6.080000->6.733333; fDist_Macro_rev 10.000000, fDist_Inf_rev 0.200000, fDAC_Macro 800.000000, fDAC_Inf 200.000000
07-25 21:40:09.678   723  5080 D AfAlgo  : down maxOffset=46 maxCompLevel=46, cutOffset=7, maxOffset=46 offset 0, level 4, cut offset 7, x/y/z/g=73/1042/-82/1047
07-25 21:40:09.678   723  5080 E AfAlgo  : Err:  6195: [AdpComp]Adaptive input error!! 
07-25 21:40:09.678   723  5080 E AfAlgo  : Err:  6279: [AdpComp]Adaptive input error
07-25 21:40:09.678   723  5080 E AfAlgo  : Err:  6279: [AdpComp]Adaptive input error
07-25 21:40:09.678   723  5080 D af_mgr_v3: #(   26,   24) MoveLensTo Dev(1) DAC(650)
07-25 21:40:09.678   723  5080 D LensDrv : [moveMCU] Dev(1) , ioctl - mcuIOC_T_MOVETO, error Operation not permitted
07-25 21:40:09.679   723  5080 D TaskAFNormal: [run] Cam 1 : Req(#26)/Stt(#24)/i4Opt(0)/FlashOnOff(0)
07-25 21:40:09.680   723  5053 D SecMgr  : [SecMgr_GetSecurePortStatus] + (0x0x0)module:0x0 dma port:rrzo
07-25 21:40:09.680   723  5053 D SecMgr  : [SecMgr_GetSecurePortStatus] (0x0)DMA port (0x1) is not supported
07-25 21:40:09.680   723  5053 D ifunc_cam_buf: [waitBufReady] [0x0]:, [0x8500000] waitbufready pass
07-25 21:40:09.680   723  5053 D ifunc_cam_buf: [dequeueHwBuf] [0x0]:BUF_CTRL_RRZO:(0xd_0x0),PA(0x8500000_0xBC00B80),FH_VA(0x7F775C3B80),size(0x3bc400),cur sof(0),
07-25 21:40:09.680   723  5053 D SecMgr  : [SecMgr_GetSecurePortStatus] + (0x0x0)module:0x0 dma port:imgo
07-25 21:40:09.680   723  5053 D SecMgr  : [SecMgr_GetSecurePortStatus] (0x0)DMA port (0x0) is not supported
07-25 21:40:09.680   723  5053 D SecMgr  : [SecMgr_GetSecurePortStatus] + (0x0x0)module:0x0 dma port:
07-25 21:40:09.681   723  5053 D SecMgr  : [SecMgr_GetSecurePortStatus] + (0x0x0)module:0x0 dma port:lcso
07-25 21:40:09.681   723  5053 D NormalPipe: [ispDequeThread] N:0_deq@SOF_26
07-25 21:40:09.681   723  5044 D NormalPipe: [deque] MyDeq:0: dma:0x6 pa(0x4F00000) io(0_0_1_0_0_0_2016_1_2016_1) mag(0x18)|dma:0x8 pa(0x8500000) io(0_0_2016_1136_0_0_1920_1088_1920_1088) mag(0x18)|dma:0xb pa(0xE500000) io(0_0_0_0_0_0_0_0_0_0) mag(0x18)|dma:0xf pa(0x9001800) io(0_0_0_0_0_0_0_0_0_0) mag(0x18)|
07-25 21:40:09.681   723  5053 D SecMgr  : [SecMgr_GetSecurePortStatus] + (0x0x0)module:0x0 dma port:rrzo
07-25 21:40:09.681   723  5053 D SecMgr  : [SecMgr_GetSecurePortStatus] (0x0)DMA port (0x1) is not supported
07-25 21:40:09.681   723  5044 W fsc_hal : [processResult]image_scale_output.image_scale == 0
07-25 21:40:09.681   723  5044 D fsc_hal : [processResult]P magic(24) dac(650) ET(30003) EIS(0), CB magic(24), factor(1.000000), sensor(2016,1136), RRZO: c(0,0,2016,1136) s(1920,1088) f(0.000000,0.000000,1920.000000,1088.000000),RSSO: s(0,0), f(0.000000,0.000000,0.000000,0.000000)
07-25 21:40:09.681   723  5044 D MtkCam/HalSensorList: [querySecureState] Secure State is 0
07-25 21:40:09.681   723  5044 D MtkCam/HalSensor: [destroyInstance] HalSensor destroyInstance count = 6, caller =MtkCam/P1NodeUtility
07-25 21:40:09.681   723  5044 D MtkCam/BaseHeap: [IonHeap::unlockBufLocked] Hal:Image:P1:Fullraw_main1:Size2016x1:Stride2520.0.0:Sn1@ still locked (2)
07-25 21:40:09.681   723  5044 I MtkCam/P1NodeImp: [releaseAction] [Cam::0 R26 S26 E26 D24 O23 #1] [P1::DEQ][Num Q:24 M:24 F:22 R:22 @24][Type:1 Out:x85 Rec:x0 Raw:1 Cap:0 Exe:3 Flush:x0] job(0/1) IMG(pure) RRZ0(0-0-2016x1136)(0-0-1920x1088)(1920x1088) T-ns(EXP: 30003000)(Src:0)(SOF: m_948350651000 b_948350645000)(SS: 948320648000) ExpExtend(0, 0)Q(Sen
07-25 21:40:09.682   723  5047 I MtkCam/P1NodeImp: [releaseFrame] [Cam::0 R26 S26 E26 D24 O24 #1] [P1::OUT][Num Q:24 M:24 F:22 R:22 @24][Type:1 Out:x85 Rec:x0 Raw:1 Cap:0 Exe:3 Flush:x0] [Release-0] [DispatchFrame]
07-25 21:40:09.682   723  5047 D MtkCam/ppl_context: [onDispatchFrame] r22 frameNo:22 0x1 -> 0x15 READY(1/1)
07-25 21:40:09.682   723  5047 D MtkCam/P2/MWFrameRequest: [printIOMap] P2S cam 0 MWFrame:#22 MWReq:#22, frame 23 : iomap: [0]=>img[2/1], meta[3/2], fps[29.65]
07-25 21:40:09.683   723  5062 D MtkCam/P2/StreamingProcessor: [makePayLoad] P2S cam 0 MWFrame:#22 MWReq:#22, frame 23-0 : masterID(0) #Requests(1) merged into #RequestsPacks(1), PendingPayload(1), p1Ts=0000948323148000
07-25 21:40:09.683   723  5062 D MtkCam/StreamingPipe/Data: [calNonLargeSrcCrop]sID(0), imgoIn(0), srcCrop(0,0,1920x1088), isSrcCrop(0), mP2Pack Valid(1), imgo(0x0),rrz(1920x1088)
07-25 21:40:09.683   723  5062 D MtkCam/StreamingPipe/Pipe: [prepareIORequest]P2S cam 0 MWFrame:#22 MWReq:#22, frame 23-23  master/slave/fd(0/-1/0) ReqNo(23), feature=0x8008(3DNR+FSC), cycle(33), fps(n/a)=(30/30), ZoomROI((1442.539673x1088.000000)@(238.730179,0.000000)) SFPIOMgr:[sID(0)--IMG(0x0/0),RRZ(0xb400007e0e81d4d0/1),LCS(0xb400007e0e825510/1),LCSH(0x0/0),pRSS(0x0/0),cRSS(0x0/0),RSSR2(0x0/0),FYuv(0x0/0),RYuv1(0x0/0),RYuv2(0x0/0),mAIYuv(0x0/0),HalI(0xb400007dbe81f740),AppI(0xb400007e2e8284b8),AppDI(0xb400007dbe811200),AppOver(0x0)]{path(GEN),halO(0xb400007e2e826c70),appO(0xb400007e2e822bb0),Outs--[buf(0xb400007e0e814710/1)(320x240),tran(0),type(1), tar(disp), prof(0), crop(238.730179,0.000000,1442.539673x1088.000000), flag(0x0)]Tuning--id(0)--[flag(5)]}
07-25 21:40:09.684   723  5060 D isp_mgr_sl2: DIP_X_SL2H_RZ is (SL2_VRZ_COM, SL2_HRZ_COM) = (2138, 2150), (i4RzWidth, i4Width) = (1920, 2016), (i4RzHeight, i4Height) = (1088, 1136)
07-25 21:40:09.684   723  5060 D isp_mgr_sl2: profile is 1, DIP_X_SL2H_RZ is (0x085a0866)
07-25 21:40:09.684   723  5060 D isp_mgr_nr3d: NR3D_EN(1), SL2E_EN(1), x,y,w,h(0,0,1920,1088), full x,y,w,h(0,0,1920,1088),vipi offst(0) w,h(1920,1088), R2C en(1) cnt(0,0,0,10)
07-25 21:40:09.684   723  5060 D MtkCam/StreamingPipe/P2ANode: [enqueFeatureStream] P2S cam 0 MWFrame:#22 MWReq:#22, frame 23-23 :sensor(0) Frame 23 enque start
07-25 21:40:09.685   723  5055 D Iop/p2HPEQNode: [doEnque] sDrvScen:0, CQIdx:0, dupCQIdx:0, burstQIdx:0, RingBufIndex:22,  mTuningData ptr:780701860
07-25 21:40:09.685   723  5055 D PostProcPipe: [PrintPipePortInfo] vInPorts:FN(22),RN(22),TS(0xcc76e0e0),UK(0xcc183a0),Sec(0),[0]:(0x2205),w(1920),h(1088),stride(3600,0,0),type(0),idx(19),dir(0),Size(0x003bc400,0x00000000,0x00000000),VA(0x7c6535b000,0x0,0x0),PA(0x8500000,0x0,0x0),secPort(0),
07-25 21:40:09.685   723  5055 D PostProcPipe:                       vInPorts:FN(22),RN(22),TS(0xcc76e0e0),UK(0xcc183a0),Sec(0),[1]:(0x32315659),w(1920),h(1088),stride(1920,960,960),type(0),idx(22),dir(0),Size(0x001fe000,0x0007f800,0x0007f800),VA(0x7c72241000,0x7c7243f000,0x7c724be800),PA(0xa700000,0xa8fe000,0xa97d800),secPort(0),
07-25 21:40:09.685   723  5055 D PostProcPipe:                       vInPorts:FN(22),RN(22),TS(0xcc76e0e0),UK(0xcc183a0),Sec(0),[2]:(0x2401),w(200),h(112),stride(768,0,0),type(0),idx(26),dir(0),Size(0x00048000,0x00000000,0x00000000),VA(0x7ccb85b000,0x0,0x0),PA(0xe500000,0x0,0x0),secPort(0)
07-25 21:40:09.685   723  5055 D PostProcPipe: [PrintPipePortInfo] vOutPorts:FN(22),RN(22),TS(0xcc76e0e0),UK(0xcc183a0),Sec(0),[0]:(0x32315659),w(1920),h(1088),stride(1920,960,960),type(0),idx(32),dir(1),Size(0x001fe000,0x0007f800,0x0007f800),VA(0x7c85b2d000,0x7c85d2b000,0x7c85daa800),PA(0xaa00000,0xabfe000,0xac7d800),secPort(0),
07-25 21:40:09.685   723  5055 D PostProcPipe:                       vOutPorts:FN(22),RN(22),TS(0xcc76e0e0),UK(0xcc183a0),Sec(0),[1]:(0x11),w(320),h(240),stride(320,320,0),type(0),idx(38),dir(1),Size(0x00012c00,0x00009600,0x00000000),VA(0x7f773d4000,0x7f773e6c00,0x0),PA(0xd600000,0xd612c00,0x0),secPort(0)
07-25 21:40:09.685   723  5055 D PostProcPipe: [configPipe] [Imgi][crop_1](x,f_x,y,f_y)=(0,0,0,0),(w,f_w,h,f_h)=(0,0,0,0),(tarW,tarH)=(0,0)-
07-25 21:40:09.685   723  5055 D PostProcPipe:                     [crop_2](x,f_x,y,f_y)=(238,765648,0,0),(w,f_w,h,f_h)=(1442,565888,1088,0),(tarW,tarH)=(320,240)-
07-25 21:40:09.685   723  5055 D PostProcPipe:                     [crop_3](x,f_x,y,f_y)=(0,0,0,0),(w,f_w,h,f_h)=(0,0,0,0),(tarW,tarH)=(0,0),dupCqIdx(0),[vipi]ofst(0),rW/H(1920/1088)
07-25 21:40:09.685   723  5055 D PostProcPipe: ,                    isDipOnly(0), hwmodule(9/0), dipCQ/dup/burst(0/0/0), drvSc(0), isWtf(1),tdr_tpipe(0),en_yuv/yuv2/rgb/dma/fmt_sel/ctl_sel/misc (0x11e07df8/0xf0/0x1400f9/0x20e0f1/0x30480409/0x16040/0x10), tcm(0xa/0x9fd8e1e3/0xe807b3c), last(1), CRZ_EN(0), img3o ofset(0,0),userName(),PIX_ID(3),ImgBuf_PIX_ID(3),tv_sec(1784986809),tv_usec(717762)
07-25 21:40:09.685   723  5055 D iio/ifunc_dip: [ConfigDipPipe] moduleIdx(0), pDipWBuf(0xce827810), m_pIspDescript_phy(0x9184000), m_pIspDescript_vir(0x8a6d9000), m_pIspVirRegAddr_pa(0x9185000), m_pIspVirRegAddr_va(0x8a6da000)
07-25 21:40:09.685   723  5056 D iio/ifunc_dip: [enable] thiscq(0), frameflag(0x1), ring_index(22), ref_ringbufidx(21)
07-25 21:40:09.685   723  5056 D MdpMgr  : [updateDpStreamMap] refObjectCqIdx:0, refObjectRingBufIdx:1,cqIdx:0,ringIdx:22,refringbufidx:21
07-25 21:40:09.685   723  5056 D MdpMgr  : [selectDpIspStream] [selectDpIspStream] cqIdx(0/0/0/22_0/1),sceID(0)
07-25 21:40:09.685   723  5056 D MdpMgr  : [_startMdp] dstFmt(657,4982892)
07-25 21:40:09.686   723  5056 D MdpMgr  : [_startMdp] +sceID(0),cqPa(0x9184000)-Va(0x7c8a6d9000),tpipVa(0x7c8a164000)-Pa(0x9310000),isWaitB(1),cqIndx(0/0/0/22),venc(0),(va: 0x7c8a164000),        srcFt(0x2205),W(1920),H(1088),stride(3600,0),size(0x3bc400-0x0-0x0),VA(0x    ffff),PA(0x 8500000),plane(1),Stmtype(1)
07-25 21:40:09.686   723  5056 D MdpMgr  :         wdma_en(1),idx(0),cap(3),ft(17),rt(0),fp(0),(w,h,s)=(320,240,320),C(w,h,s)=(320,120,320),V(w,h,s)=(0,0,0),mdpidx(0),
07-25 21:40:09.686   723  5056 D MdpMgr  :         wrot_en(0),idx(1),cap(0),ft(0),rt(0),fp(0),(w,h,s)=(0,0,0),C(w,h,s)=(0,0,0),V(w,h,s)=(0,0,0),mdpidx(0),
07-25 21:40:09.686   723  5056 D MdpMgr  :         jpg_en(0),idx(2),cap(0),ft(0),rt(0),fp(0),(w,h,s)=(0,0,0),C(w,h,s)=(0,0,0),V(w,h,s)=(0,0,0),mdpidx(1),
07-25 21:40:09.686   723  5056 D MdpMgr  :         pipe_en(0),idx(3),cap(0),ft(0),rt(0),fp(0),(w,h,s)=(0,0,0),C(w,h,s)=(0,0,0),V(w,h,s)=(0,0,0),mdpidx(2),
07-25 21:40:09.686   723  5056 D MdpMgr  :         (va:0x7c8a164000,dstpa:0x9310000)
07-25 21:40:09.686   723  5056 D MdpMgr  : flag(0_0x1->0x1),startStm(665 us),WDPQ(0x       0),WRPQ(0x       0),tv_sec(1784986809),tv_usec(717762)
07-25 21:40:09.686   723  5056 D Iop/p2HPEQNode: [doMdpStart] frameUnit.idxofwaitDQFrmPackList (0x5e812e78_0_0_0, 0_0_1_0)
07-25 21:40:09.686   723  5057 D MdpMgr  : [selectDpIspStream] [selectDpIspStream] cqIdx(0/0/0/22_0/1),sceID(0)
07-25 21:40:09.686   548   653 I mtkpower@impl: [powerd_req] TIMER_MSG_PERF_LOCK_TIMEOUT hdl:210
07-25 21:40:09.686   548   653 I libPowerHal: [perfLockRel] hdl:210, idx:2
07-25 21:40:09.687   548   653 I libPowerHal: camerahalserver: cpu_ctrl set cpu freq: -1 -1 -1 -1
07-25 21:40:09.687   548   653 I libPowerHal: camerahalserver: cpu_ctrl set cpu core: -1 -1 -1 -1
07-25 21:40:09.689   531  2449 E [GrallocExtra-ERROR]: gralloc_extra_query:105 gralloc_extra_query with NULL handle: 0x0
07-25 21:40:09.689  2345  2403 D C2OMXNode: dhy...mOsdPos:,,mOsdText:
07-25 21:40:09.693   723  5057 D MdpMgr  : [_dequeueBuf] +,cqIndx(0/0/0/22),sceID(0),deqIndex(1),isWaitBuf(1),
07-25 21:40:09.693   723  5057 D MdpMgr  :         deqIndex(1), dequeTime(6619 us)
07-25 21:40:09.693   723  5057 D MdpMgr  : [selectDpIspStream] [selectDpIspStream] cqIdx(0/0/0/22_0/1),sceID(0)
07-25 21:40:09.693   723  5057 D MdpMgr  : [_dequeueBuf] +,cqIndx(0/0/0/22),sceID(0),deqIndex(0),isWaitBuf(1),
07-25 21:40:09.693   723  5057 D MdpMgr  :         deqIndex(0), dequeTime(33 us)
07-25 21:40:09.693   723  5057 D MdpMgr  : [selectDpIspStream] [selectDpIspStream] cqIdx(0/0/0/22_0/1),sceID(0)
07-25 21:40:09.693   723  5057 D MtkCam/StreamingPipe/P2ANode: [onDIPStreamBaseCB] P2S cam 0 MWFrame:#22 MWReq:#22, frame 23-23 :sensor(0) Frame 23 enque done in 8 ms, result = 1
07-25 21:40:09.693   723  5057 D Iop/p2HPDQNode: [doDeque] +,tag(2),idx(0),p2CQ(0/0/0/22),
07-25 21:40:09.693   723  5057 D Iop/p2HPDQNode:                          +,tag(1),idx(0),p2CQ(0/0),
07-25 21:40:09.693   723  5057 D Iop/p2HPDQNode:                          -,cb(203 us)
07-25 21:40:09.694   723  5061 D MtkCam/P2/MWFrame: [doRelease] P2S cam 0 MWFrame:#22 MWReq:#22, frame 23 : all streams(8), using(0), status: s0:d0:App:YCrCb_420_SP:0|HW_TEXTURE(1),Meta:App:Control(1),Hal:Image:P1:Resizeraw_main1(1),Hal:Image:STT_main1(1),Hal:Meta:P1:Dynamic_main1(1),Hal:Meta:P2:Dynamic(1),App:Meta:DynamicP1_main1(1),App:Meta:DynamicP2(1),
07-25 21:40:09.694   723  5025 D mtkcam-AppStreamMgr: [0-FrameHandler::updateResult] requestNo 22, real time:0, last partial:1
07-25 21:40:09.694   723  5025 D ULog    : R AppRequest:22 M[CameraDevice:187001] -  :mtkcam-AppStreamMgr #38253
07-25 21:40:09.694   723  5061 D mtkcam-pipeline: [onLastStrongRef] [ requestNo:22 frameNo:22 ] frame end
07-25 21:40:09.695   723  5061 D MtkCam/StreamingPipe/Timer: [print]Frame timer [#   23/   0][t  10][io   0][tof  0/  0][d  0/  0][mss  0/  0/  0/  0][a  9/  0/  8][tun  0/  0][msf  0/  0][vnr  0/  0/  0][am  0][b  0/  0][tpi(  0/  0)/(  0/  0)/(  0/  0)][vmdp_A  0/  0 vmdp_B  0/  0][h  1/  0/  0][e  0][r  0/  0][w_A  0/  0/  0/  0 w_B  0/  0/  0/  0][x  0][disp  0/  0][async  0/  0][p2sm  0/  0/  0][fps29.73/29.73/ 30/ 30]
07-25 21:40:09.706   723  5028 D HwIRQ3A : [wait] VSIrq
07-25 21:40:09.706   723  5052 D NormalPipe: [enqueRequest] +N:0 CurSof:27 enqCnt:25 cqCnt(p/v):25/25 FrameStatus(2)
07-25 21:40:09.706   723  5052 D NormalPipe: [configEnquePath] N:0 configFrame event:1 multiSenNum:2 occupy:0 status:1(2) fsm:0 depth:0
07-25 21:40:09.706   723  5052 D NormalPipe: [dmaCfg] N:0 dma:x8 cmd:0x101a, crop:(0,0,2016,1136), outsize:(1920,1088)
07-25 21:40:09.706   723  5028 I MtkCam/P1NodeImp: [setRequest] [Cam::0 R27 S27 E26 D24 O24 #0] [P1::SET][Num Q:27 M:27 F:25 R:25 @0][Type:1 Out:x85 Rec:x0 Raw:1 Cap:0 Exe:1 Flush:x0] Num[27] Ctrl[1]=[ 27 ]
07-25 21:40:09.706   723  5052 D NormalPipe: [dmaCfg] N:0 dma:x6 cmd:0x101c, crop:(0,0,2016,1), outsize:(2016,1)
07-25 21:40:09.707   723  4812 E camiopipe: [vendor/mediatek/proprietary/hardware/mtkcam/drv/src/isp/mt6768/imageio/pipe/CamIOPipe/CamIOPipe.cpp, sendCommand, line3805] ERROR: [0x0]:NOT support command! (sendCommand){#3805:vendor/mediatek/proprietary/hardware/mtkcam/drv/src/isp/mt6768/imageio/pipe/CamIOPipe/CamIOPipe.cpp}
07-25 21:40:09.707   723  4812 E camiopipe: [vendor/mediatek/proprietary/hardware/mtkcam/drv/src/isp/mt6768/imageio/pipe/CamIOPipe/CamIOPipe.cpp, sendCommand, line3812] ERROR: [0x0]:sendCommand(0x1500) error! (sendCommand){#3812:vendor/mediatek/proprietary/hardware/mtkcam/drv/src/isp/mt6768/imageio/pipe/CamIOPipe/CamIOPipe.cpp}
07-25 21:40:09.707   723  4812 E NormalPipe: [vendor/mediatek/proprietary/hardware/mtkcam/drv/src/isp/mt6768/iopipe/CamIO/NormalPipe.cpp, sendCommand, line3773] ERROR: error: sendCommand fail: (cmd,arg1,arg2,arg3)=(0x00001500,0x7C9EA4FF40,0x7C9EA4FF44,0xB400007ECE80E9AC) (sendCommand){#3773:vendor/mediatek/proprietary/hardware/mtkcam/drv/src/isp/mt6768/iopipe/CamIO/NormalPipe.cpp}
07-25 21:40:09.707   723  5028 D aao_buf_mgr: [updateInfo] mMagicNumber(24), i4SubsampleCount(1)
07-25 21:40:09.707   723  4812 D Hal3Av3 : [parseMeta] Return to AP AE_REGIONS L(0) T(0) R(0) B(0) W(0)
07-25 21:40:09.707   723  4812 D Hal3Av3 : [parseMeta] Return to AP AF_REGIONS L(0) T(0) R(0) B(0) W(0)
07-25 21:40:09.707   723  5052 D ifunc_cam_tuning: [update] [0x0]:CAM_TUNING_CTRL - EN:0x100e02e0 DMA:0x808001e8
07-25 21:40:09.707   723  4812 D Hal3Av3 : [parseMeta] Return to AP AWB_REGIONS L(0) T(0) R(0) B(0) W(0)
07-25 21:40:09.707   723  5052 D LMVDrv  : [GetLMVStatusAndUpdate]Suspicous clear, driver may drop frame and now in new pipeline: magicNum(26)=bypass(0)
07-25 21:40:09.707   723  5052 W LMVDrv  : [GetLMVStatusAndUpdate]Cannot find magicNum(0) in queue(0)
07-25 21:40:09.707   723  4812 D Hal3Av3 : [parseMeta] MTK_SENSOR_TEST_PATTERN_DATA(0, 0, 0, 0)
07-25 21:40:09.707   723  4812 I MtkCam/P1NodeImp: [runQueue] [Cam::0 R27 S27 E26 D24 O24 #1] [P1::REQ][Num Q:28 M:0 F:26 R:26 @0][Type:1 Out:x85 Rec:x0 Raw:1 Cap:0 Exe:1 Flush:x0] [META ze:0 ci:3 rt:-1 tn:-1 qc:-1 fi:-1 fr:-1] [New-Request][0] [0] [IMGO:1 (-1,-1)] [Gp:255/0] IOmap-Img[1]=<0_I[0]{}_O[2]{0x100000003,0x100000004}>-Meta[1]=<0_I[2]{0x80000000,0x100000018}_O[2]{0x10000001b,0x100000024}> CfgStream-Img[OutIMG:0x100000001(0),OutRRZ:0x100000003(1),OutLCS:0x100000004(1)]-Meta[InAPP:0x80000000(1),InHAL:0x100000018(1),OutAPP:0x100000024(1),OutHAL:0x10000001b(1)]  | [PreSet][Key:28] Num(0) Dummy(0) MetaCnt[APP:66,HAL:17] | [Rev:0] depth(1) burst(1) Que[1]
07-25 21:40:09.707   723  4812 D MtkCam/ppl_context: [sendFrameToRootNodes] r26 frameNo:26 (X) -> 0x1 success; erase record
07-25 21:40:09.707   723  5052 D camiopipe: [sendCommand] [0x0]:[0]P1_UPDATE_CHECK CTL_EN(0x11bebee3) +[0_0]:0x11bebee3 [1_0]:0x11bebee3 [2_0]:0x11bebee3 -[0_0]:0x11bebee3 [1_0]:0x11bebee3 [2_0]:0x11bebee3 
07-25 21:40:09.707   723  5052 D NormalPipe: [frameToEnque] - sof(27)
07-25 21:40:09.707   723  5052 D NormalPipe: [enqueRequest] -
07-25 21:40:09.707   723  5028 D AeFlowDefault: [monitorAndReschedule:Perframe AE] Calc:1 Apply:1 Magic:24 AEMonitorStable:1 VdCnt:0 u4CwvYcur:0 u4CwvYpre:0 
07-25 21:40:09.708   723  5028 D ae_mgr  : [updateAEInfo2ISP] State:0 VDNum:0 Shutter:30003 Gain:9040 1024 750 Flare offset:0 512 FrameDuration:33350000 DisableOBC:0 ExpRatio:100 eAEMode:1 eAEstate:2 CurrentidxF:113
07-25 21:40:09.708   723  5081 D MtkCam/HalSensorList: [querySecureState] Secure State is 0
07-25 21:40:09.708   723  5028 D awb_mgr : [setIspAwbInfo()] m_eSensorDev: 1, awb_gain: 988/512/824, PreGain1: 512/512/512, RPG: 988/512/824, PGN: 988/512/824, bAWBLock: 0 (m_bAWBLock:0, m_u4AWBMode:1)
07-25 21:40:09.709   723  5028 D Task3APv: [run] getSensorParams: m_u4PreRealISO(750), u4RealISO(750), m_preAwbGain(988, 512, 824), rAwbInfo.gain(988, 512, 824)
07-25 21:40:09.709   723  5028 D isp_tuning_custom: [evaluate_Shading_Ratio] sensorid(1379), preSensorId(1379), eSensorMode(2), preSensorMode(2), isSensorOrModeSwitch(0), isInit(0)
07-25 21:40:09.709   723  5028 D isp_tuning_custom: [iso_smooth][ISO smooth enabled][ISO idx(3332)]avgISO = 750.
07-25 21:40:09.709   723  5028 D isp_tuning_custom: [RA_smooth][RA smooth][frm idx(3332)] rto for iso(21), prev_rto(21),RA_incremental_step(2), smoothed ratio(21)
07-25 21:40:09.709   723  5028 D paramctrl_per_frame: put ratio with m_eSensorDev(1), i4Rto(21)
07-25 21:40:09.709   723  5028 D paramctrl_per_frame: [updateLscInfo] (flash, iso, rto)=(0, 750, 21), auto(1), lock(0,0,0), dyn(1), op(0), PreCapFlashIsLockRto(0), fgForceUnlock(0)
07-25 21:40:09.709   723  5028 D Task3APv: [run] Cam 1 : Req(#27)/Stt(#24)/i4Opt(0)/FlashOnOff(0) Lv(8)/ISO(750)/RGB(988,512,824) AFisLockAE(1) isLVChangeTooMuch(0) m_i4FrameCount(25) m_i4TsfFrameCount(26)
07-25 21:40:09.710   723  4812 D ULog    : R AppRequest:27 M[CameraDevice:187001] +  :mtkcam-dev3 #38254
07-25 21:40:09.710   723  5028 W TuningMgr: TuningMgr[updateEngine] WARNING: [temp log] AF enable(1_0x100e02e0_0x808001e8)
07-25 21:40:09.710   723  5028 D TuningMgr: TuningMgr[enqueBuffer] magicNum(0x1b)
07-25 21:40:09.710   723  5081 D MtkCam/HalSensorList: [querySecureState] Secure State is 0
07-25 21:40:09.710   723  4812 D mtkcam-dev3-utils: [0-AppRequestUtil::createOneRequest] requestNumber[27]:StreamBuffer:0xb400007dbe81c640 streamId:0 bufferId:7 buffer:0xb400007e2e81ac90 status:OK acquireFenceOp.hdl:0x7cde6082f0 releaseFenceOp.hdl:0x0 acquireFenceOp.fd:-1 releaseFenceOp.fd:-1 appBufferHandleHolder:0xb400007d8e83bda8 freeByOthers:0 / 
07-25 21:40:09.711   723  4812 D mtkcam-HDRPolicyHelper: [getSeamlessSmoothResult][Cam::0]frameType[3] requestAETargetMode=0 requestExpNum=0
07-25 21:40:09.711   723  5028 I MtkCam/P1NodeImp: [setupAction] [Cam::0 R27 S27 E27 D24 O24 #1] [P1::ENQ][Num Q:27 M:27 F:25 R:25 @27][Type:1 Out:x85 Rec:x0 Raw:1 Cap:0 Exe:1 Flush:x0] [Exp:30003000ns] [MetaCtrl][SCALER_CROP(1) (0,0_2016x1512) ][SENSOR_CROP(0)][RESIZER_SET(0)]
07-25 21:40:09.711   723  5028 D NormalPipe: [acceptEnqRequest] MyEnq:0: dma:0x8 pa(0x6100000)io(0_0_2016_1136_1920_1088) mag(0x1b)|dma:0x6 pa(0x4F00000)io(0_0_2016_1_2016_1) mag(0x1b)|dma:0xf pa(0x9001B00)io(0_0_256_1_256_1) mag(0x1b)|dma:0xb pa(0xD900000)io(0_0_384_384_384_384) mag(0x1b)|
07-25 21:40:09.711   723  5080 D af_mgr_v3: cmd-getFocusDistance Pos 600->650, Dis 6.733333->7.550000; fDist_Macro_rev 10.000000, fDist_Inf_rev 0.200000, fDAC_Macro 800.000000, fDAC_Inf 200.000000
07-25 21:40:09.712   723  5080 D AfAlgo  : down maxOffset=46 maxCompLevel=46, cutOffset=7, maxOffset=46 offset 0, level 4, cut offset 7, x/y/z/g=70/1041/-81/1046
07-25 21:40:09.712   723  5080 E AfAlgo  : Err:  6195: [AdpComp]Adaptive input error!! 
07-25 21:40:09.712   723  5080 E AfAlgo  : Err:  6279: [AdpComp]Adaptive input error
07-25 21:40:09.712   723  5080 E AfAlgo  : Err:  6279: [AdpComp]Adaptive input error
07-25 21:40:09.712   723  4812 D MtkCam/ppl_context: [sendFrameToRootNodes] r27 frameNo:27 (X) -> 0x1 BUSY
07-25 21:40:09.712   723  5080 D af_mgr_v3: #(   27,   25) MoveLensTo Dev(1) DAC(700)
07-25 21:40:09.712   723  5080 D LensDrv : [moveMCU] Dev(1) , ioctl - mcuIOC_T_MOVETO, error Operation not permitted
07-25 21:40:09.712   723  5080 D TaskAFNormal: [run] Cam 1 : Req(#27)/Stt(#25)/i4Opt(0)/FlashOnOff(0)
07-25 21:40:09.714   723  5053 D SecMgr  : [SecMgr_GetSecurePortStatus] + (0x0x0)module:0x0 dma port:rrzo
07-25 21:40:09.714   723  5053 D SecMgr  : [SecMgr_GetSecurePortStatus] (0x0)DMA port (0x1) is not supported
07-25 21:40:09.714   723  5053 D ifunc_cam_buf: [waitBufReady] [0x0]:, [0x8900000] waitbufready pass
07-25 21:40:09.714   723  5053 D ifunc_cam_buf: [dequeueHwBuf] [0x0]:BUF_CTRL_RRZO:(0xd_0x0),PA(0x8900000_0xBC00C00),FH_VA(0x7F775C3C00),size(0x3bc400),cur sof(0),
07-25 21:40:09.714   723  5053 D SecMgr  : [SecMgr_GetSecurePortStatus] + (0x0x0)module:0x0 dma port:imgo
07-25 21:40:09.714   723  5053 D SecMgr  : [SecMgr_GetSecurePortStatus] (0x0)DMA port (0x0) is not supported
07-25 21:40:09.715   723  5053 D SecMgr  : [SecMgr_GetSecurePortStatus] + (0x0x0)module:0x0 dma port:
07-25 21:40:09.715   723  5053 D SecMgr  : [SecMgr_GetSecurePortStatus] + (0x0x0)module:0x0 dma port:lcso
07-25 21:40:09.715   723  5053 D NormalPipe: [ispDequeThread] N:0_deq@SOF_27
07-25 21:40:09.715   723  5044 D NormalPipe: [deque] MyDeq:0: dma:0x6 pa(0x4F013C0) io(0_0_1_0_0_0_2016_1_2016_1) mag(0x19)|dma:0x8 pa(0x8900000) io(0_0_2016_1136_0_0_1920_1088_1920_1088) mag(0x19)|dma:0xb pa(0xE600000) io(0_0_0_0_0_0_0_0_0_0) mag(0x19)|dma:0xf pa(0x9001900) io(0_0_0_0_0_0_0_0_0_0) mag(0x19)|
07-25 21:40:09.715   723  5053 D SecMgr  : [SecMgr_GetSecurePortStatus] + (0x0x0)module:0x0 dma port:rrzo
07-25 21:40:09.715   723  5053 D SecMgr  : [SecMgr_GetSecurePortStatus] (0x0)DMA port (0x1) is not supported
07-25 21:40:09.715   723  5044 W fsc_hal : [processResult]image_scale_output.image_scale == 0
07-25 21:40:09.715   723  5044 D fsc_hal : [processResult]P magic(25) dac(700) ET(30003) EIS(0), CB magic(25), factor(1.000000), sensor(2016,1136), RRZO: c(0,0,2016,1136) s(1920,1088) f(0.000000,0.000000,1920.000000,1088.000000),RSSO: s(0,0), f(0.000000,0.000000,0.000000,0.000000)
07-25 21:40:09.715   723  5044 D MtkCam/HalSensorList: [querySecureState] Secure State is 0
07-25 21:40:09.715   723  5044 D MtkCam/HalSensor: [destroyInstance] HalSensor destroyInstance count = 6, caller =MtkCam/P1NodeUtility
07-25 21:40:09.716   723  5044 D MtkCam/BaseHeap: [IonHeap::unlockBufLocked] Hal:Image:P1:Fullraw_main1:Size2016x1:Stride2520.0.0:Sn3@ still locked (2)
07-25 21:40:09.716   723  5044 I MtkCam/P1NodeImp: [releaseAction] [Cam::0 R27 S27 E27 D25 O24 #1] [P1::DEQ][Num Q:25 M:25 F:23 R:23 @25][Type:1 Out:x85 Rec:x0 Raw:1 Cap:0 Exe:3 Flush:x0] job(0/1) IMG(pure) RRZ0(0-0-2016x1136)(0-0-1920x1088)(1920x1088) T-ns(EXP: 30003000)(Src:0)(SOF: m_948384430000 b_948384424000)(SS: 948354427000) ExpExtend(0, 0)Q(Sen
07-25 21:40:09.716   723  5047 I MtkCam/P1NodeImp: [releaseFrame] [Cam::0 R27 S27 E27 D25 O25 #1] [P1::OUT][Num Q:25 M:25 F:23 R:23 @25][Type:1 Out:x85 Rec:x0 Raw:1 Cap:0 Exe:3 Flush:x0] [Release-0] [DispatchFrame]
07-25 21:40:09.716   723  5047 D MtkCam/ppl_context: [onDispatchFrame] r23 frameNo:23 0x1 -> 0x15 READY(1/1)
07-25 21:40:09.717   723  5047 D MtkCam/P2/MWFrameRequest: [printIOMap] P2S cam 0 MWFrame:#23 MWReq:#23, frame 24 : iomap: [0]=>img[2/1], meta[3/2], fps[29.60]
07-25 21:40:09.718   723  5062 D MtkCam/P2/StreamingProcessor: [makePayLoad] P2S cam 0 MWFrame:#23 MWReq:#23, frame 24-0 : masterID(0) #Requests(1) merged into #RequestsPacks(1), PendingPayload(1), p1Ts=0000948356927000
07-25 21:40:09.719   723  5062 D MtkCam/StreamingPipe/Data: [calNonLargeSrcCrop]sID(0), imgoIn(0), srcCrop(0,0,1920x1088), isSrcCrop(0), mP2Pack Valid(1), imgo(0x0),rrz(1920x1088)
07-25 21:40:09.719   723  5062 D MtkCam/StreamingPipe/Pipe: [prepareIORequest]P2S cam 0 MWFrame:#23 MWReq:#23, frame 24-24  master/slave/fd(0/-1/0) ReqNo(24), feature=0x8008(3DNR+FSC), cycle(33), fps(n/a)=(30/30), ZoomROI((1442.539673x1088.000000)@(238.730179,0.000000)) SFPIOMgr:[sID(0)--IMG(0x0/0),RRZ(0xb400007e0e82bc90/1),LCS(0xb400007e0e8252d0/1),LCSH(0x0/0),pRSS(0x0/0),cRSS(0x0/0),RSSR2(0x0/0),FYuv(0x0/0),RYuv1(0x0/0),RYuv2(0x0/0),mAIYuv(0x0/0),HalI(0xb400007dbe824c90),AppI(0xb400007e2e82ab38),AppDI(0xb400007dbe81ac00),AppOver(0x0)]{path(GEN),halO(0xb400007e2e834ff0),appO(0xb400007e2e82a9b0),Outs--[buf(0xb400007e0e816c30/1)(320x240),tran(0),type(1), tar(disp), prof(0), crop(238.730179,0.000000,1442.539673x1088.000000), flag(0x0)]Tuning--id(0)--[flag(5)]}
07-25 21:40:09.721   723  5060 D isp_mgr_sl2: DIP_X_SL2H_RZ is (SL2_VRZ_COM, SL2_HRZ_COM) = (2138, 2150), (i4RzWidth, i4Width) = (1920, 2016), (i4RzHeight, i4Height) = (1088, 1136)
07-25 21:40:09.721   723  5060 D isp_mgr_sl2: profile is 1, DIP_X_SL2H_RZ is (0x085a0866)
07-25 21:40:09.721   723  5060 D isp_mgr_nr3d: NR3D_EN(1), SL2E_EN(1), x,y,w,h(0,0,1920,1088), full x,y,w,h(0,0,1920,1088),vipi offst(0) w,h(1920,1088), R2C en(1) cnt(1,1,1,11)
07-25 21:40:09.721   723  5060 D MtkCam/StreamingPipe/P2ANode: [enqueFeatureStream] P2S cam 0 MWFrame:#23 MWReq:#23, frame 24-24 :sensor(0) Frame 24 enque start
07-25 21:40:09.722   723  5055 D Iop/p2HPEQNode: [doEnque] sDrvScen:0, CQIdx:0, dupCQIdx:1, burstQIdx:0, RingBufIndex:23,  mTuningData ptr:780427428
07-25 21:40:09.722   723  5055 D PostProcPipe: [PrintPipePortInfo] vInPorts:FN(23),RN(23),TS(0xce7a4e18),UK(0xcc183a0),Sec(0),[0]:(0x2205),w(1920),h(1088),stride(3600,0,0),type(0),idx(19),dir(0),Size(0x003bc400,0x00000000,0x00000000),VA(0x7c63efb000,0x0,0x0),PA(0x8900000,0x0,0x0),secPort(0),
07-25 21:40:09.722   723  5055 D PostProcPipe:                       vInPorts:FN(23),RN(23),TS(0xce7a4e18),UK(0xcc183a0),Sec(0),[1]:(0x32315659),w(1920),h(1088),stride(1920,960,960),type(0),idx(22),dir(0),Size(0x001fe000,0x0007f800,0x0007f800),VA(0x7c85b2d000,0x7c85d2b000,0x7c85daa800),PA(0xaa00000,0xabfe000,0xac7d800),secPort(0),
07-25 21:40:09.722   723  5055 D PostProcPipe:                       vInPorts:FN(23),RN(23),TS(0xce7a4e18),UK(0xcc183a0),Sec(0),[2]:(0x2401),w(200),h(112),stride(768,0,0),type(0),idx(26),dir(0),Size(0x00048000,0x00000000,0x00000000),VA(0x7ccb800000,0x0,0x0),PA(0xe600000,0x0,0x0),secPort(0)
07-25 21:40:09.722   723  5055 D PostProcPipe: [PrintPipePortInfo] vOutPorts:FN(23),RN(23),TS(0xce7a4e18),UK(0xcc183a0),Sec(0),[0]:(0x32315659),w(1920),h(1088),stride(1920,960,960),type(0),idx(32),dir(1),Size(0x001fe000,0x0007f800,0x0007f800),VA(0x7c8582f000,0x7c85a2d000,0x7c85aac800),PA(0xad00000,0xaefe000,0xaf7d800),secPort(0),
07-25 21:40:09.722   723  5055 D PostProcPipe:                       vOutPorts:FN(23),RN(23),TS(0xce7a4e18),UK(0xcc183a0),Sec(0),[1]:(0x11),w(320),h(240),stride(320,320,0),type(0),idx(38),dir(1),Size(0x00012c00,0x00009600,0x00000000),VA(0x7f77381000,0x7f77393c00,0x0),PA(0xd700000,0xd712c00,0x0),secPort(0)
07-25 21:40:09.723   723  5055 D PostProcPipe: [configPipe] [Imgi][crop_1](x,f_x,y,f_y)=(0,0,0,0),(w,f_w,h,f_h)=(0,0,0,0),(tarW,tarH)=(0,0)-
07-25 21:40:09.723   723  5055 D PostProcPipe:                     [crop_2](x,f_x,y,f_y)=(238,765648,0,0),(w,f_w,h,f_h)=(1442,565888,1088,0),(tarW,tarH)=(320,240)-
07-25 21:40:09.723   723  5055 D PostProcPipe:                     [crop_3](x,f_x,y,f_y)=(0,0,0,0),(w,f_w,h,f_h)=(0,0,0,0),(tarW,tarH)=(0,0),dupCqIdx(1),[vipi]ofst(0),rW/H(1920/1088)
07-25 21:40:09.723   723  5055 D PostProcPipe: ,                    isDipOnly(0), hwmodule(9/0), dipCQ/dup/burst(0/1/0), drvSc(0), isWtf(1),tdr_tpipe(0),en_yuv/yuv2/rgb/dma/fmt_sel/ctl_sel/misc (0x11e07df8/0xf0/0x1400f9/0x20e0f1/0x30480409/0x16040/0x10), tcm(0xa/0x9fd8e1e3/0xe807b3c), last(1), CRZ_EN(0), img3o ofset(0,0),userName(),PIX_ID(3),ImgBuf_PIX_ID(3),tv_sec(1784986809),tv_usec(754817)
07-25 21:40:09.723   723  5055 D iio/ifunc_dip: [ConfigDipPipe] moduleIdx(0), pDipWBuf(0xce827868), m_pIspDescript_phy(0x918a000), m_pIspDescript_vir(0x8a6df000), m_pIspVirRegAddr_pa(0x918b000), m_pIspVirRegAddr_va(0x8a6e0000)
07-25 21:40:09.723   723  5056 D iio/ifunc_dip: [enable] thiscq(0), frameflag(0x1), ring_index(23), ref_ringbufidx(22)
07-25 21:40:09.723   723  5056 D MdpMgr  : [updateDpStreamMap] refObjectCqIdx:0, refObjectRingBufIdx:1,cqIdx:0,ringIdx:23,refringbufidx:22
07-25 21:40:09.723   723  5056 D MdpMgr  : [selectDpIspStream] [selectDpIspStream] cqIdx(0/1/0/23_0/1),sceID(0)
07-25 21:40:09.723   723  5056 D MdpMgr  : [_startMdp] dstFmt(657,4982892)
07-25 21:40:09.724   723  5056 D MdpMgr  : [_startMdp] +sceID(0),cqPa(0x918a000)-Va(0x7c8a6df000),tpipVa(0x7c8a164000)-Pa(0x9310000),isWaitB(1),cqIndx(0/1/0/23),venc(0),(va: 0x7c8a164000),        srcFt(0x2205),W(1920),H(1088),stride(3600,0),size(0x3bc400-0x0-0x0),VA(0x    ffff),PA(0x 8900000),plane(1),Stmtype(1)
07-25 21:40:09.724   723  5056 D MdpMgr  :         wdma_en(1),idx(0),cap(3),ft(17),rt(0),fp(0),(w,h,s)=(320,240,320),C(w,h,s)=(320,120,320),V(w,h,s)=(0,0,0),mdpidx(0),
07-25 21:40:09.724   723  5056 D MdpMgr  :         wrot_en(0),idx(1),cap(0),ft(0),rt(0),fp(0),(w,h,s)=(0,0,0),C(w,h,s)=(0,0,0),V(w,h,s)=(0,0,0),mdpidx(0),
07-25 21:40:09.724   723  5056 D MdpMgr  :         jpg_en(0),idx(2),cap(0),ft(0),rt(0),fp(0),(w,h,s)=(0,0,0),C(w,h,s)=(0,0,0),V(w,h,s)=(0,0,0),mdpidx(1),
07-25 21:40:09.724   723  5056 D MdpMgr  :         pipe_en(0),idx(3),cap(0),ft(0),rt(0),fp(0),(w,h,s)=(0,0,0),C(w,h,s)=(0,0,0),V(w,h,s)=(0,0,0),mdpidx(2),
07-25 21:40:09.724   723  5056 D MdpMgr  :         (va:0x7c8a164000,dstpa:0x9310000)
07-25 21:40:09.724   723  5056 D MdpMgr  : flag(0_0x1->0x1),startStm(961 us),WDPQ(0x       0),WRPQ(0x       0),tv_sec(1784986809),tv_usec(754817)
07-25 21:40:09.724   723  5056 D Iop/p2HPEQNode: [doMdpStart] frameUnit.idxofwaitDQFrmPackList (0x5e812e78_0_0_1, 0_0_1_0)
07-25 21:40:09.725   723  5057 D MdpMgr  : [selectDpIspStream] [selectDpIspStream] cqIdx(0/1/0/23_0/1),sceID(0)
07-25 21:40:09.725   531  2449 E [GrallocExtra-ERROR]: gralloc_extra_query:105 gralloc_extra_query with NULL handle: 0x0
07-25 21:40:09.725  2345  2403 D C2OMXNode: dhy...mOsdPos:,,mOsdText:
07-25 21:40:09.731   723  5057 D MdpMgr  : [_dequeueBuf] +,cqIndx(0/1/0/23),sceID(0),deqIndex(1),isWaitBuf(1),
07-25 21:40:09.731   723  5057 D MdpMgr  :         deqIndex(1), dequeTime(6485 us)
07-25 21:40:09.731   723  5057 D MdpMgr  : [selectDpIspStream] [selectDpIspStream] cqIdx(0/1/0/23_0/1),sceID(0)
07-25 21:40:09.731   723  5057 D MdpMgr  : [_dequeueBuf] +,cqIndx(0/1/0/23),sceID(0),deqIndex(0),isWaitBuf(1),
07-25 21:40:09.731   723  5057 D MdpMgr  :         deqIndex(0), dequeTime(32 us)
07-25 21:40:09.731   723  5057 D MdpMgr  : [selectDpIspStream] [selectDpIspStream] cqIdx(0/1/0/23_0/1),sceID(0)
07-25 21:40:09.732   723  5057 D MtkCam/StreamingPipe/P2ANode: [onDIPStreamBaseCB] P2S cam 0 MWFrame:#23 MWReq:#23, frame 24-24 :sensor(0) Frame 24 enque done in 9 ms, result = 1
07-25 21:40:09.732   723  5057 D Iop/p2HPDQNode: [doDeque] +,tag(2),idx(0),p2CQ(0/1/0/23),
07-25 21:40:09.732   723  5057 D Iop/p2HPDQNode:                          +,tag(1),idx(0),p2CQ(0/1),
07-25 21:40:09.732   723  5057 D Iop/p2HPDQNode:                          -,cb(212 us)
07-25 21:40:09.732   723  5061 D MtkCam/P2/MWFrame: [doRelease] P2S cam 0 MWFrame:#23 MWReq:#23, frame 24 : all streams(8), using(0), status: s0:d0:App:YCrCb_420_SP:0|HW_TEXTURE(1),Meta:App:Control(1),Hal:Image:P1:Resizeraw_main1(1),Hal:Image:STT_main1(1),Hal:Meta:P1:Dynamic_main1(1),Hal:Meta:P2:Dynamic(1),App:Meta:DynamicP1_main1(1),App:Meta:DynamicP2(1),
07-25 21:40:09.733   723  5025 D mtkcam-AppStreamMgr: [0-FrameHandler::updateResult] requestNo 23, real time:0, last partial:1
07-25 21:40:09.733   723  5025 D ULog    : R AppRequest:23 M[CameraDevice:187001] -  :mtkcam-AppStreamMgr #38255
07-25 21:40:09.733   723  5061 D mtkcam-pipeline: [onLastStrongRef] [ requestNo:23 frameNo:23 ] frame end
07-25 21:40:09.734   723  5061 D MtkCam/StreamingPipe/Timer: [print]Frame timer [#   24/   0][t  13][io   0][tof  0/  0][d  0/  0][mss  0/  0/  0/  0][a 12/  1/  9][tun  0/  0][msf  0/  0][vnr  0/  0/  0][am  0][b  0/  0][tpi(  0/  0)/(  0/  0)/(  0/  0)][vmdp_A  0/  0 vmdp_B  0/  0][h  1/  0/  0][e  0][r  0/  0][w_A  0/  0/  0/  0 w_B  0/  0/  0/  0][x  0][disp  0/  0][async  0/  0][p2sm  0/  0/  0][fps29.53/29.53/ 30/ 30]
07-25 21:40:09.740   723  5028 D HwIRQ3A : [wait] VSIrq
07-25 21:40:09.740   723  5052 D NormalPipe: [enqueRequest] +N:0 CurSof:28 enqCnt:26 cqCnt(p/v):26/26 FrameStatus(2)
07-25 21:40:09.740   723  5052 D NormalPipe: [configEnquePath] N:0 configFrame event:1 multiSenNum:2 occupy:0 status:1(2) fsm:0 depth:0
07-25 21:40:09.740   723  5052 D NormalPipe: [dmaCfg] N:0 dma:x8 cmd:0x101a, crop:(0,0,2016,1136), outsize:(1920,1088)
07-25 21:40:09.740   723  5028 I MtkCam/P1NodeImp: [setRequest] [Cam::0 R28 S28 E27 D25 O25 #0] [P1::SET][Num Q:28 M:28 F:26 R:26 @0][Type:1 Out:x85 Rec:x0 Raw:1 Cap:0 Exe:1 Flush:x0] Num[28] Ctrl[1]=[ 28 ]
07-25 21:40:09.740   723  5052 D NormalPipe: [dmaCfg] N:0 dma:x6 cmd:0x101c, crop:(0,0,2016,1), outsize:(2016,1)
07-25 21:40:09.740   723  4812 E camiopipe: [vendor/mediatek/proprietary/hardware/mtkcam/drv/src/isp/mt6768/imageio/pipe/CamIOPipe/CamIOPipe.cpp, sendCommand, line3805] ERROR: [0x0]:NOT support command! (sendCommand){#3805:vendor/mediatek/proprietary/hardware/mtkcam/drv/src/isp/mt6768/imageio/pipe/CamIOPipe/CamIOPipe.cpp}
07-25 21:40:09.740   723  4812 E camiopipe: [vendor/mediatek/proprietary/hardware/mtkcam/drv/src/isp/mt6768/imageio/pipe/CamIOPipe/CamIOPipe.cpp, sendCommand, line3812] ERROR: [0x0]:sendCommand(0x1500) error! (sendCommand){#3812:vendor/mediatek/proprietary/hardware/mtkcam/drv/src/isp/mt6768/imageio/pipe/CamIOPipe/CamIOPipe.cpp}
07-25 21:40:09.740   723  4812 E NormalPipe: [vendor/mediatek/proprietary/hardware/mtkcam/drv/src/isp/mt6768/iopipe/CamIO/NormalPipe.cpp, sendCommand, line3773] ERROR: error: sendCommand fail: (cmd,arg1,arg2,arg3)=(0x00001500,0x7C9EA4FF40,0x7C9EA4FF44,0xB400007ECE82A6AC) (sendCommand){#3773:vendor/mediatek/proprietary/hardware/mtkcam/drv/src/isp/mt6768/iopipe/CamIO/NormalPipe.cpp}
07-25 21:40:09.740   723  5028 D aao_buf_mgr: [updateInfo] mMagicNumber(25), i4SubsampleCount(1)
07-25 21:40:09.741   723  4812 D Hal3Av3 : [parseMeta] Return to AP AE_REGIONS L(0) T(0) R(0) B(0) W(0)
07-25 21:40:09.741   723  5052 D ifunc_cam_tuning: [update] [0x0]:CAM_TUNING_CTRL - EN:0x100e02e0 DMA:0x808001e8
07-25 21:40:09.741   723  4812 D Hal3Av3 : [parseMeta] Return to AP AF_REGIONS L(0) T(0) R(0) B(0) W(0)
07-25 21:40:09.741   723  5052 D LMVDrv  : [GetLMVStatusAndUpdate]Suspicous clear, driver may drop frame and now in new pipeline: magicNum(27)=bypass(0)
07-25 21:40:09.741   723  5052 W LMVDrv  : [GetLMVStatusAndUpdate]Cannot find magicNum(0) in queue(0)
07-25 21:40:09.741   723  4812 D Hal3Av3 : [parseMeta] Return to AP AWB_REGIONS L(0) T(0) R(0) B(0) W(0)
07-25 21:40:09.741   723  4812 D Hal3Av3 : [parseMeta] MTK_SENSOR_TEST_PATTERN_DATA(0, 0, 0, 0)
07-25 21:40:09.741   723  5052 D camiopipe: [sendCommand] [0x0]:[1]P1_UPDATE_CHECK CTL_EN(0x11bebee3) +[0_0]:0x11bebee3 [1_0]:0x11bebee3 [2_0]:0x11bebee3 -[0_0]:0x11bebee3 [1_0]:0x11bebee3 [2_0]:0x11bebee3 
07-25 21:40:09.741   723  4812 I MtkCam/P1NodeImp: [runQueue] [Cam::0 R28 S28 E27 D25 O25 #1] [P1::REQ][Num Q:29 M:0 F:27 R:27 @0][Type:1 Out:x85 Rec:x0 Raw:1 Cap:0 Exe:1 Flush:x0] [META ze:0 ci:3 rt:-1 tn:-1 qc:-1 fi:-1 fr:-1] [New-Request][0] [0] [IMGO:1 (-1,-1)] [Gp:255/0] IOmap-Img[1]=<0_I[0]{}_O[2]{0x100000003,0x100000004}>-Meta[1]=<0_I[2]{0x80000000,0x100000018}_O[2]{0x10000001b,0x100000024}> CfgStream-Img[OutIMG:0x100000001(0),OutRRZ:0x100000003(1),OutLCS:0x100000004(1)]-Meta[InAPP:0x80000000(1),InHAL:0x100000018(1),OutAPP:0x100000024(1),OutHAL:0x10000001b(1)]  | [PreSet][Key:29] Num(0) Dummy(0) MetaCnt[APP:66,HAL:17] | [Rev:0] depth(1) burst(1) Que[1]
07-25 21:40:09.741   723  5052 D NormalPipe: [frameToEnque] - sof(28)
07-25 21:40:09.741   723  4812 D MtkCam/ppl_context: [sendFrameToRootNodes] r27 frameNo:27 (X) -> 0x1 success; erase record
07-25 21:40:09.741   723  5052 D NormalPipe: [enqueRequest] -
07-25 21:40:09.741   723  5028 D AeFlowDefault: [monitorAndReschedule:Perframe AE] Calc:1 Apply:1 Magic:25 AEMonitorStable:1 VdCnt:0 u4CwvYcur:0 u4CwvYpre:0 
07-25 21:40:09.742   723  5028 D ae_mgr  : [updateAEInfo2ISP] State:0 VDNum:0 Shutter:30003 Gain:9040 1024 750 Flare offset:0 512 FrameDuration:33350000 DisableOBC:0 ExpRatio:100 eAEMode:1 eAEstate:2 CurrentidxF:113
07-25 21:40:09.742   723  5081 D MtkCam/HalSensorList: [querySecureState] Secure State is 0
07-25 21:40:09.742   723  5028 D awb_mgr : [setIspAwbInfo()] m_eSensorDev: 1, awb_gain: 988/512/824, PreGain1: 512/512/512, RPG: 988/512/824, PGN: 988/512/824, bAWBLock: 0 (m_bAWBLock:0, m_u4AWBMode:1)
07-25 21:40:09.742   723  5028 D Task3APv: [run] getSensorParams: m_u4PreRealISO(750), u4RealISO(750), m_preAwbGain(988, 512, 824), rAwbInfo.gain(988, 512, 824)
07-25 21:40:09.742   723  5028 D isp_tuning_custom: [evaluate_Shading_Ratio] sensorid(1379), preSensorId(1379), eSensorMode(2), preSensorMode(2), isSensorOrModeSwitch(0), isInit(0)
07-25 21:40:09.742   723  5028 D isp_tuning_custom: [iso_smooth][ISO smooth enabled][ISO idx(3333)]avgISO = 750.
07-25 21:40:09.742   723  5028 D isp_tuning_custom: [RA_smooth][RA smooth][frm idx(3333)] rto for iso(21), prev_rto(21),RA_incremental_step(2), smoothed ratio(21)
07-25 21:40:09.742   723  5028 D paramctrl_per_frame: put ratio with m_eSensorDev(1), i4Rto(21)
07-25 21:40:09.742   723  5028 D paramctrl_per_frame: [updateLscInfo] (flash, iso, rto)=(0, 750, 21), auto(1), lock(0,0,0), dyn(1), op(0), PreCapFlashIsLockRto(0), fgForceUnlock(0)
07-25 21:40:09.743   723  5028 D Task3APv: [run] Cam 1 : Req(#28)/Stt(#25)/i4Opt(0)/FlashOnOff(0) Lv(8)/ISO(750)/RGB(988,512,824) AFisLockAE(1) isLVChangeTooMuch(0) m_i4FrameCount(26) m_i4TsfFrameCount(27)
07-25 21:40:09.743   723  5028 W TuningMgr: TuningMgr[updateEngine] WARNING: [temp log] AF enable(1_0x100e02e0_0x808001e8)
07-25 21:40:09.743   723  5028 D TuningMgr: TuningMgr[enqueBuffer] magicNum(0x1c)
07-25 21:40:09.743   723  4812 D ULog    : R AppRequest:28 M[CameraDevice:187001] +  :mtkcam-dev3 #38256
07-25 21:40:09.744   723  4812 D mtkcam-dev3-utils: [0-AppRequestUtil::createOneRequest] requestNumber[28]:StreamBuffer:0xb400007dbe81c640 streamId:0 bufferId:1 buffer:0xb400007e2e818450 status:OK acquireFenceOp.hdl:0x7cde6082f0 releaseFenceOp.hdl:0x0 acquireFenceOp.fd:-1 releaseFenceOp.fd:-1 appBufferHandleHolder:0xb400007d8e857928 freeByOthers:0 / 
07-25 21:40:09.744   723  4812 D mtkcam-HDRPolicyHelper: [getSeamlessSmoothResult][Cam::0]frameType[3] requestAETargetMode=0 requestExpNum=0
07-25 21:40:09.744   723  5081 D MtkCam/HalSensorList: [querySecureState] Secure State is 0
07-25 21:40:09.745   723  5028 I MtkCam/P1NodeImp: [setupAction] [Cam::0 R28 S28 E28 D25 O25 #1] [P1::ENQ][Num Q:28 M:28 F:26 R:26 @28][Type:1 Out:x85 Rec:x0 Raw:1 Cap:0 Exe:1 Flush:x0] [Exp:30003000ns] [MetaCtrl][SCALER_CROP(1) (0,0_2016x1512) ][SENSOR_CROP(0)][RESIZER_SET(0)]
07-25 21:40:09.745   723  4812 D MtkCam/ppl_context: [sendFrameToRootNodes] r28 frameNo:28 (X) -> 0x1 BUSY
07-25 21:40:09.745   723  5028 D NormalPipe: [acceptEnqRequest] MyEnq:0: dma:0x8 pa(0x6500000)io(0_0_2016_1136_1920_1088) mag(0x1c)|dma:0x6 pa(0x4F013C0)io(0_0_2016_1_2016_1) mag(0x1c)|dma:0xf pa(0x9001C00)io(0_0_256_1_256_1) mag(0x1c)|dma:0xb pa(0xDD00000)io(0_0_384_384_384_384) mag(0x1c)|
07-25 21:40:09.745   723  5080 D af_mgr_v3: cmd-getFocusDistance Pos 650->700, Dis 7.550000->8.366667; fDist_Macro_rev 10.000000, fDist_Inf_rev 0.200000, fDAC_Macro 800.000000, fDAC_Inf 200.000000
07-25 21:40:09.746   723  5080 D AfAlgo  : down maxOffset=46 maxCompLevel=46, cutOffset=7, maxOffset=46 offset 0, level 4, cut offset 7, x/y/z/g=71/1042/-81/1047
07-25 21:40:09.746   723  5080 E AfAlgo  : Err:  6195: [AdpComp]Adaptive input error!! 
07-25 21:40:09.746   723  5080 E AfAlgo  : Err:  6279: [AdpComp]Adaptive input error
07-25 21:40:09.746   723  5080 E AfAlgo  : Err:  6279: [AdpComp]Adaptive input error
07-25 21:40:09.746   723  5080 D af_mgr_v3: #(   28,   26) MoveLensTo Dev(1) DAC(750)
07-25 21:40:09.747   723  5080 D LensDrv : [moveMCU] Dev(1) , ioctl - mcuIOC_T_MOVETO, error Operation not permitted
07-25 21:40:09.747   723  5080 D TaskAFNormal: [run] Cam 1 : Req(#28)/Stt(#26)/i4Opt(0)/FlashOnOff(0)
07-25 21:40:09.748   723  5053 D SecMgr  : [SecMgr_GetSecurePortStatus] + (0x0x0)module:0x0 dma port:rrzo
07-25 21:40:09.748   723  5053 D SecMgr  : [SecMgr_GetSecurePortStatus] (0x0)DMA port (0x1) is not supported
07-25 21:40:09.748   723  5053 D ifunc_cam_buf: [waitBufReady] [0x0]:, [0x5900000] waitbufready pass
07-25 21:40:09.748   723  5053 D ifunc_cam_buf: [dequeueHwBuf] [0x0]:BUF_CTRL_RRZO:(0xd_0x0),PA(0x5900000_0xBC00C80),FH_VA(0x7F775C3C80),size(0x3bc400),cur sof(0),
07-25 21:40:09.748   723  5053 D SecMgr  : [SecMgr_GetSecurePortStatus] + (0x0x0)module:0x0 dma port:imgo
07-25 21:40:09.748   723  5053 D SecMgr  : [SecMgr_GetSecurePortStatus] (0x0)DMA port (0x0) is not supported
07-25 21:40:09.748   723  5053 D SecMgr  : [SecMgr_GetSecurePortStatus] + (0x0x0)module:0x0 dma port:
07-25 21:40:09.748   723  5053 D SecMgr  : [SecMgr_GetSecurePortStatus] + (0x0x0)module:0x0 dma port:lcso
07-25 21:40:09.748   723  5053 D NormalPipe: [ispDequeThread] N:0_deq@SOF_28
07-25 21:40:09.749   723  5044 D NormalPipe: [deque] MyDeq:0: dma:0x6 pa(0x4F009E0) io(0_0_1_0_0_0_2016_1_2016_1) mag(0x1a)|dma:0x8 pa(0x5900000) io(0_0_2016_1136_0_0_1920_1088_1920_1088) mag(0x1a)|dma:0xb pa(0xD800000) io(0_0_0_0_0_0_0_0_0_0) mag(0x1a)|dma:0xf pa(0x9001A00) io(0_0_0_0_0_0_0_0_0_0) mag(0x1a)|
07-25 21:40:09.749   723  5053 D SecMgr  : [SecMgr_GetSecurePortStatus] + (0x0x0)module:0x0 dma port:rrzo
07-25 21:40:09.749   723  5053 D SecMgr  : [SecMgr_GetSecurePortStatus] (0x0)DMA port (0x1) is not supported
07-25 21:40:09.749   723  5044 W fsc_hal : [processResult]image_scale_output.image_scale == 0
07-25 21:40:09.749   723  5044 D fsc_hal : [processResult]P magic(26) dac(750) ET(30003) EIS(0), CB magic(26), factor(1.000000), sensor(2016,1136), RRZO: c(0,0,2016,1136) s(1920,1088) f(0.000000,0.000000,1920.000000,1088.000000),RSSO: s(0,0), f(0.000000,0.000000,0.000000,0.000000)
07-25 21:40:09.749   723  5044 D MtkCam/HalSensorList: [querySecureState] Secure State is 0
07-25 21:40:09.749   723  5044 D MtkCam/HalSensor: [destroyInstance] HalSensor destroyInstance count = 6, caller =MtkCam/P1NodeUtility
07-25 21:40:09.750   723  5044 D MtkCam/BaseHeap: [IonHeap::unlockBufLocked] Hal:Image:P1:Fullraw_main1:Size2016x1:Stride2520.0.0:Sn2@ still locked (2)
07-25 21:40:09.750   723  5044 I MtkCam/P1NodeImp: [releaseAction] [Cam::0 R28 S28 E28 D26 O25 #1] [P1::DEQ][Num Q:26 M:26 F:24 R:24 @26][Type:1 Out:x85 Rec:x0 Raw:1 Cap:0 Exe:3 Flush:x0] job(0/1) IMG(pure) RRZ0(0-0-2016x1136)(0-0-1920x1088)(1920x1088) T-ns(EXP: 30003000)(Src:0)(SOF: m_948418208000 b_948418202000)(SS: 948388205000) ExpExtend(0, 0)Q(Sen
07-25 21:40:09.750   723  5047 I MtkCam/P1NodeImp: [releaseFrame] [Cam::0 R28 S28 E28 D26 O26 #1] [P1::OUT][Num Q:26 M:26 F:24 R:24 @26][Type:1 Out:x85 Rec:x0 Raw:1 Cap:0 Exe:3 Flush:x0] [Release-0] [DispatchFrame]
07-25 21:40:09.750   723  5047 D MtkCam/ppl_context: [onDispatchFrame] r24 frameNo:24 0x1 -> 0x15 READY(1/1)
07-25 21:40:09.751   723  5047 D MtkCam/P2/MWFrameRequest: [printIOMap] P2S cam 0 MWFrame:#24 MWReq:#24, frame 25 : iomap: [0]=>img[2/1], meta[3/2], fps[29.59]
07-25 21:40:09.752   723  5062 D MtkCam/P2/StreamingProcessor: [makePayLoad] P2S cam 0 MWFrame:#24 MWReq:#24, frame 25-0 : masterID(0) #Requests(1) merged into #RequestsPacks(1), PendingPayload(1), p1Ts=0000948390705000
07-25 21:40:09.752   723  5062 D MtkCam/StreamingPipe/Data: [calNonLargeSrcCrop]sID(0), imgoIn(0), srcCrop(0,0,1920x1088), isSrcCrop(0), mP2Pack Valid(1), imgo(0x0),rrz(1920x1088)
07-25 21:40:09.752   723  5062 D MtkCam/StreamingPipe/Pipe: [prepareIORequest]P2S cam 0 MWFrame:#24 MWReq:#24, frame 25-25  master/slave/fd(0/-1/0) ReqNo(25), feature=0x8008(3DNR+FSC), cycle(33), fps(n/a)=(30/30), ZoomROI((1442.539673x1088.000000)@(238.730179,0.000000)) SFPIOMgr:[sID(0)--IMG(0x0/0),RRZ(0xb400007e0e81d170/1),LCS(0xb400007e0e82b6f0/1),LCSH(0x0/0),pRSS(0x0/0),cRSS(0x0/0),RSSR2(0x0/0),FYuv(0x0/0),RYuv1(0x0/0),RYuv2(0x0/0),mAIYuv(0x0/0),HalI(0xb400007dbe8154f0),AppI(0xb400007e2e82e178),AppDI(0xb400007dbe81e550),AppOver(0x0)]{path(GEN),halO(0xb400007e2e833930),appO(0xb400007e2e816970),Outs--[buf(0xb400007e0e8224b0/1)(320x240),tran(0),type(1), tar(disp), prof(0), crop(238.730179,0.000000,1442.539673x1088.000000), flag(0x0)]Tuning--id(0)--[flag(5)]}
07-25 21:40:09.754   723  5060 D isp_mgr_sl2: DIP_X_SL2H_RZ is (SL2_VRZ_COM, SL2_HRZ_COM) = (2138, 2150), (i4RzWidth, i4Width) = (1920, 2016), (i4RzHeight, i4Height) = (1088, 1136)
07-25 21:40:09.754   723  5060 D isp_mgr_sl2: profile is 1, DIP_X_SL2H_RZ is (0x085a0866)
07-25 21:40:09.754   538   594 W AString : ctor got NULL, using empty string instead
07-25 21:40:09.754   723  5060 D isp_mgr_nr3d: NR3D_EN(1), SL2E_EN(1), x,y,w,h(0,0,1920,1088), full x,y,w,h(0,0,1920,1088),vipi offst(0) w,h(1920,1088), R2C en(1) cnt(2,2,2,12)
07-25 21:40:09.754   538   594 I Gyroscope: write bias: [-0.009702, -0.000288, 0.000599]
07-25 21:40:09.754   723  5060 D MtkCam/StreamingPipe/P2ANode: [enqueFeatureStream] P2S cam 0 MWFrame:#24 MWReq:#24, frame 25-25 :sensor(0) Frame 25 enque start
07-25 21:40:09.754   723  5055 D Iop/p2HPEQNode: [doEnque] sDrvScen:0, CQIdx:0, dupCQIdx:0, burstQIdx:0, RingBufIndex:24,  mTuningData ptr:780333220
07-25 21:40:09.755   723  5055 D PostProcPipe: [PrintPipePortInfo] vInPorts:FN(24),RN(24),TS(0xd07db768),UK(0xcc183a0),Sec(0),[0]:(0x2205),w(1920),h(1088),stride(3600,0,0),type(0),idx(19),dir(0),Size(0x003bc400,0x00000000,0x00000000),VA(0x7c8f89c000,0x0,0x0),PA(0x5900000,0x0,0x0),secPort(0),
07-25 21:40:09.755   723  5055 D PostProcPipe:                       vInPorts:FN(24),RN(24),TS(0xd07db768),UK(0xcc183a0),Sec(0),[1]:(0x32315659),w(1920),h(1088),stride(1920,960,960),type(0),idx(22),dir(0),Size(0x001fe000,0x0007f800,0x0007f800),VA(0x7c8582f000,0x7c85a2d000,0x7c85aac800),PA(0xad00000,0xaefe000,0xaf7d800),secPort(0),
07-25 21:40:09.755   723  5055 D PostProcPipe:                       vInPorts:FN(24),RN(24),TS(0xd07db768),UK(0xcc183a0),Sec(0),[2]:(0x2401),w(200),h(112),stride(768,0,0),type(0),idx(26),dir(0),Size(0x00048000,0x00000000,0x00000000),VA(0x7f77067000,0x0,0x0),PA(0xd800000,0x0,0x0),secPort(0)
07-25 21:40:09.755   723  5055 D PostProcPipe: [PrintPipePortInfo] vOutPorts:FN(24),RN(24),TS(0xd07db768),UK(0xcc183a0),Sec(0),[0]:(0x32315659),w(1920),h(1088),stride(1920,960,960),type(0),idx(32),dir(1),Size(0x001fe000,0x0007f800,0x0007f800),VA(0x7c864cb000,0x7c866c9000,0x7c86748800),PA(0x9e00000,0x9ffe000,0xa07d800),secPort(0),
07-25 21:40:09.755   723  5055 D PostProcPipe:                       vOutPorts:FN(24),RN(24),TS(0xd07db768),UK(0xcc183a0),Sec(0),[1]:(0x11),w(320),h(240),stride(320,320,0),type(0),idx(38),dir(1),Size(0x00012c00,0x00009600,0x00000000),VA(0x7f7734b000,0x7f7735dc00,0x0),PA(0xdc00000,0xdc12c00,0x0),secPort(0)
07-25 21:40:09.755   723  5055 D PostProcPipe: [configPipe] [Imgi][crop_1](x,f_x,y,f_y)=(0,0,0,0),(w,f_w,h,f_h)=(0,0,0,0),(tarW,tarH)=(0,0)-
07-25 21:40:09.755   723  5055 D PostProcPipe:                     [crop_2](x,f_x,y,f_y)=(238,765648,0,0),(w,f_w,h,f_h)=(1442,565888,1088,0),(tarW,tarH)=(320,240)-
07-25 21:40:09.755   723  5055 D PostProcPipe:                     [crop_3](x,f_x,y,f_y)=(0,0,0,0),(w,f_w,h,f_h)=(0,0,0,0),(tarW,tarH)=(0,0),dupCqIdx(0),[vipi]ofst(0),rW/H(1920/1088)
07-25 21:40:09.755   723  5055 D PostProcPipe: ,                    isDipOnly(0), hwmodule(9/0), dipCQ/dup/burst(0/0/0), drvSc(0), isWtf(1),tdr_tpipe(0),en_yuv/yuv2/rgb/dma/fmt_sel/ctl_sel/misc (0x11e07df8/0xf0/0x1400f9/0x20e0f1/0x30480409/0x16040/0x10), tcm(0xa/0x9fd8e1e3/0xe807b3c), last(1), CRZ_EN(0), img3o ofset(0,0),userName(),PIX_ID(3),ImgBuf_PIX_ID(3),tv_sec(1784986809),tv_usec(787595)
07-25 21:40:09.755   723  5055 D iio/ifunc_dip: [ConfigDipPipe] moduleIdx(0), pDipWBuf(0xce8278c0), m_pIspDescript_phy(0x9190000), m_pIspDescript_vir(0x8a6e5000), m_pIspVirRegAddr_pa(0x9191000), m_pIspVirRegAddr_va(0x8a6e6000)
07-25 21:40:09.755   723  5056 D iio/ifunc_dip: [enable] thiscq(0), frameflag(0x1), ring_index(24), ref_ringbufidx(23)
07-25 21:40:09.755   723  5056 D MdpMgr  : [updateDpStreamMap] refObjectCqIdx:0, refObjectRingBufIdx:1,cqIdx:0,ringIdx:24,refringbufidx:23
07-25 21:40:09.755   723  5056 D MdpMgr  : [selectDpIspStream] [selectDpIspStream] cqIdx(0/0/0/24_0/1),sceID(0)
07-25 21:40:09.755   723  5056 D MdpMgr  : [_startMdp] dstFmt(657,4982892)
07-25 21:40:09.756   723  5056 D MdpMgr  : [_startMdp] +sceID(0),cqPa(0x9190000)-Va(0x7c8a6e5000),tpipVa(0x7c8a164000)-Pa(0x9310000),isWaitB(1),cqIndx(0/0/0/24),venc(0),(va: 0x7c8a164000),        srcFt(0x2205),W(1920),H(1088),stride(3600,0),size(0x3bc400-0x0-0x0),VA(0x    ffff),PA(0x 5900000),plane(1),Stmtype(1)
07-25 21:40:09.756   723  5056 D MdpMgr  :         wdma_en(1),idx(0),cap(3),ft(17),rt(0),fp(0),(w,h,s)=(320,240,320),C(w,h,s)=(320,120,320),V(w,h,s)=(0,0,0),mdpidx(0),
07-25 21:40:09.756   723  5056 D MdpMgr  :         wrot_en(0),idx(1),cap(0),ft(0),rt(0),fp(0),(w,h,s)=(0,0,0),C(w,h,s)=(0,0,0),V(w,h,s)=(0,0,0),mdpidx(0),
07-25 21:40:09.756   723  5056 D MdpMgr  :         jpg_en(0),idx(2),cap(0),ft(0),rt(0),fp(0),(w,h,s)=(0,0,0),C(w,h,s)=(0,0,0),V(w,h,s)=(0,0,0),mdpidx(1),
07-25 21:40:09.756   723  5056 D MdpMgr  :         pipe_en(0),idx(3),cap(0),ft(0),rt(0),fp(0),(w,h,s)=(0,0,0),C(w,h,s)=(0,0,0),V(w,h,s)=(0,0,0),mdpidx(2),
07-25 21:40:09.756   723  5056 D MdpMgr  :         (va:0x7c8a164000,dstpa:0x9310000)
07-25 21:40:09.756   723  5056 D MdpMgr  : flag(0_0x1->0x1),startStm(576 us),WDPQ(0x       0),WRPQ(0x       0),tv_sec(1784986809),tv_usec(787595)
07-25 21:40:09.756   723  5056 D Iop/p2HPEQNode: [doMdpStart] frameUnit.idxofwaitDQFrmPackList (0x5e812e78_0_0_0, 0_0_1_0)
07-25 21:40:09.756   723  5057 D MdpMgr  : [selectDpIspStream] [selectDpIspStream] cqIdx(0/0/0/24_0/1),sceID(0)
07-25 21:40:09.760   531  2449 E [GrallocExtra-ERROR]: gralloc_extra_query:105 gralloc_extra_query with NULL handle: 0x0
07-25 21:40:09.760  2345  2403 D C2OMXNode: dhy...mOsdPos:,,mOsdText:
07-25 21:40:09.763   723  5057 D MdpMgr  : [_dequeueBuf] +,cqIndx(0/0/0/24),sceID(0),deqIndex(1),isWaitBuf(1),
07-25 21:40:09.763   723  5057 D MdpMgr  :         deqIndex(1), dequeTime(6578 us)
07-25 21:40:09.763   723  5057 D MdpMgr  : [selectDpIspStream] [selectDpIspStream] cqIdx(0/0/0/24_0/1),sceID(0)
07-25 21:40:09.763   723  5057 D MdpMgr  : [_dequeueBuf] +,cqIndx(0/0/0/24),sceID(0),deqIndex(0),isWaitBuf(1),
07-25 21:40:09.763   723  5057 D MdpMgr  :         deqIndex(0), dequeTime(34 us)
07-25 21:40:09.763   723  5057 D MdpMgr  : [selectDpIspStream] [selectDpIspStream] cqIdx(0/0/0/24_0/1),sceID(0)
07-25 21:40:09.763   723  5057 D MtkCam/StreamingPipe/P2ANode: [onDIPStreamBaseCB] P2S cam 0 MWFrame:#24 MWReq:#24, frame 25-25 :sensor(0) Frame 25 enque done in 9 ms, result = 1
07-25 21:40:09.764   723  5057 D Iop/p2HPDQNode: [doDeque] +,tag(2),idx(0),p2CQ(0/0/0/24),
07-25 21:40:09.764   723  5057 D Iop/p2HPDQNode:                          +,tag(1),idx(0),p2CQ(0/0),
07-25 21:40:09.764   723  5057 D Iop/p2HPDQNode:                          -,cb(434 us)
07-25 21:40:09.764   723  5061 D MtkCam/P2/MWFrame: [doRelease] P2S cam 0 MWFrame:#24 MWReq:#24, frame 25 : all streams(8), using(0), status: s0:d0:App:YCrCb_420_SP:0|HW_TEXTURE(1),Meta:App:Control(1),Hal:Image:P1:Resizeraw_main1(1),Hal:Image:STT_main1(1),Hal:Meta:P1:Dynamic_main1(1),Hal:Meta:P2:Dynamic(1),App:Meta:DynamicP1_main1(1),App:Meta:DynamicP2(1),
07-25 21:40:09.764   723  5025 D mtkcam-AppStreamMgr: [0-FrameHandler::updateResult] requestNo 24, real time:0, last partial:1
07-25 21:40:09.765   723  5025 D ULog    : R AppRequest:24 M[CameraDevice:187001] -  :mtkcam-AppStreamMgr #38257
07-25 21:40:09.765   723  5061 D mtkcam-pipeline: [onLastStrongRef] [ requestNo:24 frameNo:24 ] frame end
07-25 21:40:09.765   723  5061 D MtkCam/StreamingPipe/Timer: [print]Frame timer [#   25/   0][t  11][io   0][tof  0/  0][d  0/  0][mss  0/  0/  0/  0][a 10/  1/  9][tun  0/  0][msf  0/  0][vnr  0/  0/  0][am  0][b  0/  0][tpi(  0/  0)/(  0/  0)/(  0/  0)][vmdp_A  0/  0 vmdp_B  0/  0][h  1/  0/  0][e  0][r  0/  0][w_A  0/  0/  0/  0 w_B  0/  0/  0/  0][x  0][disp  0/  0][async  0/  0][p2sm  0/  0/  0][fps29.59/29.59/ 30/ 30]
07-25 21:40:09.766   758   758 V thermal_src: TA_DAEMON_CMD_SET_TTJ cmd=0x4, len=4 Tj=60000
07-25 21:40:09.773   723   829 D ULogGuard: Monitoring: 7 threads, 4 requests, 0 time-bombs; 6 guards. ResetFlags = 0x7
07-25 21:40:09.773   723  5028 D HwIRQ3A : [wait] VSIrq
07-25 21:40:09.774   723  5052 D NormalPipe: [enqueRequest] +N:0 CurSof:29 enqCnt:27 cqCnt(p/v):27/27 FrameStatus(2)
07-25 21:40:09.774   723  5052 D NormalPipe: [configEnquePath] N:0 configFrame event:1 multiSenNum:2 occupy:0 status:1(2) fsm:0 depth:0
07-25 21:40:09.774   723  5052 D NormalPipe: [dmaCfg] N:0 dma:x8 cmd:0x101a, crop:(0,0,2016,1136), outsize:(1920,1088)
07-25 21:40:09.774   723  5028 I MtkCam/P1NodeImp: [setRequest] [Cam::0 R29 S29 E28 D26 O26 #0] [P1::SET][Num Q:29 M:29 F:27 R:27 @0][Type:1 Out:x85 Rec:x0 Raw:1 Cap:0 Exe:1 Flush:x0] Num[29] Ctrl[1]=[ 29 ]
07-25 21:40:09.774   723  4812 E camiopipe: [vendor/mediatek/proprietary/hardware/mtkcam/drv/src/isp/mt6768/imageio/pipe/CamIOPipe/CamIOPipe.cpp, sendCommand, line3805] ERROR: [0x0]:NOT support command! (sendCommand){#3805:vendor/mediatek/proprietary/hardware/mtkcam/drv/src/isp/mt6768/imageio/pipe/CamIOPipe/CamIOPipe.cpp}
07-25 21:40:09.774   723  4812 E camiopipe: [vendor/mediatek/proprietary/hardware/mtkcam/drv/src/isp/mt6768/imageio/pipe/CamIOPipe/CamIOPipe.cpp, sendCommand, line3812] ERROR: [0x0]:sendCommand(0x1500) error! (sendCommand){#3812:vendor/mediatek/proprietary/hardware/mtkcam/drv/src/isp/mt6768/imageio/pipe/CamIOPipe/CamIOPipe.cpp}
07-25 21:40:09.774   723  4812 E NormalPipe: [vendor/mediatek/proprietary/hardware/mtkcam/drv/src/isp/mt6768/iopipe/CamIO/NormalPipe.cpp, sendCommand, line3773] ERROR: error: sendCommand fail: (cmd,arg1,arg2,arg3)=(0x00001500,0x7C9EA4FF40,0x7C9EA4FF44,0xB400007ECE81E3FC) (sendCommand){#3773:vendor/mediatek/proprietary/hardware/mtkcam/drv/src/isp/mt6768/iopipe/CamIO/NormalPipe.cpp}
07-25 21:40:09.774   723  5052 D NormalPipe: [dmaCfg] N:0 dma:x6 cmd:0x101c, crop:(0,0,2016,1), outsize:(2016,1)
07-25 21:40:09.774   723  5028 D aao_buf_mgr: [updateInfo] mMagicNumber(26), i4SubsampleCount(1)
07-25 21:40:09.774   723  4812 D Hal3Av3 : [parseMeta] Return to AP AE_REGIONS L(0) T(0) R(0) B(0) W(0)
07-25 21:40:09.774   723  4812 D Hal3Av3 : [parseMeta] Return to AP AF_REGIONS L(0) T(0) R(0) B(0) W(0)
07-25 21:40:09.774   723  4812 D Hal3Av3 : [parseMeta] Return to AP AWB_REGIONS L(0) T(0) R(0) B(0) W(0)
07-25 21:40:09.774   723  4812 D Hal3Av3 : [parseMeta] MTK_SENSOR_TEST_PATTERN_DATA(0, 0, 0, 0)
07-25 21:40:09.774   723  4812 I MtkCam/P1NodeImp: [runQueue] [Cam::0 R29 S29 E28 D26 O26 #1] [P1::REQ][Num Q:30 M:0 F:28 R:28 @0][Type:1 Out:x85 Rec:x0 Raw:1 Cap:0 Exe:1 Flush:x0] [META ze:0 ci:3 rt:-1 tn:-1 qc:-1 fi:-1 fr:-1] [New-Request][0] [0] [IMGO:1 (-1,-1)] [Gp:255/0] IOmap-Img[1]=<0_I[0]{}_O[2]{0x100000003,0x100000004}>-Meta[1]=<0_I[2]{0x80000000,0x100000018}_O[2]{0x10000001b,0x100000024}> CfgStream-Img[OutIMG:0x100000001(0),OutRRZ:0x100000003(1),OutLCS:0x100000004(1)]-Meta[InAPP:0x80000000(1),InHAL:0x100000018(1),OutAPP:0x100000024(1),OutHAL:0x10000001b(1)]  | [PreSet][Key:30] Num(0) Dummy(0) MetaCnt[APP:66,HAL:17] | [Rev:0] depth(1) burst(1) Que[1]
07-25 21:40:09.774   723  5052 D ifunc_cam_tuning: [update] [0x0]:CAM_TUNING_CTRL - EN:0x100e02e0 DMA:0x808001e8
07-25 21:40:09.774   723  4812 D MtkCam/ppl_context: [sendFrameToRootNodes] r28 frameNo:28 (X) -> 0x1 success; erase record
07-25 21:40:09.774   723  5052 D LMVDrv  : [GetLMVStatusAndUpdate]Suspicous clear, driver may drop frame and now in new pipeline: magicNum(28)=bypass(0)
07-25 21:40:09.774   723  5052 W LMVDrv  : [GetLMVStatusAndUpdate]Cannot find magicNum(0) in queue(0)
07-25 21:40:09.775   723  5052 D camiopipe: [sendCommand] [0x0]:[2]P1_UPDATE_CHECK CTL_EN(0x11bebee3) +[0_0]:0x11bebee3 [1_0]:0x11bebee3 [2_0]:0x11bebee3 -[0_0]:0x11bebee3 [1_0]:0x11bebee3 [2_0]:0x11bebee3 
07-25 21:40:09.775   723  5052 D NormalPipe: [frameToEnque] - sof(29)
07-25 21:40:09.775   723  5052 D NormalPipe: [enqueRequest] -
07-25 21:40:09.775   723  5028 D AeFlowDefault: [monitorAndReschedule:Perframe AE] Calc:1 Apply:1 Magic:26 AEMonitorStable:1 VdCnt:0 u4CwvYcur:0 u4CwvYpre:0 
07-25 21:40:09.775   723  5028 D ae_mgr  : [updateAEInfo2ISP] State:0 VDNum:0 Shutter:30003 Gain:9040 1024 750 Flare offset:0 512 FrameDuration:33350000 DisableOBC:0 ExpRatio:100 eAEMode:1 eAEstate:2 CurrentidxF:113
07-25 21:40:09.775   723  5081 D MtkCam/HalSensorList: [querySecureState] Secure State is 0
07-25 21:40:09.776   723  5028 D awb_mgr : [setIspAwbInfo()] m_eSensorDev: 1, awb_gain: 988/512/824, PreGain1: 512/512/512, RPG: 988/512/824, PGN: 988/512/824, bAWBLock: 0 (m_bAWBLock:0, m_u4AWBMode:1)
07-25 21:40:09.776   723  5028 D Task3APv: [run] getSensorParams: m_u4PreRealISO(750), u4RealISO(750), m_preAwbGain(988, 512, 824), rAwbInfo.gain(988, 512, 824)
07-25 21:40:09.776   723  1126 D ULog    : R AppRequest:29 M[CameraDevice:187001] +  :mtkcam-dev3 #38258
07-25 21:40:09.776   723  5028 D isp_tuning_custom: [evaluate_Shading_Ratio] sensorid(1379), preSensorId(1379), eSensorMode(2), preSensorMode(2), isSensorOrModeSwitch(0), isInit(0)
07-25 21:40:09.776   723  5028 D isp_tuning_custom: [iso_smooth][ISO smooth enabled][ISO idx(3334)]avgISO = 750.
07-25 21:40:09.776   723  5028 D isp_tuning_custom: [RA_smooth][RA smooth][frm idx(3334)] rto for iso(21), prev_rto(21),RA_incremental_step(2), smoothed ratio(21)
07-25 21:40:09.776   723  5028 D paramctrl_per_frame: put ratio with m_eSensorDev(1), i4Rto(21)
07-25 21:40:09.776   723  5028 D paramctrl_per_frame: [updateLscInfo] (flash, iso, rto)=(0, 750, 21), auto(1), lock(0,0,0), dyn(1), op(0), PreCapFlashIsLockRto(0), fgForceUnlock(0)
07-25 21:40:09.776   723  5028 D Task3APv: [run] Cam 1 : Req(#29)/Stt(#26)/i4Opt(0)/FlashOnOff(0) Lv(8)/ISO(750)/RGB(988,512,824) AFisLockAE(1) isLVChangeTooMuch(0) m_i4FrameCount(27) m_i4TsfFrameCount(28)
07-25 21:40:09.776   723  1126 D mtkcam-dev3-utils: [0-AppRequestUtil::createOneRequest] requestNumber[29]:StreamBuffer:0xb400007dbe81c640 streamId:0 bufferId:3 buffer:0xb400007e2e83efd0 status:OK acquireFenceOp.hdl:0x0 releaseFenceOp.hdl:0x0 acquireFenceOp.fd:-1 releaseFenceOp.fd:-1 appBufferHandleHolder:0xb400007d8e83c4a8 freeByOthers:0 / 
07-25 21:40:09.777   723  5081 D MtkCam/HalSensorList: [querySecureState] Secure State is 0
07-25 21:40:09.777   723  5028 W TuningMgr: TuningMgr[updateEngine] WARNING: [temp log] AF enable(1_0x100e02e0_0x808001e8)
07-25 21:40:09.777   723  5028 D TuningMgr: TuningMgr[enqueBuffer] magicNum(0x1d)
07-25 21:40:09.777   723  1126 D mtkcam-HDRPolicyHelper: [getSeamlessSmoothResult][Cam::0]frameType[3] requestAETargetMode=0 requestExpNum=0
07-25 21:40:09.778   723  5028 I MtkCam/P1NodeImp: [setupAction] [Cam::0 R29 S29 E29 D26 O26 #1] [P1::ENQ][Num Q:29 M:29 F:27 R:27 @29][Type:1 Out:x85 Rec:x0 Raw:1 Cap:0 Exe:1 Flush:x0] [Exp:30003000ns] [MetaCtrl][SCALER_CROP(1) (0,0_2016x1512) ][SENSOR_CROP(0)][RESIZER_SET(0)]
07-25 21:40:09.778   723  5028 D NormalPipe: [acceptEnqRequest] MyEnq:0: dma:0x8 pa(0x6900000)io(0_0_2016_1136_1920_1088) mag(0x1d)|dma:0x6 pa(0x4F009E0)io(0_0_2016_1_2016_1) mag(0x1d)|dma:0xf pa(0x9001D00)io(0_0_256_1_256_1) mag(0x1d)|dma:0xb pa(0xDF00000)io(0_0_384_384_384_384) mag(0x1d)|
07-25 21:40:09.778   723  1126 D MtkCam/ppl_context: [sendFrameToRootNodes] r29 frameNo:29 (X) -> 0x1 BUSY
07-25 21:40:09.779   723  5080 D af_mgr_v3: cmd-getFocusDistance Pos 700->750, Dis 8.366667->9.183333; fDist_Macro_rev 10.000000, fDist_Inf_rev 0.200000, fDAC_Macro 800.000000, fDAC_Inf 200.000000
07-25 21:40:09.779   723  5080 D AfAlgo  : down maxOffset=46 maxCompLevel=46, cutOffset=7, maxOffset=46 offset 0, level 4, cut offset 7, x/y/z/g=70/1041/-82/1046
07-25 21:40:09.779   723  5080 E AfAlgo  : Err:  6195: [AdpComp]Adaptive input error!! 
07-25 21:40:09.779   723  5080 E AfAlgo  : Err:  6279: [AdpComp]Adaptive input error
07-25 21:40:09.779   723  5080 E AfAlgo  : Err:  6279: [AdpComp]Adaptive input error
07-25 21:40:09.779   723  5080 D af_mgr_v3: #(   29,   27) MoveLensTo Dev(1) DAC(800)
07-25 21:40:09.780   723  5080 D LensDrv : [moveMCU] Dev(1) , ioctl - mcuIOC_T_MOVETO, error Operation not permitted
07-25 21:40:09.780   723  5080 D TaskAFNormal: [run] Cam 1 : Req(#29)/Stt(#27)/i4Opt(0)/FlashOnOff(0)
07-25 21:40:09.782   723  5053 D SecMgr  : [SecMgr_GetSecurePortStatus] + (0x0x0)module:0x0 dma port:rrzo
07-25 21:40:09.782   723  5053 D SecMgr  : [SecMgr_GetSecurePortStatus] (0x0)DMA port (0x1) is not supported
07-25 21:40:09.782   723  5053 D ifunc_cam_buf: [waitBufReady] [0x0]:, [0x6100000] waitbufready pass
07-25 21:40:09.782   723  5053 D ifunc_cam_buf: [dequeueHwBuf] [0x0]:BUF_CTRL_RRZO:(0xd_0x0),PA(0x6100000_0xBC00D00),FH_VA(0x7F775C3D00),size(0x3bc400),cur sof(0),
07-25 21:40:09.782   723  5053 D SecMgr  : [SecMgr_GetSecurePortStatus] + (0x0x0)module:0x0 dma port:imgo
07-25 21:40:09.782   723  5053 D SecMgr  : [SecMgr_GetSecurePortStatus] (0x0)DMA port (0x0) is not supported
07-25 21:40:09.782   723  5053 D SecMgr  : [SecMgr_GetSecurePortStatus] + (0x0x0)module:0x0 dma port:
07-25 21:40:09.782   723  5053 D SecMgr  : [SecMgr_GetSecurePortStatus] + (0x0x0)module:0x0 dma port:lcso
07-25 21:40:09.782   723  5053 D NormalPipe: [ispDequeThread] N:0_deq@SOF_29
07-25 21:40:09.782   723  5044 D NormalPipe: [deque] MyDeq:0: dma:0x6 pa(0x4F00000) io(0_0_1_0_0_0_2016_1_2016_1) mag(0x1b)|dma:0x8 pa(0x6100000) io(0_0_2016_1136_0_0_1920_1088_1920_1088) mag(0x1b)|dma:0xb pa(0xD900000) io(0_0_0_0_0_0_0_0_0_0) mag(0x1b)|dma:0xf pa(0x9001B00) io(0_0_0_0_0_0_0_0_0_0) mag(0x1b)|
07-25 21:40:09.782   723  5053 D SecMgr  : [SecMgr_GetSecurePortStatus] + (0x0x0)module:0x0 dma port:rrzo
07-25 21:40:09.782   723  5053 D SecMgr  : [SecMgr_GetSecurePortStatus] (0x0)DMA port (0x1) is not supported
07-25 21:40:09.783   723  5044 W fsc_hal : [processResult]image_scale_output.image_scale == 0
07-25 21:40:09.783   723  5044 D fsc_hal : [processResult]P magic(27) dac(800) ET(30003) EIS(0), CB magic(27), factor(1.000000), sensor(2016,1136), RRZO: c(0,0,2016,1136) s(1920,1088) f(0.000000,0.000000,1920.000000,1088.000000),RSSO: s(0,0), f(0.000000,0.000000,0.000000,0.000000)
07-25 21:40:09.783   723  5044 D MtkCam/HalSensorList: [querySecureState] Secure State is 0
07-25 21:40:09.783   723  5044 D MtkCam/HalSensor: [destroyInstance] HalSensor destroyInstance count = 6, caller =MtkCam/P1NodeUtility
07-25 21:40:09.783   723  5044 D MtkCam/BaseHeap: [IonHeap::unlockBufLocked] Hal:Image:P1:Fullraw_main1:Size2016x1:Stride2520.0.0:Sn1@ still locked (2)
07-25 21:40:09.783   723  5044 I MtkCam/P1NodeImp: [releaseAction] [Cam::0 R29 S29 E29 D27 O26 #1] [P1::DEQ][Num Q:27 M:27 F:25 R:25 @27][Type:1 Out:x85 Rec:x0 Raw:1 Cap:0 Exe:3 Flush:x0] job(0/1) IMG(pure) RRZ0(0-0-2016x1136)(0-0-1920x1088)(1920x1088) T-ns(EXP: 30003000)(Src:0)(SOF: m_948451987000 b_948451981000)(SS: 948421984000) ExpExtend(0, 0)Q(Sen
07-25 21:40:09.784   723  5047 I MtkCam/P1NodeImp: [releaseFrame] [Cam::0 R29 S29 E29 D27 O27 #1] [P1::OUT][Num Q:27 M:27 F:25 R:25 @27][Type:1 Out:x85 Rec:x0 Raw:1 Cap:0 Exe:3 Flush:x0] [Release-0] [DispatchFrame]
07-25 21:40:09.784   723  5047 D MtkCam/ppl_context: [onDispatchFrame] r25 frameNo:25 0x1 -> 0x15 READY(1/1)
07-25 21:40:09.784   723  5047 D MtkCam/P2/MWFrameRequest: [printIOMap] P2S cam 0 MWFrame:#25 MWReq:#25, frame 26 : iomap: [0]=>img[2/1], meta[3/2], fps[29.59]
07-25 21:40:09.785   723  5062 D MtkCam/P2/StreamingProcessor: [makePayLoad] P2S cam 0 MWFrame:#25 MWReq:#25, frame 26-0 : masterID(0) #Requests(1) merged into #RequestsPacks(1), PendingPayload(1), p1Ts=0000948424484000
07-25 21:40:09.786   723  5062 D MtkCam/StreamingPipe/Data: [calNonLargeSrcCrop]sID(0), imgoIn(0), srcCrop(0,0,1920x1088), isSrcCrop(0), mP2Pack Valid(1), imgo(0x0),rrz(1920x1088)
07-25 21:40:09.786   723  5062 D MtkCam/StreamingPipe/Pipe: [prepareIORequest]P2S cam 0 MWFrame:#25 MWReq:#25, frame 26-26  master/slave/fd(0/-1/0) ReqNo(26), feature=0x8008(3DNR+FSC), cycle(33), fps(n/a)=(30/30), ZoomROI((1442.539673x1088.000000)@(238.730179,0.000000)) SFPIOMgr:[sID(0)--IMG(0x0/0),RRZ(0xb400007e0e825510/1),LCS(0xb400007e0e818bb0/1),LCSH(0x0/0),pRSS(0x0/0),cRSS(0x0/0),RSSR2(0x0/0),FYuv(0x0/0),RYuv1(0x0/0),RYuv2(0x0/0),mAIYuv(0x0/0),HalI(0xb400007dbe814b50),AppI(0xb400007e2e81d078),AppDI(0xb400007dbe81c330),AppOver(0x0)]{path(GEN),halO(0xb400007e2e81deb0),appO(0xb400007e2e82f870),Outs--[buf(0xb400007e0e813e10/1)(320x240),tran(0),type(1), tar(disp), prof(0), crop(238.730179,0.000000,1442.539673x1088.000000), flag(0x0)]Tuning--id(0)--[flag(5)]}
07-25 21:40:09.788   723  5060 D isp_mgr_sl2: DIP_X_SL2H_RZ is (SL2_VRZ_COM, SL2_HRZ_COM) = (2138, 2150), (i4RzWidth, i4Width) = (1920, 2016), (i4RzHeight, i4Height) = (1088, 1136)
07-25 21:40:09.788   723  5060 D isp_mgr_sl2: profile is 1, DIP_X_SL2H_RZ is (0x085a0866)
07-25 21:40:09.788   723  5060 D isp_mgr_nr3d: NR3D_EN(1), SL2E_EN(1), x,y,w,h(0,0,1920,1088), full x,y,w,h(0,0,1920,1088),vipi offst(0) w,h(1920,1088), R2C en(1) cnt(3,3,3,13)
07-25 21:40:09.788   723  5060 D MtkCam/StreamingPipe/P2ANode: [enqueFeatureStream] P2S cam 0 MWFrame:#25 MWReq:#25, frame 26-26 :sensor(0) Frame 26 enque start
07-25 21:40:09.788   723  5055 D Iop/p2HPEQNode: [doEnque] sDrvScen:0, CQIdx:0, dupCQIdx:1, burstQIdx:0, RingBufIndex:25,  mTuningData ptr:780771492
07-25 21:40:09.788   723  5055 D PostProcPipe: [PrintPipePortInfo] vInPorts:FN(25),RN(25),TS(0xd28124a0),UK(0xcc183a0),Sec(0),[0]:(0x2205),w(1920),h(1088),stride(3600,0,0),type(0),idx(19),dir(0),Size(0x003bc400,0x00000000,0x00000000),VA(0x7c8f4df000,0x0,0x0),PA(0x6100000,0x0,0x0),secPort(0),
07-25 21:40:09.788   723  5055 D PostProcPipe:                       vInPorts:FN(25),RN(25),TS(0xd28124a0),UK(0xcc183a0),Sec(0),[1]:(0x32315659),w(1920),h(1088),stride(1920,960,960),type(0),idx(22),dir(0),Size(0x001fe000,0x0007f800,0x0007f800),VA(0x7c864cb000,0x7c866c9000,0x7c86748800),PA(0x9e00000,0x9ffe000,0xa07d800),secPort(0),
07-25 21:40:09.788   723  5055 D PostProcPipe:                       vInPorts:FN(25),RN(25),TS(0xd28124a0),UK(0xcc183a0),Sec(0),[2]:(0x2401),w(200),h(112),stride(768,0,0),type(0),idx(26),dir(0),Size(0x00048000,0x00000000,0x00000000),VA(0x7cd76a5000,0x0,0x0),PA(0xd900000,0x0,0x0),secPort(0)
07-25 21:40:09.788   723  5055 D PostProcPipe: [PrintPipePortInfo] vOutPorts:FN(25),RN(25),TS(0xd28124a0),UK(0xcc183a0),Sec(0),[0]:(0x32315659),w(1920),h(1088),stride(1920,960,960),type(0),idx(32),dir(1),Size(0x001fe000,0x0007f800,0x0007f800),VA(0x7c861cd000,0x7c863cb000,0x7c8644a800),PA(0xa100000,0xa2fe000,0xa37d800),secPort(0),
07-25 21:40:09.788   723  5055 D PostProcPipe:                       vOutPorts:FN(25),RN(25),TS(0xd28124a0),UK(0xcc183a0),Sec(0),[1]:(0x11),w(320),h(240),stride(320,320,0),type(0),idx(38),dir(1),Size(0x00012c00,0x00009600,0x00000000),VA(0x7f7732a000,0x7f7733cc00,0x0),PA(0xde00000,0xde12c00,0x0),secPort(0)
07-25 21:40:09.788   723  5055 D PostProcPipe: [configPipe] [Imgi][crop_1](x,f_x,y,f_y)=(0,0,0,0),(w,f_w,h,f_h)=(0,0,0,0),(tarW,tarH)=(0,0)-
07-25 21:40:09.788   723  5055 D PostProcPipe:                     [crop_2](x,f_x,y,f_y)=(238,765648,0,0),(w,f_w,h,f_h)=(1442,565888,1088,0),(tarW,tarH)=(320,240)-
07-25 21:40:09.788   723  5055 D PostProcPipe:                     [crop_3](x,f_x,y,f_y)=(0,0,0,0),(w,f_w,h,f_h)=(0,0,0,0),(tarW,tarH)=(0,0),dupCqIdx(1),[vipi]ofst(0),rW/H(1920/1088)
07-25 21:40:09.788   723  5055 D PostProcPipe: ,                    isDipOnly(0), hwmodule(9/0), dipCQ/dup/burst(0/1/0), drvSc(0), isWtf(1),tdr_tpipe(0),en_yuv/yuv2/rgb/dma/fmt_sel/ctl_sel/misc (0x11e07df8/0xf0/0x1400f9/0x20e0f1/0x30480409/0x16040/0x10), tcm(0xa/0x9fd8e1e3/0xe807b3c), last(1), CRZ_EN(0), img3o ofset(0,0),userName(),PIX_ID(3),ImgBuf_PIX_ID(3),tv_sec(1784986809),tv_usec(821370)
07-25 21:40:09.789   723  5055 D iio/ifunc_dip: [ConfigDipPipe] moduleIdx(0), pDipWBuf(0xce827918), m_pIspDescript_phy(0x9196000), m_pIspDescript_vir(0x8a6eb000), m_pIspVirRegAddr_pa(0x9197000), m_pIspVirRegAddr_va(0x8a6ec000)
07-25 21:40:09.789   723  5056 D iio/ifunc_dip: [enable] thiscq(0), frameflag(0x1), ring_index(25), ref_ringbufidx(24)
07-25 21:40:09.789  2345  2433 D CCodecBufferChannel: elapsed: mInputMetEos 0, hasPendingOutputsInClient 0, n 8
07-25 21:40:09.789   723  5056 D MdpMgr  : [updateDpStreamMap] refObjectCqIdx:0, refObjectRingBufIdx:1,cqIdx:0,ringIdx:25,refringbufidx:24
07-25 21:40:09.789   723  5056 D MdpMgr  : [selectDpIspStream] [selectDpIspStream] cqIdx(0/1/0/25_0/1),sceID(0)
07-25 21:40:09.789   723  5056 D MdpMgr  : [_startMdp] dstFmt(657,4982892)
07-25 21:40:09.790   723  5056 D MdpMgr  : [_startMdp] +sceID(0),cqPa(0x9196000)-Va(0x7c8a6eb000),tpipVa(0x7c8a164000)-Pa(0x9310000),isWaitB(1),cqIndx(0/1/0/25),venc(0),(va: 0x7c8a164000),        srcFt(0x2205),W(1920),H(1088),stride(3600,0),size(0x3bc400-0x0-0x0),VA(0x    ffff),PA(0x 6100000),plane(1),Stmtype(1)
07-25 21:40:09.790   723  5056 D MdpMgr  :         wdma_en(1),idx(0),cap(3),ft(17),rt(0),fp(0),(w,h,s)=(320,240,320),C(w,h,s)=(320,120,320),V(w,h,s)=(0,0,0),mdpidx(0),
07-25 21:40:09.790   723  5056 D MdpMgr  :         wrot_en(0),idx(1),cap(0),ft(0),rt(0),fp(0),(w,h,s)=(0,0,0),C(w,h,s)=(0,0,0),V(w,h,s)=(0,0,0),mdpidx(0),
07-25 21:40:09.790   723  5056 D MdpMgr  :         jpg_en(0),idx(2),cap(0),ft(0),rt(0),fp(0),(w,h,s)=(0,0,0),C(w,h,s)=(0,0,0),V(w,h,s)=(0,0,0),mdpidx(1),
07-25 21:40:09.790   723  5056 D MdpMgr  :         pipe_en(0),idx(3),cap(0),ft(0),rt(0),fp(0),(w,h,s)=(0,0,0),C(w,h,s)=(0,0,0),V(w,h,s)=(0,0,0),mdpidx(2),
07-25 21:40:09.790   723  5056 D MdpMgr  :         (va:0x7c8a164000,dstpa:0x9310000)
07-25 21:40:09.790   723  5056 D MdpMgr  : flag(0_0x1->0x1),startStm(1103 us),WDPQ(0x       0),WRPQ(0x       0),tv_sec(1784986809),tv_usec(821370)
07-25 21:40:09.790   723  5056 D Iop/p2HPEQNode: [doMdpStart] frameUnit.idxofwaitDQFrmPackList (0x5e812e78_0_0_1, 0_0_1_0)
07-25 21:40:09.791   723  5057 D MdpMgr  : [selectDpIspStream] [selectDpIspStream] cqIdx(0/1/0/25_0/1),sceID(0)
07-25 21:40:09.793   531  2449 E [GrallocExtra-ERROR]: gralloc_extra_query:105 gralloc_extra_query with NULL handle: 0x0
07-25 21:40:09.794  2345  2403 D C2OMXNode: dhy...mOsdPos:,,mOsdText:
07-25 21:40:09.797   723  5057 D MdpMgr  : [_dequeueBuf] +,cqIndx(0/1/0/25),sceID(0),deqIndex(1),isWaitBuf(1),
07-25 21:40:09.797   723  5057 D MdpMgr  :         deqIndex(1), dequeTime(6549 us)
07-25 21:40:09.797   723  5057 D MdpMgr  : [selectDpIspStream] [selectDpIspStream] cqIdx(0/1/0/25_0/1),sceID(0)
07-25 21:40:09.798   723  5057 D MdpMgr  : [_dequeueBuf] +,cqIndx(0/1/0/25),sceID(0),deqIndex(0),isWaitBuf(1),
07-25 21:40:09.798   723  5057 D MdpMgr  :         deqIndex(0), dequeTime(178 us)
07-25 21:40:09.798   723  5057 D MdpMgr  : [selectDpIspStream] [selectDpIspStream] cqIdx(0/1/0/25_0/1),sceID(0)
07-25 21:40:09.798   723  5057 D MtkCam/StreamingPipe/P2ANode: [onDIPStreamBaseCB] P2S cam 0 MWFrame:#25 MWReq:#25, frame 26-26 :sensor(0) Frame 26 enque done in 9 ms, result = 1
07-25 21:40:09.798   723  5057 D Iop/p2HPDQNode: [doDeque] +,tag(2),idx(0),p2CQ(0/1/0/25),
07-25 21:40:09.798   723  5057 D Iop/p2HPDQNode:                          +,tag(1),idx(0),p2CQ(0/1),
07-25 21:40:09.798   723  5057 D Iop/p2HPDQNode:                          -,cb(182 us)
07-25 21:40:09.798   723  5061 D MtkCam/P2/MWFrame: [doRelease] P2S cam 0 MWFrame:#25 MWReq:#25, frame 26 : all streams(8), using(0), status: s0:d0:App:YCrCb_420_SP:0|HW_TEXTURE(1),Meta:App:Control(1),Hal:Image:P1:Resizeraw_main1(1),Hal:Image:STT_main1(1),Hal:Meta:P1:Dynamic_main1(1),Hal:Meta:P2:Dynamic(1),App:Meta:DynamicP1_main1(1),App:Meta:DynamicP2(1),
07-25 21:40:09.799   723  5025 D mtkcam-AppStreamMgr: [0-FrameHandler::updateResult] requestNo 25, real time:0, last partial:1
07-25 21:40:09.799   723  5025 D ULog    : R AppRequest:25 M[CameraDevice:187001] -  :mtkcam-AppStreamMgr #38259
07-25 21:40:09.799   723  5061 D mtkcam-pipeline: [onLastStrongRef] [ requestNo:25 frameNo:25 ] frame end
07-25 21:40:09.799   723  5061 D MtkCam/StreamingPipe/Timer: [print]Frame timer [#   26/   0][t  12][io   0][tof  0/  0][d  0/  0][mss  0/  0/  0/  0][a 10/  1/  9][tun  0/  0][msf  0/  0][vnr  0/  0/  0][am  0][b  0/  0][tpi(  0/  0)/(  0/  0)/(  0/  0)][vmdp_A  0/  0 vmdp_B  0/  0][h  1/  0/  0][e  0][r  0/  0][w_A  0/  0/  0/  0 w_B  0/  0/  0/  0][x  0][disp  0/  0][async  0/  0][p2sm  0/  0/  0][fps29.59/29.59/ 30/ 30]
07-25 21:40:09.807   723  5028 D HwIRQ3A : [wait] VSIrq
07-25 21:40:09.807   723  5052 D NormalPipe: [enqueRequest] +N:0 CurSof:30 enqCnt:28 cqCnt(p/v):28/28 FrameStatus(2)
07-25 21:40:09.807   723  5052 D NormalPipe: [configEnquePath] N:0 configFrame event:1 multiSenNum:2 occupy:0 status:1(2) fsm:0 depth:0
07-25 21:40:09.808   723  5052 D NormalPipe: [dmaCfg] N:0 dma:x8 cmd:0x101a, crop:(0,0,2016,1136), outsize:(1920,1088)
07-25 21:40:09.808   723  5028 I MtkCam/P1NodeImp: [setRequest] [Cam::0 R30 S30 E29 D27 O27 #0] [P1::SET][Num Q:30 M:30 F:28 R:28 @0][Type:1 Out:x85 Rec:x0 Raw:1 Cap:0 Exe:1 Flush:x0] Num[30] Ctrl[1]=[ 30 ]
07-25 21:40:09.808   723  5052 D NormalPipe: [dmaCfg] N:0 dma:x6 cmd:0x101c, crop:(0,0,2016,1), outsize:(2016,1)
07-25 21:40:09.808   723  1126 E camiopipe: [vendor/mediatek/proprietary/hardware/mtkcam/drv/src/isp/mt6768/imageio/pipe/CamIOPipe/CamIOPipe.cpp, sendCommand, line3805] ERROR: [0x0]:NOT support command! (sendCommand){#3805:vendor/mediatek/proprietary/hardware/mtkcam/drv/src/isp/mt6768/imageio/pipe/CamIOPipe/CamIOPipe.cpp}
07-25 21:40:09.808   723  1126 E camiopipe: [vendor/mediatek/proprietary/hardware/mtkcam/drv/src/isp/mt6768/imageio/pipe/CamIOPipe/CamIOPipe.cpp, sendCommand, line3812] ERROR: [0x0]:sendCommand(0x1500) error! (sendCommand){#3812:vendor/mediatek/proprietary/hardware/mtkcam/drv/src/isp/mt6768/imageio/pipe/CamIOPipe/CamIOPipe.cpp}
07-25 21:40:09.808   723  1126 E NormalPipe: [vendor/mediatek/proprietary/hardware/mtkcam/drv/src/isp/mt6768/iopipe/CamIO/NormalPipe.cpp, sendCommand, line3773] ERROR: error: sendCommand fail: (cmd,arg1,arg2,arg3)=(0x00001500,0x7C9833AF40,0x7C9833AF44,0xB400007ECE8315EC) (sendCommand){#3773:vendor/mediatek/proprietary/hardware/mtkcam/drv/src/isp/mt6768/iopipe/CamIO/NormalPipe.cpp}
07-25 21:40:09.808   723  5028 D aao_buf_mgr: [updateInfo] mMagicNumber(27), i4SubsampleCount(1)
07-25 21:40:09.808   723  1126 D Hal3Av3 : [parseMeta] Return to AP AE_REGIONS L(0) T(0) R(0) B(0) W(0)
07-25 21:40:09.808   723  5052 D ifunc_cam_tuning: [update] [0x0]:CAM_TUNING_CTRL - EN:0x100e02e0 DMA:0x808001e8
07-25 21:40:09.808   723  1126 D Hal3Av3 : [parseMeta] Return to AP AF_REGIONS L(0) T(0) R(0) B(0) W(0)
07-25 21:40:09.808   723  5052 D LMVDrv  : [GetLMVStatusAndUpdate]Suspicous clear, driver may drop frame and now in new pipeline: magicNum(29)=bypass(0)
07-25 21:40:09.808   723  1126 D Hal3Av3 : [parseMeta] Return to AP AWB_REGIONS L(0) T(0) R(0) B(0) W(0)
07-25 21:40:09.808   723  5052 W LMVDrv  : [GetLMVStatusAndUpdate]Cannot find magicNum(0) in queue(0)
07-25 21:40:09.809   723  1126 D Hal3Av3 : [parseMeta] MTK_SENSOR_TEST_PATTERN_DATA(0, 0, 0, 0)
07-25 21:40:09.809   723  1126 I MtkCam/P1NodeImp: [runQueue] [Cam::0 R30 S30 E29 D27 O27 #1] [P1::REQ][Num Q:31 M:0 F:29 R:29 @0][Type:1 Out:x85 Rec:x0 Raw:1 Cap:0 Exe:1 Flush:x0] [META ze:0 ci:3 rt:-1 tn:-1 qc:-1 fi:-1 fr:-1] [New-Request][0] [0] [IMGO:1 (-1,-1)] [Gp:255/0] IOmap-Img[1]=<0_I[0]{}_O[2]{0x100000003,0x100000004}>-Meta[1]=<0_I[2]{0x80000000,0x100000018}_O[2]{0x10000001b,0x100000024}> CfgStream-Img[OutIMG:0x100000001(0),OutRRZ:0x100000003(1),OutLCS:0x100000004(1)]-Meta[InAPP:0x80000000(1),InHAL:0x100000018(1),OutAPP:0x100000024(1),OutHAL:0x10000001b(1)]  | [PreSet][Key:31] Num(0) Dummy(0) MetaCnt[APP:66,HAL:17] | [Rev:0] depth(1) burst(1) Que[1]
07-25 21:40:09.809   723  5052 D camiopipe: [sendCommand] [0x0]:[0]P1_UPDATE_CHECK CTL_EN(0x11bebee3) +[0_0]:0x11bebee3 [1_0]:0x11bebee3 [2_0]:0x11bebee3 -[0_0]:0x11bebee3 [1_0]:0x11bebee3 [2_0]:0x11bebee3 
07-25 21:40:09.809   723  1126 D MtkCam/ppl_context: [sendFrameToRootNodes] r29 frameNo:29 (X) -> 0x1 success; erase record
07-25 21:40:09.809   723  5052 D NormalPipe: [frameToEnque] - sof(30)
07-25 21:40:09.809   723  5052 D NormalPipe: [enqueRequest] -
07-25 21:40:09.809   723  5028 D AeFlowDefault: [monitorAndReschedule:Perframe AE] Calc:1 Apply:1 Magic:27 AEMonitorStable:1 VdCnt:0 u4CwvYcur:0 u4CwvYpre:0 
07-25 21:40:09.809   723  5028 D ae_mgr  : [updateAEInfo2ISP] State:0 VDNum:0 Shutter:30003 Gain:9040 1024 750 Flare offset:0 512 FrameDuration:33350000 DisableOBC:0 ExpRatio:100 eAEMode:1 eAEstate:2 CurrentidxF:113
07-25 21:40:09.809   723  5081 D MtkCam/HalSensorList: [querySecureState] Secure State is 0
07-25 21:40:09.809   723  5028 D awb_mgr : [setIspAwbInfo()] m_eSensorDev: 1, awb_gain: 990/512/816, PreGain1: 512/512/512, RPG: 990/512/816, PGN: 990/512/816, bAWBLock: 0 (m_bAWBLock:0, m_u4AWBMode:1)
07-25 21:40:09.809   723  5028 D Task3APv: [run] getSensorParams: m_u4PreRealISO(750), u4RealISO(750), m_preAwbGain(988, 512, 824), rAwbInfo.gain(990, 512, 816)
07-25 21:40:09.810   723  5028 D isp_tuning_custom: [evaluate_Shading_Ratio] sensorid(1379), preSensorId(1379), eSensorMode(2), preSensorMode(2), isSensorOrModeSwitch(0), isInit(0)
07-25 21:40:09.810   723  5028 D isp_tuning_custom: [iso_smooth][ISO smooth enabled][ISO idx(3335)]avgISO = 750.
07-25 21:40:09.810   723  5028 D isp_tuning_custom: [RA_smooth][RA smooth][frm idx(3335)] rto for iso(21), prev_rto(21),RA_incremental_step(2), smoothed ratio(21)
07-25 21:40:09.810   723  5028 D paramctrl_per_frame: put ratio with m_eSensorDev(1), i4Rto(21)
07-25 21:40:09.810   723  5028 D paramctrl_per_frame: [updateLscInfo] (flash, iso, rto)=(0, 750, 21), auto(1), lock(0,0,0), dyn(1), op(0), PreCapFlashIsLockRto(0), fgForceUnlock(0)
07-25 21:40:09.810   723  5028 D Task3APv: [run] Cam 1 : Req(#30)/Stt(#27)/i4Opt(0)/FlashOnOff(0) Lv(8)/ISO(750)/RGB(990,512,816) AFisLockAE(1) isLVChangeTooMuch(0) m_i4FrameCount(28) m_i4TsfFrameCount(29)
07-25 21:40:09.811   723  5033 D MtkCam/BaseHeap: [IonHeap::helpFlushCacheIon] ctrl(0), num[0]: mID(0x28),size(24576),VA(0x7f776fd000),PA(0x5500000)
07-25 21:40:09.811   723  5028 W TuningMgr: TuningMgr[updateEngine] WARNING: [temp log] AF enable(1_0x100e02e0_0x808001e8)
07-25 21:40:09.811   723  5081 D MtkCam/HalSensorList: [querySecureState] Secure State is 0
07-25 21:40:09.811   723  5028 D TuningMgr: TuningMgr[enqueBuffer] magicNum(0x1e)
07-25 21:40:09.811   723  1126 D ULog    : R AppRequest:30 M[CameraDevice:187001] +  :mtkcam-dev3 #38260
07-25 21:40:09.811   723  1126 D mtkcam-dev3-utils: [0-AppRequestUtil::createOneRequest] requestNumber[30]:StreamBuffer:0xb400007dbe819310 streamId:0 bufferId:2 buffer:0xb400007e2e80ef90 status:OK acquireFenceOp.hdl:0x7cde608760 releaseFenceOp.hdl:0x0 acquireFenceOp.fd:-1 releaseFenceOp.fd:-1 appBufferHandleHolder:0xb400007d8e85d7a8 freeByOthers:0 / 
07-25 21:40:09.812   723  5028 I MtkCam/P1NodeImp: [setupAction] [Cam::0 R30 S30 E30 D27 O27 #1] [P1::ENQ][Num Q:30 M:30 F:28 R:28 @30][Type:1 Out:x85 Rec:x0 Raw:1 Cap:0 Exe:1 Flush:x0] [Exp:30003000ns] [MetaCtrl][SCALER_CROP(1) (0,0_2016x1512) ][SENSOR_CROP(0)][RESIZER_SET(0)]
07-25 21:40:09.812   723  5028 D NormalPipe: [acceptEnqRequest] MyEnq:0: dma:0x8 pa(0x6D00000)io(0_0_2016_1136_1920_1088) mag(0x1e)|dma:0x6 pa(0x4F00000)io(0_0_2016_1_2016_1) mag(0x1e)|dma:0xf pa(0x9001E00)io(0_0_256_1_256_1) mag(0x1e)|dma:0xb pa(0x9D00000)io(0_0_384_384_384_384) mag(0x1e)|
07-25 21:40:09.812   723  1126 D mtkcam-HDRPolicyHelper: [getSeamlessSmoothResult][Cam::0]frameType[3] requestAETargetMode=0 requestExpNum=0
07-25 21:40:09.813   723  5080 D af_mgr_v3: cmd-getFocusDistance Pos 750->800, Dis 9.183333->10.000000; fDist_Macro_rev 10.000000, fDist_Inf_rev 0.200000, fDAC_Macro 800.000000, fDAC_Inf 200.000000
07-25 21:40:09.813   723  5080 D AfAlgo  : down maxOffset=46 maxCompLevel=46, cutOffset=7, maxOffset=46 offset 0, level 4, cut offset 7, x/y/z/g=71/1042/-84/1047
07-25 21:40:09.813   723  5080 E AfAlgo  : Err:  6195: [AdpComp]Adaptive input error!! 
07-25 21:40:09.813   723  5080 E AfAlgo  : Err:  6279: [AdpComp]Adaptive input error
07-25 21:40:09.813   723  5080 E AfAlgo  : Err:  6279: [AdpComp]Adaptive input error
07-25 21:40:09.813   723  1126 D MtkCam/ppl_context: [sendFrameToRootNodes] r30 frameNo:30 (X) -> 0x1 BUSY
07-25 21:40:09.813   723  5080 D AfAlgoC : [DAF] DafIO out: mode 0 isL 0 isQ 0 isV 0 afdac 800 afconf 100 qNum 0  sPDWin (0,0,0,0)
07-25 21:40:09.813   723  5080 D AfAlgoC : [handleAFout0](28) Mode=3,Status=1,StatusC=5,IsAfSearch=3,IsSelROI=0,ROISel=4,FDstatus=0,AFMark=1,mTrig=1,SceneState=00000100,ext=1, PostureDac=258/46, TermalPos=0, searchRange (200,800), camA=8, post=0
07-25 21:40:09.813   723  5080 D AfAlgoC : [AdpComp]Equivalent lens pos = 800
07-25 21:40:09.813   723  5080 D af_mgr_v3: #(   30,   28) MoveLensTo Dev(1) DAC(258)
07-25 21:40:09.814   723  5080 D LensDrv : [moveMCU] Dev(1) , ioctl - mcuIOC_T_MOVETO, error Operation not permitted
07-25 21:40:09.814   723  5080 D TaskAFNormal: [run] Cam 1 : Req(#30)/Stt(#28)/i4Opt(0)/FlashOnOff(0)
07-25 21:40:09.815   723  5053 D SecMgr  : [SecMgr_GetSecurePortStatus] + (0x0x0)module:0x0 dma port:rrzo
07-25 21:40:09.816   723  5053 D SecMgr  : [SecMgr_GetSecurePortStatus] (0x0)DMA port (0x1) is not supported
07-25 21:40:09.816   723  5053 D ifunc_cam_buf: [waitBufReady] [0x0]:, [0x6500000] waitbufready pass
07-25 21:40:09.816   723  5053 D ifunc_cam_buf: [dequeueHwBuf] [0x0]:BUF_CTRL_RRZO:(0xd_0x0),PA(0x6500000_0xBC00D80),FH_VA(0x7F775C3D80),size(0x3bc400),cur sof(0),
07-25 21:40:09.816   723  5053 D SecMgr  : [SecMgr_GetSecurePortStatus] + (0x0x0)module:0x0 dma port:imgo
07-25 21:40:09.816   723  5053 D SecMgr  : [SecMgr_GetSecurePortStatus] (0x0)DMA port (0x0) is not supported
07-25 21:40:09.816   723  5053 D SecMgr  : [SecMgr_GetSecurePortStatus] + (0x0x0)module:0x0 dma port:
07-25 21:40:09.816   723  5053 D SecMgr  : [SecMgr_GetSecurePortStatus] + (0x0x0)module:0x0 dma port:lcso
07-25 21:40:09.816   723  5053 D NormalPipe: [ispDequeThread] N:0_deq@SOF_30
07-25 21:40:09.816   723  5053 D SecMgr  : [SecMgr_GetSecurePortStatus] + (0x0x0)module:0x0 dma port:rrzo
07-25 21:40:09.816   723  5053 D SecMgr  : [SecMgr_GetSecurePortStatus] (0x0)DMA port (0x1) is not supported
07-25 21:40:09.816   723  5044 D NormalPipe: [deque] MyDeq:0: dma:0x6 pa(0x4F013C0) io(0_0_1_0_0_0_2016_1_2016_1) mag(0x1c)|dma:0x8 pa(0x6500000) io(0_0_2016_1136_0_0_1920_1088_1920_1088) mag(0x1c)|dma:0xb pa(0xDD00000) io(0_0_0_0_0_0_0_0_0_0) mag(0x1c)|dma:0xf pa(0x9001C00) io(0_0_0_0_0_0_0_0_0_0) mag(0x1c)|
07-25 21:40:09.817   723  5044 W fsc_hal : [processResult]image_scale_output.image_scale == 0
07-25 21:40:09.817   723  5044 D fsc_hal : [processResult]P magic(28) dac(258) ET(30003) EIS(0), CB magic(28), factor(1.000000), sensor(2016,1136), RRZO: c(0,0,2016,1136) s(1920,1088) f(0.000000,0.000000,1920.000000,1088.000000),RSSO: s(0,0), f(0.000000,0.000000,0.000000,0.000000)
07-25 21:40:09.817   723  5044 D MtkCam/HalSensorList: [querySecureState] Secure State is 0
07-25 21:40:09.817   723  5044 D MtkCam/HalSensor: [destroyInstance] HalSensor destroyInstance count = 6, caller =MtkCam/P1NodeUtility
07-25 21:40:09.817   723  5044 D MtkCam/BaseHeap: [IonHeap::unlockBufLocked] Hal:Image:P1:Fullraw_main1:Size2016x1:Stride2520.0.0:Sn3@ still locked (2)
07-25 21:40:09.817   723  5044 I MtkCam/P1NodeImp: [releaseAction] [Cam::0 R30 S30 E30 D28 O27 #1] [P1::DEQ][Num Q:28 M:28 F:26 R:26 @28][Type:1 Out:x85 Rec:x0 Raw:1 Cap:0 Exe:3 Flush:x0] job(0/1) IMG(pure) RRZ0(0-0-2016x1136)(0-0-1920x1088)(1920x1088) T-ns(EXP: 30003000)(Src:0)(SOF: m_948485765000 b_948485759000)(SS: 948455762000) ExpExtend(0, 0)Q(Sen
07-25 21:40:09.818   723  5047 I MtkCam/P1NodeImp: [releaseFrame] [Cam::0 R30 S30 E30 D28 O28 #1] [P1::OUT][Num Q:28 M:28 F:26 R:26 @28][Type:1 Out:x85 Rec:x0 Raw:1 Cap:0 Exe:3 Flush:x0] [Release-0] [DispatchFrame]
07-25 21:40:09.818   723  5047 D MtkCam/ppl_context: [onDispatchFrame] r26 frameNo:26 0x1 -> 0x15 READY(1/1)
07-25 21:40:09.818   723  5047 D MtkCam/P2/MWFrameRequest: [printIOMap] P2S cam 0 MWFrame:#26 MWReq:#26, frame 27 : iomap: [0]=>img[2/1], meta[3/2], fps[29.58]
07-25 21:40:09.820   723  5062 D MtkCam/P2/StreamingProcessor: [makePayLoad] P2S cam 0 MWFrame:#26 MWReq:#26, frame 27-0 : masterID(0) #Requests(1) merged into #RequestsPacks(1), PendingPayload(1), p1Ts=0000948458262000
07-25 21:40:09.820   723  5062 D MtkCam/StreamingPipe/Data: [calNonLargeSrcCrop]sID(0), imgoIn(0), srcCrop(0,0,1920x1088), isSrcCrop(0), mP2Pack Valid(1), imgo(0x0),rrz(1920x1088)
07-25 21:40:09.821   723  5062 D MtkCam/StreamingPipe/Pipe: [prepareIORequest]P2S cam 0 MWFrame:#26 MWReq:#26, frame 27-27  master/slave/fd(0/-1/0) ReqNo(27), feature=0x8008(3DNR+FSC), cycle(33), fps(n/a)=(30/30), ZoomROI((1442.539673x1088.000000)@(238.730179,0.000000)) SFPIOMgr:[sID(0)--IMG(0x0/0),RRZ(0xb400007e0e818bb0/1),LCS(0xb400007e0e825510/1),LCSH(0x0/0),pRSS(0x0/0),cRSS(0x0/0),RSSR2(0x0/0),FYuv(0x0/0),RYuv1(0x0/0),RYuv2(0x0/0),mAIYuv(0x0/0),HalI(0xb400007dbe816520),AppI(0xb400007e2e81e738),AppDI(0xb400007dbe819150),AppOver(0x0)]{path(GEN),halO(0xb400007e2e815b70),appO(0xb400007e2e836a30),Outs--[buf(0xb400007e0e8182b0/1)(320x240),tran(0),type(1), tar(disp), prof(0), crop(238.730179,0.000000,1442.539673x1088.000000), flag(0x0)]Tuning--id(0)--[flag(5)]}
07-25 21:40:09.822   723  5060 D isp_mgr_sl2: DIP_X_SL2H_RZ is (SL2_VRZ_COM, SL2_HRZ_COM) = (2138, 2150), (i4RzWidth, i4Width) = (1920, 2016), (i4RzHeight, i4Height) = (1088, 1136)
07-25 21:40:09.822   723  5060 D isp_mgr_sl2: profile is 1, DIP_X_SL2H_RZ is (0x085a0866)
07-25 21:40:09.822   723  5060 D isp_mgr_nr3d: NR3D_EN(1), SL2E_EN(1), x,y,w,h(0,0,1920,1088), full x,y,w,h(0,0,1920,1088),vipi offst(0) w,h(1920,1088), R2C en(1) cnt(0,4,4,0)
07-25 21:40:09.822   723  5060 D MtkCam/StreamingPipe/P2ANode: [enqueFeatureStream] P2S cam 0 MWFrame:#26 MWReq:#26, frame 27-27 :sensor(0) Frame 27 enque start
07-25 21:40:09.823   723  5055 D Iop/p2HPEQNode: [doEnque] sDrvScen:0, CQIdx:0, dupCQIdx:0, burstQIdx:0, RingBufIndex:26,  mTuningData ptr:780587172
07-25 21:40:09.823   723  5055 D PostProcPipe: [PrintPipePortInfo] vInPorts:FN(26),RN(26),TS(0xd4848df0),UK(0xcc183a0),Sec(0),[0]:(0x2205),w(1920),h(1088),stride(3600,0,0),type(0),idx(19),dir(0),Size(0x003bc400,0x00000000,0x00000000),VA(0x7c8f122000,0x0,0x0),PA(0x6500000,0x0,0x0),secPort(0),
07-25 21:40:09.823   723  5055 D PostProcPipe:                       vInPorts:FN(26),RN(26),TS(0xd4848df0),UK(0xcc183a0),Sec(0),[1]:(0x32315659),w(1920),h(1088),stride(1920,960,960),type(0),idx(22),dir(0),Size(0x001fe000,0x0007f800,0x0007f800),VA(0x7c861cd000,0x7c863cb000,0x7c8644a800),PA(0xa100000,0xa2fe000,0xa37d800),secPort(0),
07-25 21:40:09.823   723  5055 D PostProcPipe:                       vInPorts:FN(26),RN(26),TS(0xd4848df0),UK(0xcc183a0),Sec(0),[2]:(0x2401),w(200),h(112),stride(768,0,0),type(0),idx(26),dir(0),Size(0x00048000,0x00000000,0x00000000),VA(0x7cd7607000,0x0,0x0),PA(0xdd00000,0x0,0x0),secPort(0)
07-25 21:40:09.823   723  5055 D PostProcPipe: [PrintPipePortInfo] vOutPorts:FN(26),RN(26),TS(0xd4848df0),UK(0xcc183a0),Sec(0),[0]:(0x32315659),w(1920),h(1088),stride(1920,960,960),type(0),idx(32),dir(1),Size(0x001fe000,0x0007f800,0x0007f800),VA(0x7c72b2d000,0x7c72d2b000,0x7c72daa800),PA(0xa400000,0xa5fe000,0xa67d800),secPort(0),
07-25 21:40:09.823   723  5055 D PostProcPipe:                       vOutPorts:FN(26),RN(26),TS(0xd4848df0),UK(0xcc183a0),Sec(0),[1]:(0x11),w(320),h(240),stride(320,320,0),type(0),idx(38),dir(1),Size(0x00012c00,0x00009600,0x00000000),VA(0x7f7717b000,0x7f7718dc00,0x0),PA(0xe100000,0xe112c00,0x0),secPort(0)
07-25 21:40:09.823   723  5055 D PostProcPipe: [configPipe] [Imgi][crop_1](x,f_x,y,f_y)=(0,0,0,0),(w,f_w,h,f_h)=(0,0,0,0),(tarW,tarH)=(0,0)-
07-25 21:40:09.823   723  5055 D PostProcPipe:                     [crop_2](x,f_x,y,f_y)=(238,765648,0,0),(w,f_w,h,f_h)=(1442,565888,1088,0),(tarW,tarH)=(320,240)-
07-25 21:40:09.823   723  5055 D PostProcPipe:                     [crop_3](x,f_x,y,f_y)=(0,0,0,0),(w,f_w,h,f_h)=(0,0,0,0),(tarW,tarH)=(0,0),dupCqIdx(0),[vipi]ofst(0),rW/H(1920/1088)
07-25 21:40:09.823   723  5055 D PostProcPipe: ,                    isDipOnly(0), hwmodule(9/0), dipCQ/dup/burst(0/0/0), drvSc(0), isWtf(1),tdr_tpipe(0),en_yuv/yuv2/rgb/dma/fmt_sel/ctl_sel/misc (0x11e07df8/0xf0/0x1400f9/0x20e0f1/0x30480409/0x16040/0x10), tcm(0xa/0x9fd8e1e3/0xe807b3c), last(1), CRZ_EN(0), img3o ofset(0,0),userName(),PIX_ID(3),ImgBuf_PIX_ID(3),tv_sec(1784986809),tv_usec(855965)
07-25 21:40:09.823   723  5055 D iio/ifunc_dip: [ConfigDipPipe] moduleIdx(0), pDipWBuf(0xce827970), m_pIspDescript_phy(0x919c000), m_pIspDescript_vir(0x8a6f1000), m_pIspVirRegAddr_pa(0x919d000), m_pIspVirRegAddr_va(0x8a6f2000)
07-25 21:40:09.824   723  5056 D iio/ifunc_dip: [enable] thiscq(0), frameflag(0x1), ring_index(26), ref_ringbufidx(25)
07-25 21:40:09.824   723  5056 D MdpMgr  : [updateDpStreamMap] refObjectCqIdx:0, refObjectRingBufIdx:1,cqIdx:0,ringIdx:26,refringbufidx:25
07-25 21:40:09.824   723  5056 D MdpMgr  : [selectDpIspStream] [selectDpIspStream] cqIdx(0/0/0/26_0/1),sceID(0)
07-25 21:40:09.824   723  5056 D MdpMgr  : [_startMdp] dstFmt(657,4982892)
07-25 21:40:09.825   723  5056 D MdpMgr  : [_startMdp] +sceID(0),cqPa(0x919c000)-Va(0x7c8a6f1000),tpipVa(0x7c8a164000)-Pa(0x9310000),isWaitB(1),cqIndx(0/0/0/26),venc(0),(va: 0x7c8a164000),        srcFt(0x2205),W(1920),H(1088),stride(3600,0),size(0x3bc400-0x0-0x0),VA(0x    ffff),PA(0x 6500000),plane(1),Stmtype(1)
07-25 21:40:09.825   723  5056 D MdpMgr  :         wdma_en(1),idx(0),cap(3),ft(17),rt(0),fp(0),(w,h,s)=(320,240,320),C(w,h,s)=(320,120,320),V(w,h,s)=(0,0,0),mdpidx(0),
07-25 21:40:09.825   723  5056 D MdpMgr  :         wrot_en(0),idx(1),cap(0),ft(0),rt(0),fp(0),(w,h,s)=(0,0,0),C(w,h,s)=(0,0,0),V(w,h,s)=(0,0,0),mdpidx(0),
07-25 21:40:09.825   723  5056 D MdpMgr  :         jpg_en(0),idx(2),cap(0),ft(0),rt(0),fp(0),(w,h,s)=(0,0,0),C(w,h,s)=(0,0,0),V(w,h,s)=(0,0,0),mdpidx(1),
07-25 21:40:09.825   723  5056 D MdpMgr  :         pipe_en(0),idx(3),cap(0),ft(0),rt(0),fp(0),(w,h,s)=(0,0,0),C(w,h,s)=(0,0,0),V(w,h,s)=(0,0,0),mdpidx(2),
07-25 21:40:09.825   723  5056 D MdpMgr  :         (va:0x7c8a164000,dstpa:0x9310000)
07-25 21:40:09.825   723  5056 D MdpMgr  : flag(0_0x1->0x1),startStm(800 us),WDPQ(0x       0),WRPQ(0x       0),tv_sec(1784986809),tv_usec(855965)
07-25 21:40:09.825   723  5056 D Iop/p2HPEQNode: [doMdpStart] frameUnit.idxofwaitDQFrmPackList (0x5e812e78_0_0_0, 0_0_1_0)
07-25 21:40:09.825   723  5057 D MdpMgr  : [selectDpIspStream] [selectDpIspStream] cqIdx(0/0/0/26_0/1),sceID(0)
07-25 21:40:09.828   531  2449 E [GrallocExtra-ERROR]: gralloc_extra_query:105 gralloc_extra_query with NULL handle: 0x0
07-25 21:40:09.828  2345  2403 D C2OMXNode: dhy...mOsdPos:,,mOsdText:
07-25 21:40:09.832   723  5057 D MdpMgr  : [_dequeueBuf] +,cqIndx(0/0/0/26),sceID(0),deqIndex(1),isWaitBuf(1),
07-25 21:40:09.832   723  5057 D MdpMgr  :         deqIndex(1), dequeTime(6235 us)
07-25 21:40:09.832   723  5057 D MdpMgr  : [selectDpIspStream] [selectDpIspStream] cqIdx(0/0/0/26_0/1),sceID(0)
07-25 21:40:09.832   723  5057 D MdpMgr  : [_dequeueBuf] +,cqIndx(0/0/0/26),sceID(0),deqIndex(0),isWaitBuf(1),
07-25 21:40:09.832   723  5057 D MdpMgr  :         deqIndex(0), dequeTime(35 us)
07-25 21:40:09.832   723  5057 D MdpMgr  : [selectDpIspStream] [selectDpIspStream] cqIdx(0/0/0/26_0/1),sceID(0)
07-25 21:40:09.832   723  5057 D MtkCam/StreamingPipe/P2ANode: [onDIPStreamBaseCB] P2S cam 0 MWFrame:#26 MWReq:#26, frame 27-27 :sensor(0) Frame 27 enque done in 9 ms, result = 1
07-25 21:40:09.832   723  5057 D Iop/p2HPDQNode: [doDeque] +,tag(2),idx(0),p2CQ(0/0/0/26),
07-25 21:40:09.832   723  5057 D Iop/p2HPDQNode:                          +,tag(1),idx(0),p2CQ(0/0),
07-25 21:40:09.832   723  5057 D Iop/p2HPDQNode:                          -,cb(250 us)
07-25 21:40:09.833   723  5061 D MtkCam/P2/MWFrame: [doRelease] P2S cam 0 MWFrame:#26 MWReq:#26, frame 27 : all streams(8), using(0), status: s0:d0:App:YCrCb_420_SP:0|HW_TEXTURE(1),Meta:App:Control(1),Hal:Image:P1:Resizeraw_main1(1),Hal:Image:STT_main1(1),Hal:Meta:P1:Dynamic_main1(1),Hal:Meta:P2:Dynamic(1),App:Meta:DynamicP1_main1(1),App:Meta:DynamicP2(1),
07-25 21:40:09.833   723  5025 D mtkcam-AppStreamMgr: [0-FrameHandler::updateResult] requestNo 26, real time:0, last partial:1
07-25 21:40:09.833   723  5061 D mtkcam-pipeline: [onLastStrongRef] [ requestNo:26 frameNo:26 ] frame end
07-25 21:40:09.833   723  5025 D ULog    : R AppRequest:26 M[CameraDevice:187001] -  :mtkcam-AppStreamMgr #38261
07-25 21:40:09.834   723  5061 D MtkCam/StreamingPipe/Timer: [print]Frame timer [#   27/   0][t  11][io   0][tof  0/  0][d  0/  0][mss  0/  0/  0/  0][a 10/  1/  9][tun  0/  0][msf  0/  0][vnr  0/  0/  0][am  0][b  0/  0][tpi(  0/  0)/(  0/  0)/(  0/  0)][vmdp_A  0/  0 vmdp_B  0/  0][h  1/  0/  0][e  0][r  0/  0][w_A  0/  0/  0/  0 w_B  0/  0/  0/  0][x  0][disp  0/  0][async  0/  0][p2sm  0/  0/  0][fps29.58/29.58/ 30/ 30]
07-25 21:40:09.841   723  5028 D HwIRQ3A : [wait] VSIrq
07-25 21:40:09.841   723  5052 D NormalPipe: [enqueRequest] +N:0 CurSof:31 enqCnt:29 cqCnt(p/v):29/29 FrameStatus(2)
07-25 21:40:09.841   723  5052 D NormalPipe: [configEnquePath] N:0 configFrame event:1 multiSenNum:2 occupy:0 status:1(2) fsm:0 depth:0
07-25 21:40:09.842   723  5052 D NormalPipe: [dmaCfg] N:0 dma:x8 cmd:0x101a, crop:(0,0,2016,1136), outsize:(1920,1088)
07-25 21:40:09.842   723  5028 I MtkCam/P1NodeImp: [setRequest] [Cam::0 R31 S31 E30 D28 O28 #0] [P1::SET][Num Q:31 M:31 F:29 R:29 @0][Type:1 Out:x85 Rec:x0 Raw:1 Cap:0 Exe:1 Flush:x0] Num[31] Ctrl[1]=[ 31 ]
07-25 21:40:09.842   723  5052 D NormalPipe: [dmaCfg] N:0 dma:x6 cmd:0x101c, crop:(0,0,2016,1), outsize:(2016,1)
07-25 21:40:09.842   723  1126 E camiopipe: [vendor/mediatek/proprietary/hardware/mtkcam/drv/src/isp/mt6768/imageio/pipe/CamIOPipe/CamIOPipe.cpp, sendCommand, line3805] ERROR: [0x0]:NOT support command! (sendCommand){#3805:vendor/mediatek/proprietary/hardware/mtkcam/drv/src/isp/mt6768/imageio/pipe/CamIOPipe/CamIOPipe.cpp}
07-25 21:40:09.842   723  5028 D aao_buf_mgr: [updateInfo] mMagicNumber(28), i4SubsampleCount(1)
07-25 21:40:09.842   723  1126 E camiopipe: [vendor/mediatek/proprietary/hardware/mtkcam/drv/src/isp/mt6768/imageio/pipe/CamIOPipe/CamIOPipe.cpp, sendCommand, line3812] ERROR: [0x0]:sendCommand(0x1500) error! (sendCommand){#3812:vendor/mediatek/proprietary/hardware/mtkcam/drv/src/isp/mt6768/imageio/pipe/CamIOPipe/CamIOPipe.cpp}
07-25 21:40:09.842   723  1126 E NormalPipe: [vendor/mediatek/proprietary/hardware/mtkcam/drv/src/isp/mt6768/iopipe/CamIO/NormalPipe.cpp, sendCommand, line3773] ERROR: error: sendCommand fail: (cmd,arg1,arg2,arg3)=(0x00001500,0x7C9833AF40,0x7C9833AF44,0xB400007ECE81C82C) (sendCommand){#3773:vendor/mediatek/proprietary/hardware/mtkcam/drv/src/isp/mt6768/iopipe/CamIO/NormalPipe.cpp}
07-25 21:40:09.842   723  1126 D Hal3Av3 : [parseMeta] Return to AP AE_REGIONS L(0) T(0) R(0) B(0) W(0)
07-25 21:40:09.842   723  5052 D ifunc_cam_tuning: [update] [0x0]:CAM_TUNING_CTRL - EN:0x100e02e0 DMA:0x808001e8
07-25 21:40:09.842   723  1126 D Hal3Av3 : [parseMeta] Return to AP AF_REGIONS L(0) T(0) R(0) B(0) W(0)
07-25 21:40:09.842   723  5052 D LMVDrv  : [GetLMVStatusAndUpdate]Suspicous clear, driver may drop frame and now in new pipeline: magicNum(30)=bypass(0)
07-25 21:40:09.842   723  1126 D Hal3Av3 : [parseMeta] Return to AP AWB_REGIONS L(0) T(0) R(0) B(0) W(0)
07-25 21:40:09.842   723  5052 W LMVDrv  : [GetLMVStatusAndUpdate]Cannot find magicNum(0) in queue(0)
07-25 21:40:09.842   723  1126 D Hal3Av3 : [parseMeta] MTK_SENSOR_TEST_PATTERN_DATA(0, 0, 0, 0)
07-25 21:40:09.842   723  1126 I MtkCam/P1NodeImp: [runQueue] [Cam::0 R31 S31 E30 D28 O28 #1] [P1::REQ][Num Q:32 M:0 F:30 R:30 @0][Type:1 Out:x85 Rec:x0 Raw:1 Cap:0 Exe:1 Flush:x0] [META ze:0 ci:3 rt:-1 tn:-1 qc:-1 fi:-1 fr:-1] [New-Request][0] [0] [IMGO:1 (-1,-1)] [Gp:255/0] IOmap-Img[1]=<0_I[0]{}_O[2]{0x100000003,0x100000004}>-Meta[1]=<0_I[2]{0x80000000,0x100000018}_O[2]{0x10000001b,0x100000024}> CfgStream-Img[OutIMG:0x100000001(0),OutRRZ:0x100000003(1),OutLCS:0x100000004(1)]-Meta[InAPP:0x80000000(1),InHAL:0x100000018(1),OutAPP:0x100000024(1),OutHAL:0x10000001b(1)]  | [PreSet][Key:32] Num(0) Dummy(0) MetaCnt[APP:66,HAL:17] | [Rev:0] depth(1) burst(1) Que[1]
07-25 21:40:09.842   723  5052 D camiopipe: [sendCommand] [0x0]:[1]P1_UPDATE_CHECK CTL_EN(0x11bebee3) +[0_0]:0x11bebee3 [1_0]:0x11bebee3 [2_0]:0x11bebee3 -[0_0]:0x11bebee3 [1_0]:0x11bebee3 [2_0]:0x11bebee3 
07-25 21:40:09.842   723  1126 D MtkCam/ppl_context: [sendFrameToRootNodes] r30 frameNo:30 (X) -> 0x1 success; erase record
07-25 21:40:09.843   723  5052 D NormalPipe: [frameToEnque] - sof(31)
07-25 21:40:09.843   723  5052 D NormalPipe: [enqueRequest] -
07-25 21:40:09.843   723  5028 D AeFlowDefault: [monitorAndReschedule:Perframe AE] Calc:1 Apply:1 Magic:28 AEMonitorStable:1 VdCnt:0 u4CwvYcur:0 u4CwvYpre:0 
07-25 21:40:09.843   723  5028 D ae_mgr  : [updateAEInfo2ISP] State:0 VDNum:0 Shutter:30003 Gain:9040 1024 750 Flare offset:0 512 FrameDuration:33350000 DisableOBC:0 ExpRatio:100 eAEMode:1 eAEstate:2 CurrentidxF:113
07-25 21:40:09.843   723  5081 D MtkCam/HalSensorList: [querySecureState] Secure State is 0
07-25 21:40:09.844   723  5028 D awb_mgr : [setIspAwbInfo()] m_eSensorDev: 1, awb_gain: 990/512/816, PreGain1: 512/512/512, RPG: 990/512/816, PGN: 990/512/816, bAWBLock: 0 (m_bAWBLock:0, m_u4AWBMode:1)
07-25 21:40:09.844   723  5028 D Task3APv: [run] getSensorParams: m_u4PreRealISO(750), u4RealISO(750), m_preAwbGain(990, 512, 816), rAwbInfo.gain(990, 512, 816)
07-25 21:40:09.844   723  5028 D isp_tuning_custom: [evaluate_Shading_Ratio] sensorid(1379), preSensorId(1379), eSensorMode(2), preSensorMode(2), isSensorOrModeSwitch(0), isInit(0)
07-25 21:40:09.844   723  5028 D isp_tuning_custom: [iso_smooth][ISO smooth enabled][ISO idx(3336)]avgISO = 750.
07-25 21:40:09.844   723  5028 D isp_tuning_custom: [RA_smooth][RA smooth][frm idx(3336)] rto for iso(21), prev_rto(21),RA_incremental_step(2), smoothed ratio(21)
07-25 21:40:09.844   723  5028 D paramctrl_per_frame: put ratio with m_eSensorDev(1), i4Rto(21)
07-25 21:40:09.844   723  5028 D paramctrl_per_frame: [updateLscInfo] (flash, iso, rto)=(0, 750, 21), auto(1), lock(0,0,0), dyn(1), op(0), PreCapFlashIsLockRto(0), fgForceUnlock(0)
07-25 21:40:09.844   723  5028 D Task3APv: [run] Cam 1 : Req(#31)/Stt(#28)/i4Opt(0)/FlashOnOff(0) Lv(8)/ISO(750)/RGB(990,512,816) AFisLockAE(1) isLVChangeTooMuch(0) m_i4FrameCount(29) m_i4TsfFrameCount(30)
07-25 21:40:09.845   723  5081 D MtkCam/HalSensorList: [querySecureState] Secure State is 0
07-25 21:40:09.845   723  5028 W TuningMgr: TuningMgr[updateEngine] WARNING: [temp log] AF enable(1_0x100e02e0_0x808001e8)
07-25 21:40:09.845   723  5028 D TuningMgr: TuningMgr[enqueBuffer] magicNum(0x1f)
07-25 21:40:09.845   723  1127 D ULog    : R AppRequest:31 M[CameraDevice:187001] +  :mtkcam-dev3 #38262
07-25 21:40:09.845   723  1127 D mtkcam-dev3-utils: [0-AppRequestUtil::createOneRequest] requestNumber[31]:StreamBuffer:0xb400007dbe819310 streamId:0 bufferId:5 buffer:0xb400007e2e817110 status:OK acquireFenceOp.hdl:0x0 releaseFenceOp.hdl:0x0 acquireFenceOp.fd:-1 releaseFenceOp.fd:-1 appBufferHandleHolder:0xb400007d8e8482a8 freeByOthers:0 / 
07-25 21:40:09.846   723  5028 I MtkCam/P1NodeImp: [setupAction] [Cam::0 R31 S31 E31 D28 O28 #1] [P1::ENQ][Num Q:31 M:31 F:29 R:29 @31][Type:1 Out:x85 Rec:x0 Raw:1 Cap:0 Exe:1 Flush:x0] [Exp:30003000ns] [MetaCtrl][SCALER_CROP(1) (0,0_2016x1512) ][SENSOR_CROP(0)][RESIZER_SET(0)]
07-25 21:40:09.846   723  1127 D mtkcam-HDRPolicyHelper: [getSeamlessSmoothResult][Cam::0]frameType[3] requestAETargetMode=0 requestExpNum=0
07-25 21:40:09.846   723  5028 D NormalPipe: [acceptEnqRequest] MyEnq:0: dma:0x8 pa(0x7100000)io(0_0_2016_1136_1920_1088) mag(0x1f)|dma:0x6 pa(0x4F013C0)io(0_0_2016_1_2016_1) mag(0x1f)|dma:0xf pa(0x9001F00)io(0_0_256_1_256_1) mag(0x1f)|dma:0xb pa(0xDA00000)io(0_0_384_384_384_384) mag(0x1f)|
07-25 21:40:09.846   723  5080 D af_mgr_v3: cmd-getFocusDistance Pos 800->258, Dis 10.000000->1.147333; fDist_Macro_rev 10.000000, fDist_Inf_rev 0.200000, fDAC_Macro 800.000000, fDAC_Inf 200.000000
07-25 21:40:09.847   723  5080 D AfAlgoC : [handleAFin0](29) Mode=3,Status=1,StatusC=5,AFSTrigger=0,FirstEnterCam=0,CurPos=258,ISO=750(100,6400),Shutter=30003,frameT=35,LV=8,deltaBV=0(0),curBV=113(113),stable=1,IsAfSearch=3,IsSelROI=0,ROISel=4,FDstatus=0,fundie=3,tmpv=0,AFMark=1,Time=1784986809,tg 2016 1136, hw 2016 1136, afa 257 257 config num 26 monitor roi 18 24, focus roi 18 24
07-25 21:40:09.847   723  5080 D AfAlgoC : [AdpComp] TS_AFDone(948524836) TS_MLStart(948492279) PixelInLine(24736) PixelClk(-694967296)PSample=800 CSample=800 BeforeM=0 MIng=0 AfterM=0 LENS_MOVING_TIME=12000
07-25 21:40:09.847   723  5080 D AfAlgo  : down maxOffset=46 maxCompLevel=46, cutOffset=7, maxOffset=46 offset 0, level 4, cut offset 7, x/y/z/g=72/1042/-84/1047
07-25 21:40:09.847   723  5080 E AfAlgo  : Err:  6195: [AdpComp]Adaptive input error!! 
07-25 21:40:09.847   723  1127 D MtkCam/ppl_context: [sendFrameToRootNodes] r31 frameNo:31 (X) -> 0x1 BUSY
07-25 21:40:09.847   723  5080 E AfAlgo  : Err:  6279: [AdpComp]Adaptive input error
07-25 21:40:09.847   723  5080 D AfAlgoC : [DAF] DafIO out: mode 0 isL 0 isQ 0 isV 1 afdac 258 afconf 100 qNum 0  sPDWin (0,0,0,0)
07-25 21:40:09.847   723  5080 D AfAlgoC : [handleAFout0](29) Mode=3,Status=0,StatusC=7,IsAfSearch=0,IsSelROI=0,ROISel=4,FDstatus=0,AFMark=3,mTrig=0,SceneState=00000100,ext=1, PostureDac=258/46, TermalPos=0, searchRange (200,800), camA=8, post=0
07-25 21:40:09.847   723  5080 D AfAlgoC : [AdpComp]Equivalent lens pos = 258
07-25 21:40:09.847   723  5080 D af_mgr_v3: #(   31,   29) doAF Dev(1) isAFSearch changed : 3 -> 0
07-25 21:40:09.847   723  5080 D LensDrv : [setMCUParam] Dev(1) , ioctl - mcuIOC_S_SETPARA, error Operation not permitted
07-25 21:40:09.847   723  5080 D af_mgr_v3: #(   31,   29) UpdateState Dev(1) EVENT_SEARCHING_END
07-25 21:40:09.847   723  5080 D af_mgr_v3: TriggerCmdValid(0)/WaitForceTrigger(0)/bNeedLock(0)/IsFocused(0)/eInCurSate(1)
07-25 21:40:09.847   723  5080 D af_mgr_v3: #(   31,   29) UpdateState  Dev(1) : 1->6
07-25 21:40:09.847   723  5080 D af_mgr_v3: #(   31,   29) doAF Dev(1): [Status] IsAFSearch(3->0), IsSelHWROI(0->0), ROISel(4), Event(0x180)
07-25 21:40:09.847   723  5080 D TaskAFNormal: [run] Cam 1 : Req(#31)/Stt(#29)/i4Opt(0)/FlashOnOff(0)
07-25 21:40:09.850   723  5053 D SecMgr  : [SecMgr_GetSecurePortStatus] + (0x0x0)module:0x0 dma port:rrzo
07-25 21:40:09.850   723  5053 D SecMgr  : [SecMgr_GetSecurePortStatus] (0x0)DMA port (0x1) is not supported
07-25 21:40:09.850   723  5053 D ifunc_cam_buf: [waitBufReady] [0x0]:, [0x6900000] waitbufready pass
07-25 21:40:09.850   723  5053 D ifunc_cam_buf: [dequeueHwBuf] [0x0]:BUF_CTRL_RRZO:(0xd_0x0),PA(0x6900000_0xBC00E00),FH_VA(0x7F775C3E00),size(0x3bc400),cur sof(0),
07-25 21:40:09.850   723  5053 D SecMgr  : [SecMgr_GetSecurePortStatus] + (0x0x0)module:0x0 dma port:imgo
07-25 21:40:09.850   723  5053 D SecMgr  : [SecMgr_GetSecurePortStatus] (0x0)DMA port (0x0) is not supported
07-25 21:40:09.850   723  5053 D SecMgr  : [SecMgr_GetSecurePortStatus] + (0x0x0)module:0x0 dma port:
07-25 21:40:09.850   723  5053 D SecMgr  : [SecMgr_GetSecurePortStatus] + (0x0x0)module:0x0 dma port:lcso
07-25 21:40:09.850   723  5053 D NormalPipe: [ispDequeThread] N:0_deq@SOF_31
07-25 21:40:09.850   723  5053 D SecMgr  : [SecMgr_GetSecurePortStatus] + (0x0x0)module:0x0 dma port:rrzo
07-25 21:40:09.850   723  5044 D NormalPipe: [deque] MyDeq:0: dma:0x6 pa(0x4F009E0) io(0_0_1_0_0_0_2016_1_2016_1) mag(0x1d)|dma:0x8 pa(0x6900000) io(0_0_2016_1136_0_0_1920_1088_1920_1088) mag(0x1d)|dma:0xb pa(0xDF00000) io(0_0_0_0_0_0_0_0_0_0) mag(0x1d)|dma:0xf pa(0x9001D00) io(0_0_0_0_0_0_0_0_0_0) mag(0x1d)|
07-25 21:40:09.850   723  5053 D SecMgr  : [SecMgr_GetSecurePortStatus] (0x0)DMA port (0x1) is not supported
07-25 21:40:09.851   723  5044 W fsc_hal : [processResult]image_scale_output.image_scale == 0
07-25 21:40:09.851   723  5044 D fsc_hal : [processResult]P magic(29) dac(258) ET(30003) EIS(0), CB magic(29), factor(1.000000), sensor(2016,1136), RRZO: c(0,0,2016,1136) s(1920,1088) f(0.000000,0.000000,1920.000000,1088.000000),RSSO: s(0,0), f(0.000000,0.000000,0.000000,0.000000)
07-25 21:40:09.851   723  5044 D MtkCam/HalSensorList: [querySecureState] Secure State is 0
07-25 21:40:09.851   723  5044 D MtkCam/HalSensor: [destroyInstance] HalSensor destroyInstance count = 6, caller =MtkCam/P1NodeUtility
07-25 21:40:09.851   723  5044 D MtkCam/BaseHeap: [IonHeap::unlockBufLocked] Hal:Image:P1:Fullraw_main1:Size2016x1:Stride2520.0.0:Sn2@ still locked (2)
07-25 21:40:09.852   723  5044 I MtkCam/P1NodeImp: [releaseAction] [Cam::0 R31 S31 E31 D29 O28 #1] [P1::DEQ][Num Q:29 M:29 F:27 R:27 @29][Type:1 Out:x85 Rec:x0 Raw:1 Cap:0 Exe:3 Flush:x0] job(0/1) IMG(pure) RRZ0(0-0-2016x1136)(0-0-1920x1088)(1920x1088) T-ns(EXP: 30003000)(Src:0)(SOF: m_948519543000 b_948519537000)(SS: 948489540000) ExpExtend(0, 0)Q(Sen
07-25 21:40:09.852   723  5047 I MtkCam/P1NodeImp: [releaseFrame] [Cam::0 R31 S31 E31 D29 O29 #1] [P1::OUT][Num Q:29 M:29 F:27 R:27 @29][Type:1 Out:x85 Rec:x0 Raw:1 Cap:0 Exe:3 Flush:x0] [Release-0] [DispatchFrame]
07-25 21:40:09.852   723  5047 D MtkCam/ppl_context: [onDispatchFrame] r27 frameNo:27 0x1 -> 0x15 READY(1/1)
07-25 21:40:09.852   723  5047 D MtkCam/P2/MWFrameRequest: [printIOMap] P2S cam 0 MWFrame:#27 MWReq:#27, frame 28 : iomap: [0]=>img[2/1], meta[3/2], fps[29.57]
07-25 21:40:09.854   723  5062 D MtkCam/P2/StreamingProcessor: [makePayLoad] P2S cam 0 MWFrame:#27 MWReq:#27, frame 28-0 : masterID(0) #Requests(1) merged into #RequestsPacks(1), PendingPayload(1), p1Ts=0000948492040000
07-25 21:40:09.855   723  5062 D MtkCam/StreamingPipe/Data: [calNonLargeSrcCrop]sID(0), imgoIn(0), srcCrop(0,0,1920x1088), isSrcCrop(0), mP2Pack Valid(1), imgo(0x0),rrz(1920x1088)
07-25 21:40:09.855   723  5062 D MtkCam/StreamingPipe/Pipe: [prepareIORequest]P2S cam 0 MWFrame:#27 MWReq:#27, frame 28-28  master/slave/fd(0/-1/0) ReqNo(28), feature=0x8008(3DNR+FSC), cycle(33), fps(n/a)=(30/30), ZoomROI((1442.539673x1088.000000)@(238.730179,0.000000)) SFPIOMgr:[sID(0)--IMG(0x0/0),RRZ(0xb400007e0e8182b0/1),LCS(0xb400007e0e825510/1),LCSH(0x0/0),pRSS(0x0/0),cRSS(0x0/0),RSSR2(0x0/0),FYuv(0x0/0),RYuv1(0x0/0),RYuv2(0x0/0),mAIYuv(0x0/0),HalI(0xb400007dbe821b90),AppI(0xb400007e2e8331f8),AppDI(0xb400007dbe817b70),AppOver(0x0)]{path(GEN),halO(0xb400007e2e8240b0),appO(0xb400007e2e830830),Outs--[buf(0xb400007e0e818bb0/1)(320x240),tran(0),type(1), tar(disp), prof(0), crop(238.730179,0.000000,1442.539673x1088.000000), flag(0x0)]Tuning--id(0)--[flag(5)]}
07-25 21:40:09.857   723  5060 D isp_mgr_sl2: DIP_X_SL2H_RZ is (SL2_VRZ_COM, SL2_HRZ_COM) = (2138, 2150), (i4RzWidth, i4Width) = (1920, 2016), (i4RzHeight, i4Height) = (1088, 1136)
07-25 21:40:09.857   723  5060 D isp_mgr_sl2: profile is 1, DIP_X_SL2H_RZ is (0x085a0866)
07-25 21:40:09.857   723  5060 D isp_mgr_nr3d: NR3D_EN(1), SL2E_EN(1), x,y,w,h(0,0,1920,1088), full x,y,w,h(0,0,1920,1088),vipi offst(0) w,h(1920,1088), R2C en(1) cnt(1,5,5,1)
07-25 21:40:09.857   723  5060 D MtkCam/StreamingPipe/P2ANode: [enqueFeatureStream] P2S cam 0 MWFrame:#27 MWReq:#27, frame 28-28 :sensor(0) Frame 28 enque start
07-25 21:40:09.858   723  5055 D Iop/p2HPEQNode: [doEnque] sDrvScen:0, CQIdx:0, dupCQIdx:1, burstQIdx:0, RingBufIndex:27,  mTuningData ptr:780447908
07-25 21:40:09.858   723  5055 D PostProcPipe: [PrintPipePortInfo] vInPorts:FN(27),RN(27),TS(0xd687f740),UK(0xcc183a0),Sec(0),[0]:(0x2205),w(1920),h(1088),stride(3600,0,0),type(0),idx(19),dir(0),Size(0x003bc400,0x00000000,0x00000000),VA(0x7c8ed65000,0x0,0x0),PA(0x6900000,0x0,0x0),secPort(0),
07-25 21:40:09.858   723  5055 D PostProcPipe:                       vInPorts:FN(27),RN(27),TS(0xd687f740),UK(0xcc183a0),Sec(0),[1]:(0x32315659),w(1920),h(1088),stride(1920,960,960),type(0),idx(22),dir(0),Size(0x001fe000,0x0007f800,0x0007f800),VA(0x7c72b2d000,0x7c72d2b000,0x7c72daa800),PA(0xa400000,0xa5fe000,0xa67d800),secPort(0),
07-25 21:40:09.858   723  5055 D PostProcPipe:                       vInPorts:FN(27),RN(27),TS(0xd687f740),UK(0xcc183a0),Sec(0),[2]:(0x2401),w(200),h(112),stride(768,0,0),type(0),idx(26),dir(0),Size(0x00048000,0x00000000,0x00000000),VA(0x7cd5106000,0x0,0x0),PA(0xdf00000,0x0,0x0),secPort(0)
07-25 21:40:09.858   723  5055 D PostProcPipe: [PrintPipePortInfo] vOutPorts:FN(27),RN(27),TS(0xd687f740),UK(0xcc183a0),Sec(0),[0]:(0x32315659),w(1920),h(1088),stride(1920,960,960),type(0),idx(32),dir(1),Size(0x001fe000,0x0007f800,0x0007f800),VA(0x7c72241000,0x7c7243f000,0x7c724be800),PA(0xa700000,0xa8fe000,0xa97d800),secPort(0),
07-25 21:40:09.858   723  5055 D PostProcPipe:                       vOutPorts:FN(27),RN(27),TS(0xd687f740),UK(0xcc183a0),Sec(0),[1]:(0x11),w(320),h(240),stride(320,320,0),type(0),idx(38),dir(1),Size(0x00012c00,0x00009600,0x00000000),VA(0x7f72fd1000,0x7f72fe3c00,0x0),PA(0xe300000,0xe312c00,0x0),secPort(0)
07-25 21:40:09.858   723  5055 D PostProcPipe: [configPipe] [Imgi][crop_1](x,f_x,y,f_y)=(0,0,0,0),(w,f_w,h,f_h)=(0,0,0,0),(tarW,tarH)=(0,0)-
07-25 21:40:09.858   723  5055 D PostProcPipe:                     [crop_2](x,f_x,y,f_y)=(238,765648,0,0),(w,f_w,h,f_h)=(1442,565888,1088,0),(tarW,tarH)=(320,240)-
07-25 21:40:09.858   723  5055 D PostProcPipe:                     [crop_3](x,f_x,y,f_y)=(0,0,0,0),(w,f_w,h,f_h)=(0,0,0,0),(tarW,tarH)=(0,0),dupCqIdx(1),[vipi]ofst(0),rW/H(1920/1088)
07-25 21:40:09.858   723  5055 D PostProcPipe: ,                    isDipOnly(0), hwmodule(9/0), dipCQ/dup/burst(0/1/0), drvSc(0), isWtf(1),tdr_tpipe(0),en_yuv/yuv2/rgb/dma/fmt_sel/ctl_sel/misc (0x11e07df8/0xf0/0x1400f9/0x20e0f1/0x30480409/0x16040/0x10), tcm(0xa/0x9fd8e1e3/0xe807b3c), last(1), CRZ_EN(0), img3o ofset(0,0),userName(),PIX_ID(3),ImgBuf_PIX_ID(3),tv_sec(1784986809),tv_usec(890566)
07-25 21:40:09.858   723  5055 D iio/ifunc_dip: [ConfigDipPipe] moduleIdx(0), pDipWBuf(0xce8279c8), m_pIspDescript_phy(0x91a2000), m_pIspDescript_vir(0x8a6f7000), m_pIspVirRegAddr_pa(0x91a3000), m_pIspVirRegAddr_va(0x8a6f8000)
07-25 21:40:09.858   723  5056 D iio/ifunc_dip: [enable] thiscq(0), frameflag(0x1), ring_index(27), ref_ringbufidx(26)
07-25 21:40:09.858   723  5056 D MdpMgr  : [updateDpStreamMap] refObjectCqIdx:0, refObjectRingBufIdx:1,cqIdx:0,ringIdx:27,refringbufidx:26
07-25 21:40:09.858   723  5056 D MdpMgr  : [selectDpIspStream] [selectDpIspStream] cqIdx(0/1/0/27_0/1),sceID(0)
07-25 21:40:09.858   723  5056 D MdpMgr  : [_startMdp] dstFmt(657,4982892)
07-25 21:40:09.859   723  5056 D MdpMgr  : [_startMdp] +sceID(0),cqPa(0x91a2000)-Va(0x7c8a6f7000),tpipVa(0x7c8a164000)-Pa(0x9310000),isWaitB(1),cqIndx(0/1/0/27),venc(0),(va: 0x7c8a164000),        srcFt(0x2205),W(1920),H(1088),stride(3600,0),size(0x3bc400-0x0-0x0),VA(0x    ffff),PA(0x 6900000),plane(1),Stmtype(1)
07-25 21:40:09.859   723  5056 D MdpMgr  :         wdma_en(1),idx(0),cap(3),ft(17),rt(0),fp(0),(w,h,s)=(320,240,320),C(w,h,s)=(320,120,320),V(w,h,s)=(0,0,0),mdpidx(0),
07-25 21:40:09.859   723  5056 D MdpMgr  :         wrot_en(0),idx(1),cap(0),ft(0),rt(0),fp(0),(w,h,s)=(0,0,0),C(w,h,s)=(0,0,0),V(w,h,s)=(0,0,0),mdpidx(0),
07-25 21:40:09.859   723  5056 D MdpMgr  :         jpg_en(0),idx(2),cap(0),ft(0),rt(0),fp(0),(w,h,s)=(0,0,0),C(w,h,s)=(0,0,0),V(w,h,s)=(0,0,0),mdpidx(1),
07-25 21:40:09.859   723  5056 D MdpMgr  :         pipe_en(0),idx(3),cap(0),ft(0),rt(0),fp(0),(w,h,s)=(0,0,0),C(w,h,s)=(0,0,0),V(w,h,s)=(0,0,0),mdpidx(2),
07-25 21:40:09.859   723  5056 D MdpMgr  :         (va:0x7c8a164000,dstpa:0x9310000)
07-25 21:40:09.859   723  5056 D MdpMgr  : flag(0_0x1->0x1),startStm(749 us),WDPQ(0x       0),WRPQ(0x       0),tv_sec(1784986809),tv_usec(890566)
07-25 21:40:09.859   723  5056 D Iop/p2HPEQNode: [doMdpStart] frameUnit.idxofwaitDQFrmPackList (0x5e812e78_0_0_1, 0_0_1_0)
07-25 21:40:09.859   723  5057 D MdpMgr  : [selectDpIspStream] [selectDpIspStream] cqIdx(0/1/0/27_0/1),sceID(0)
07-25 21:40:09.866   723  5057 D MdpMgr  : [_dequeueBuf] +,cqIndx(0/1/0/27),sceID(0),deqIndex(1),isWaitBuf(1),
07-25 21:40:09.866   723  5057 D MdpMgr  :         deqIndex(1), dequeTime(6617 us)
07-25 21:40:09.866   723  5057 D MdpMgr  : [selectDpIspStream] [selectDpIspStream] cqIdx(0/1/0/27_0/1),sceID(0)
07-25 21:40:09.866   723  5057 D MdpMgr  : [_dequeueBuf] +,cqIndx(0/1/0/27),sceID(0),deqIndex(0),isWaitBuf(1),
07-25 21:40:09.866   723  5057 D MdpMgr  :         deqIndex(0), dequeTime(33 us)
07-25 21:40:09.866   723  5057 D MdpMgr  : [selectDpIspStream] [selectDpIspStream] cqIdx(0/1/0/27_0/1),sceID(0)
07-25 21:40:09.867   723  5057 D MtkCam/StreamingPipe/P2ANode: [onDIPStreamBaseCB] P2S cam 0 MWFrame:#27 MWReq:#27, frame 28-28 :sensor(0) Frame 28 enque done in 9 ms, result = 1
07-25 21:40:09.867   723  5057 D Iop/p2HPDQNode: [doDeque] +,tag(2),idx(0),p2CQ(0/1/0/27),
07-25 21:40:09.867   723  5057 D Iop/p2HPDQNode:                          +,tag(1),idx(0),p2CQ(0/1),
07-25 21:40:09.867   723  5057 D Iop/p2HPDQNode:                          -,cb(263 us)
07-25 21:40:09.868   723  5061 D MtkCam/P2/MWFrame: [doRelease] P2S cam 0 MWFrame:#27 MWReq:#27, frame 28 : all streams(8), using(0), status: s0:d0:App:YCrCb_420_SP:0|HW_TEXTURE(1),Meta:App:Control(1),Hal:Image:P1:Resizeraw_main1(1),Hal:Image:STT_main1(1),Hal:Meta:P1:Dynamic_main1(1),Hal:Meta:P2:Dynamic(1),App:Meta:DynamicP1_main1(1),App:Meta:DynamicP2(1),
07-25 21:40:09.868   723  5025 D mtkcam-AppStreamMgr: [0-FrameHandler::updateResult] requestNo 27, real time:0, last partial:1
07-25 21:40:09.868   723  5025 D ULog    : R AppRequest:27 M[CameraDevice:187001] -  :mtkcam-AppStreamMgr #38263
07-25 21:40:09.868   723  5061 D mtkcam-pipeline: [onLastStrongRef] [ requestNo:27 frameNo:27 ] frame end
07-25 21:40:09.868   723  5061 D MtkCam/StreamingPipe/Timer: [print]Frame timer [#   28/   0][t  12][io   0][tof  0/  0][d  0/  0][mss  0/  0/  0/  0][a 11/  1/  9][tun  0/  0][msf  0/  0][vnr  0/  0/  0][am  0][b  0/  0][tpi(  0/  0)/(  0/  0)/(  0/  0)][vmdp_A  0/  0 vmdp_B  0/  0][h  1/  0/  0][e  0][r  0/  0][w_A  0/  0/  0/  0 w_B  0/  0/  0/  0][x  0][disp  0/  0][async  0/  0][p2sm  0/  0/  0][fps29.54/29.54/ 30/ 30]
07-25 21:40:09.875   723  5028 D HwIRQ3A : [wait] VSIrq
07-25 21:40:09.875   723  5052 D NormalPipe: [enqueRequest] +N:0 CurSof:32 enqCnt:30 cqCnt(p/v):30/30 FrameStatus(2)
07-25 21:40:09.875   723  5052 D NormalPipe: [configEnquePath] N:0 configFrame event:1 multiSenNum:2 occupy:0 status:1(2) fsm:0 depth:0
07-25 21:40:09.875   723  5052 D NormalPipe: [dmaCfg] N:0 dma:x8 cmd:0x101a, crop:(0,0,2016,1136), outsize:(1920,1088)
07-25 21:40:09.875   723  5028 I MtkCam/P1NodeImp: [setRequest] [Cam::0 R32 S32 E31 D29 O29 #0] [P1::SET][Num Q:32 M:32 F:30 R:30 @0][Type:1 Out:x85 Rec:x0 Raw:1 Cap:0 Exe:1 Flush:x0] Num[32] Ctrl[1]=[ 32 ]
07-25 21:40:09.876   723  1127 E camiopipe: [vendor/mediatek/proprietary/hardware/mtkcam/drv/src/isp/mt6768/imageio/pipe/CamIOPipe/CamIOPipe.cpp, sendCommand, line3805] ERROR: [0x0]:NOT support command! (sendCommand){#3805:vendor/mediatek/proprietary/hardware/mtkcam/drv/src/isp/mt6768/imageio/pipe/CamIOPipe/CamIOPipe.cpp}
07-25 21:40:09.876   723  5052 D NormalPipe: [dmaCfg] N:0 dma:x6 cmd:0x101c, crop:(0,0,2016,1), outsize:(2016,1)
07-25 21:40:09.876   723  5028 D aao_buf_mgr: [updateInfo] mMagicNumber(29), i4SubsampleCount(1)
07-25 21:40:09.876   723  1127 E camiopipe: [vendor/mediatek/proprietary/hardware/mtkcam/drv/src/isp/mt6768/imageio/pipe/CamIOPipe/CamIOPipe.cpp, sendCommand, line3812] ERROR: [0x0]:sendCommand(0x1500) error! (sendCommand){#3812:vendor/mediatek/proprietary/hardware/mtkcam/drv/src/isp/mt6768/imageio/pipe/CamIOPipe/CamIOPipe.cpp}
07-25 21:40:09.876   723  1127 E NormalPipe: [vendor/mediatek/proprietary/hardware/mtkcam/drv/src/isp/mt6768/iopipe/CamIO/NormalPipe.cpp, sendCommand, line3773] ERROR: error: sendCommand fail: (cmd,arg1,arg2,arg3)=(0x00001500,0x7C9723DF40,0x7C9723DF44,0xB400007ECE81057C) (sendCommand){#3773:vendor/mediatek/proprietary/hardware/mtkcam/drv/src/isp/mt6768/iopipe/CamIO/NormalPipe.cpp}
07-25 21:40:09.876   723  5028 D ae_mgr  : [AeMgr::setAFAELock] m_bAFAELock: 1 -> 0
07-25 21:40:09.876   723  5028 D ae_mgr  : [AeMgr::setAELock] m_bAELock: 1 m_bAPAELock:0 m_bAFAELock:0 AEState:2 0
07-25 21:40:09.876   723  5028 D AeFlowDefault: [AeMgr::SetAFAELock] AE reschedule 
07-25 21:40:09.876   723  1127 D Hal3Av3 : [parseMeta] Return to AP AE_REGIONS L(0) T(0) R(0) B(0) W(0)
07-25 21:40:09.876   723  5052 D ifunc_cam_tuning: [update] [0x0]:CAM_TUNING_CTRL - EN:0x100e02e0 DMA:0x808001e8
07-25 21:40:09.876   723  1127 D Hal3Av3 : [parseMeta] Return to AP AF_REGIONS L(0) T(0) R(0) B(0) W(0)
07-25 21:40:09.876   723  1127 D Hal3Av3 : [parseMeta] Return to AP AWB_REGIONS L(0) T(0) R(0) B(0) W(0)
07-25 21:40:09.876   723  5052 D LMVDrv  : [GetLMVStatusAndUpdate]Suspicous clear, driver may drop frame and now in new pipeline: magicNum(31)=bypass(0)
07-25 21:40:09.876   723  5052 W LMVDrv  : [GetLMVStatusAndUpdate]Cannot find magicNum(0) in queue(0)
07-25 21:40:09.876   723  1127 D Hal3Av3 : [parseMeta] MTK_SENSOR_TEST_PATTERN_DATA(0, 0, 0, 0)
07-25 21:40:09.876   723  5052 D camiopipe: [sendCommand] [0x0]:[2]P1_UPDATE_CHECK CTL_EN(0x11bebee3) +[0_0]:0x11bebee3 [1_0]:0x11bebee3 [2_0]:0x11bebee3 -[0_0]:0x11bebee3 [1_0]:0x11bebee3 [2_0]:0x11bebee3 
07-25 21:40:09.876   723  1127 I MtkCam/P1NodeImp: [runQueue] [Cam::0 R32 S32 E31 D29 O29 #1] [P1::REQ][Num Q:33 M:0 F:31 R:31 @0][Type:1 Out:x85 Rec:x0 Raw:1 Cap:0 Exe:1 Flush:x0] [META ze:0 ci:3 rt:-1 tn:-1 qc:-1 fi:-1 fr:-1] [New-Request][0] [0] [IMGO:1 (-1,-1)] [Gp:255/0] IOmap-Img[1]=<0_I[0]{}_O[2]{0x100000003,0x100000004}>-Meta[1]=<0_I[2]{0x80000000,0x100000018}_O[2]{0x10000001b,0x100000024}> CfgStream-Img[OutIMG:0x100000001(0),OutRRZ:0x100000003(1),OutLCS:0x100000004(1)]-Meta[InAPP:0x80000000(1),InHAL:0x100000018(1),OutAPP:0x100000024(1),OutHAL:0x10000001b(1)]  | [PreSet][Key:33] Num(0) Dummy(0) MetaCnt[APP:66,HAL:17] | [Rev:0] depth(1) burst(1) Que[1]
07-25 21:40:09.876   723  5052 D NormalPipe: [frameToEnque] - sof(32)
07-25 21:40:09.876   723  1127 D MtkCam/ppl_context: [sendFrameToRootNodes] r31 frameNo:31 (X) -> 0x1 success; erase record
07-25 21:40:09.876   723  5052 D NormalPipe: [enqueRequest] -
07-25 21:40:09.876   723  5028 D AeFlowDefault: [monitorAndReschedule:Perframe AE] Calc:1 Apply:1 Magic:29 AEMonitorStable:0 VdCnt:0 u4CwvYcur:0 u4CwvYpre:0 
07-25 21:40:09.877   531  2449 E [GrallocExtra-ERROR]: gralloc_extra_query:105 gralloc_extra_query with NULL handle: 0x0
07-25 21:40:09.877   723  5028 D ae_mgr  : [updateAEInfo2ISP] State:0 VDNum:0 Shutter:30003 Gain:9040 1024 750 Flare offset:0 512 FrameDuration:33350000 DisableOBC:0 ExpRatio:100 eAEMode:1 eAEstate:2 CurrentidxF:113
07-25 21:40:09.877   723  5081 D MtkCam/HalSensorList: [querySecureState] Secure State is 0
07-25 21:40:09.878  2345  2403 D C2OMXNode: dhy...mOsdPos:,,mOsdText:
07-25 21:40:09.878   723  5028 D awb_mgr : [setIspAwbInfo()] m_eSensorDev: 1, awb_gain: 988/512/819, PreGain1: 512/512/512, RPG: 988/512/819, PGN: 988/512/819, bAWBLock: 0 (m_bAWBLock:0, m_u4AWBMode:1)
07-25 21:40:09.878   723  5028 D Task3APv: [run] getSensorParams: m_u4PreRealISO(750), u4RealISO(750), m_preAwbGain(990, 512, 816), rAwbInfo.gain(988, 512, 819)
07-25 21:40:09.878   723  5028 D isp_tuning_custom: [evaluate_Shading_Ratio] sensorid(1379), preSensorId(1379), eSensorMode(2), preSensorMode(2), isSensorOrModeSwitch(0), isInit(0)
07-25 21:40:09.878   723  5028 D isp_tuning_custom: [iso_smooth][ISO smooth enabled][ISO idx(3337)]avgISO = 750.
07-25 21:40:09.878   723  5028 D isp_tuning_custom: [RA_smooth][RA smooth][frm idx(3337)] rto for iso(21), prev_rto(21),RA_incremental_step(2), smoothed ratio(21)
07-25 21:40:09.878   723  5028 D paramctrl_per_frame: put ratio with m_eSensorDev(1), i4Rto(21)
07-25 21:40:09.878   723  5028 D paramctrl_per_frame: [updateLscInfo] (flash, iso, rto)=(0, 750, 21), auto(1), lock(0,0,0), dyn(1), op(0), PreCapFlashIsLockRto(0), fgForceUnlock(0)
07-25 21:40:09.878   723  5028 D Task3APv: [run] Cam 1 : Req(#32)/Stt(#29)/i4Opt(0)/FlashOnOff(0) Lv(8)/ISO(750)/RGB(988,512,819) AFisLockAE(0) isLVChangeTooMuch(0) m_i4FrameCount(30) m_i4TsfFrameCount(31)
07-25 21:40:09.878   723  5028 W TuningMgr: TuningMgr[updateEngine] WARNING: [temp log] AF enable(1_0x100e02e0_0x808001e8)
07-25 21:40:09.878   723  5028 D TuningMgr: TuningMgr[enqueBuffer] magicNum(0x20)
07-25 21:40:09.879   723  5028 D af_mgr_v3: cmd-getAFState Dev 1 : 1->6
07-25 21:40:09.879   723  4812 D ULog    : R AppRequest:32 M[CameraDevice:187001] +  :mtkcam-dev3 #38264
07-25 21:40:09.879   723  4812 D mtkcam-dev3-utils: [0-AppRequestUtil::createOneRequest] requestNumber[32]:StreamBuffer:0xb400007dbe81cf00 streamId:0 bufferId:4 buffer:0xb400007e2e823dd0 status:OK acquireFenceOp.hdl:0x7cde6082f8 releaseFenceOp.hdl:0x0 acquireFenceOp.fd:-1 releaseFenceOp.fd:-1 appBufferHandleHolder:0xb400007d8e852a28 freeByOthers:0 / 
07-25 21:40:09.879   723  5081 D MtkCam/HalSensorList: [querySecureState] Secure State is 0
07-25 21:40:09.879   723  5028 I MtkCam/P1NodeImp: [setupAction] [Cam::0 R32 S32 E32 D29 O29 #1] [P1::ENQ][Num Q:32 M:32 F:30 R:30 @32][Type:1 Out:x85 Rec:x0 Raw:1 Cap:0 Exe:1 Flush:x0] [Exp:30003000ns] [MetaCtrl][SCALER_CROP(1) (0,0_2016x1512) ][SENSOR_CROP(0)][RESIZER_SET(0)]
07-25 21:40:09.879   723  5028 D NormalPipe: [acceptEnqRequest] MyEnq:0: dma:0x8 pa(0x7500000)io(0_0_2016_1136_1920_1088) mag(0x20)|dma:0x6 pa(0x4F009E0)io(0_0_2016_1_2016_1) mag(0x20)|dma:0xf pa(0x9002000)io(0_0_256_1_256_1) mag(0x20)|dma:0xb pa(0xDB00000)io(0_0_384_384_384_384) mag(0x20)|
07-25 21:40:09.880   723  4812 D mtkcam-HDRPolicyHelper: [getSeamlessSmoothResult][Cam::0]frameType[3] requestAETargetMode=0 requestExpNum=0
07-25 21:40:09.880   723  5080 D AfAlgoC : [handleAFin0](30) Mode=3,Status=0,StatusC=7,AFSTrigger=0,FirstEnterCam=0,CurPos=258,ISO=750(100,6400),Shutter=30003,frameT=35,LV=8,deltaBV=0(0),curBV=113(113),stable=1,IsAfSearch=0,IsSelROI=0,ROISel=4,FDstatus=0,fundie=0,tmpv=0,AFMark=3,Time=1784986809,tg 2016 1136, hw 2016 1136, afa 257 257 config num 27 monitor roi 18 24, focus roi 18 24
07-25 21:40:09.880   723  5080 D AfAlgoC : [AdpComp] TS_AFDone(948558604) TS_MLStart(948492279) PixelInLine(24736) PixelClk(-694967296)PSample=258 CSample=258 BeforeM=0 MIng=0 AfterM=0 LENS_MOVING_TIME=12000
07-25 21:40:09.880   723  5034 D ResultPool: [convertToMetadata4AF] Req (#32) AfState(1->6) AfTrig(0->0)
07-25 21:40:09.880   723  5080 E AfAlgo  : Err:  6195: [AdpComp]Adaptive input error!! 
07-25 21:40:09.880   723  5080 E AfAlgo  : Err:  6279: [AdpComp]Adaptive input error
07-25 21:40:09.881   723  5080 D TaskAFNormal: [run] Cam 1 : Req(#32)/Stt(#30)/i4Opt(0)/FlashOnOff(0)
07-25 21:40:09.881   723  4812 D MtkCam/ppl_context: [sendFrameToRootNodes] r32 frameNo:32 (X) -> 0x1 BUSY
07-25 21:40:09.883   723  5053 D SecMgr  : [SecMgr_GetSecurePortStatus] + (0x0x0)module:0x0 dma port:rrzo
07-25 21:40:09.883   723  5053 D SecMgr  : [SecMgr_GetSecurePortStatus] (0x0)DMA port (0x1) is not supported
07-25 21:40:09.883   723  5053 D ifunc_cam_buf: [waitBufReady] [0x0]:, [0x6d00000] waitbufready pass
07-25 21:40:09.883   723  5053 D ifunc_cam_buf: [dequeueHwBuf] [0x0]:BUF_CTRL_RRZO:(0xd_0x0),PA(0x6D00000_0xBC00E80),FH_VA(0x7F775C3E80),size(0x3bc400),cur sof(0),
07-25 21:40:09.883   723  5053 D SecMgr  : [SecMgr_GetSecurePortStatus] + (0x0x0)module:0x0 dma port:imgo
07-25 21:40:09.883   723  5053 D SecMgr  : [SecMgr_GetSecurePortStatus] (0x0)DMA port (0x0) is not supported
07-25 21:40:09.883   723  5053 D SecMgr  : [SecMgr_GetSecurePortStatus] + (0x0x0)module:0x0 dma port:
07-25 21:40:09.884   723  5053 D SecMgr  : [SecMgr_GetSecurePortStatus] + (0x0x0)module:0x0 dma port:lcso
07-25 21:40:09.884   723  5053 D NormalPipe: [ispDequeThread] N:0_deq@SOF_32
07-25 21:40:09.884   723  5053 D SecMgr  : [SecMgr_GetSecurePortStatus] + (0x0x0)module:0x0 dma port:rrzo
07-25 21:40:09.884   723  5053 D SecMgr  : [SecMgr_GetSecurePortStatus] (0x0)DMA port (0x1) is not supported
07-25 21:40:09.884   723  5044 D NormalPipe: [deque] MyDeq:0: dma:0x6 pa(0x4F00000) io(0_0_1_0_0_0_2016_1_2016_1) mag(0x1e)|dma:0x8 pa(0x6D00000) io(0_0_2016_1136_0_0_1920_1088_1920_1088) mag(0x1e)|dma:0xb pa(0x9D00000) io(0_0_0_0_0_0_0_0_0_0) mag(0x1e)|dma:0xf pa(0x9001E00) io(0_0_0_0_0_0_0_0_0_0) mag(0x1e)|
07-25 21:40:09.884   723  5044 W fsc_hal : [processResult]image_scale_output.image_scale == 0
07-25 21:40:09.884   723  5044 D fsc_hal : [processResult]P magic(30) dac(258) ET(30003) EIS(0), CB magic(30), factor(1.000000), sensor(2016,1136), RRZO: c(0,0,2016,1136) s(1920,1088) f(0.000000,0.000000,1920.000000,1088.000000),RSSO: s(0,0), f(0.000000,0.000000,0.000000,0.000000)
07-25 21:40:09.884   723  5044 D MtkCam/HalSensorList: [querySecureState] Secure State is 0
07-25 21:40:09.884   723  5044 D MtkCam/HalSensor: [destroyInstance] HalSensor destroyInstance count = 6, caller =MtkCam/P1NodeUtility
07-25 21:40:09.885   723  5044 D MtkCam/BaseHeap: [IonHeap::unlockBufLocked] Hal:Image:P1:Fullraw_main1:Size2016x1:Stride2520.0.0:Sn1@ still locked (2)
07-25 21:40:09.885   723  5044 I MtkCam/P1NodeImp: [releaseAction] [Cam::0 R32 S32 E32 D30 O29 #1] [P1::DEQ][Num Q:30 M:30 F:28 R:28 @30][Type:1 Out:x85 Rec:x0 Raw:1 Cap:0 Exe:3 Flush:x0] job(0/1) IMG(pure) RRZ0(0-0-2016x1136)(0-0-1920x1088)(1920x1088) T-ns(EXP: 30003000)(Src:0)(SOF: m_948553322000 b_948553316000)(SS: 948523319000) ExpExtend(0, 0)Q(Sen
07-25 21:40:09.885   723  5047 I MtkCam/P1NodeImp: [releaseFrame] [Cam::0 R32 S32 E32 D30 O30 #1] [P1::OUT][Num Q:30 M:30 F:28 R:28 @30][Type:1 Out:x85 Rec:x0 Raw:1 Cap:0 Exe:3 Flush:x0] [Release-0] [DispatchFrame]
07-25 21:40:09.886   723  5047 D MtkCam/ppl_context: [onDispatchFrame] r28 frameNo:28 0x1 -> 0x15 READY(1/1)
07-25 21:40:09.886   723  5047 D MtkCam/P2/MWFrameRequest: [printIOMap] P2S cam 0 MWFrame:#28 MWReq:#28, frame 29 : iomap: [0]=>img[2/1], meta[3/2], fps[29.60]
07-25 21:40:09.887   723  5062 D MtkCam/P2/StreamingProcessor: [makePayLoad] P2S cam 0 MWFrame:#28 MWReq:#28, frame 29-0 : masterID(0) #Requests(1) merged into #RequestsPacks(1), PendingPayload(1), p1Ts=0000948525819000
07-25 21:40:09.888   723  5062 D MtkCam/StreamingPipe/Data: [calNonLargeSrcCrop]sID(0), imgoIn(0), srcCrop(0,0,1920x1088), isSrcCrop(0), mP2Pack Valid(1), imgo(0x0),rrz(1920x1088)
07-25 21:40:09.888   723  5062 D MtkCam/StreamingPipe/Pipe: [prepareIORequest]P2S cam 0 MWFrame:#28 MWReq:#28, frame 29-29  master/slave/fd(0/-1/0) ReqNo(29), feature=0x8008(3DNR+FSC), cycle(33), fps(n/a)=(30/30), ZoomROI((1442.539673x1088.000000)@(238.730179,0.000000)) SFPIOMgr:[sID(0)--IMG(0x0/0),RRZ(0xb400007e0e830b50/1),LCS(0xb400007e0e82e750/1),LCSH(0x0/0),pRSS(0x0/0),cRSS(0x0/0),RSSR2(0x0/0),FYuv(0x0/0),RYuv1(0x0/0),RYuv2(0x0/0),mAIYuv(0x0/0),HalI(0xb400007dbe81ea20),AppI(0xb400007e2e836bb8),AppDI(0xb400007dbe822290),AppOver(0x0)]{path(GEN),halO(0xb400007e2e81f730),appO(0xb400007e2e834e30),Outs--[buf(0xb400007e0e82e2d0/1)(320x240),tran(0),type(1), tar(disp), prof(0), crop(238.730179,0.000000,1442.539673x1088.000000), flag(0x0)]Tuning--id(0)--[flag(5)]}
07-25 21:40:09.890   723  5060 D isp_mgr_sl2: DIP_X_SL2H_RZ is (SL2_VRZ_COM, SL2_HRZ_COM) = (2138, 2150), (i4RzWidth, i4Width) = (1920, 2016), (i4RzHeight, i4Height) = (1088, 1136)
07-25 21:40:09.890   723  5060 D isp_mgr_sl2: profile is 1, DIP_X_SL2H_RZ is (0x085a0866)
07-25 21:40:09.890   723  5060 D isp_mgr_nr3d: NR3D_EN(1), SL2E_EN(1), x,y,w,h(0,0,1920,1088), full x,y,w,h(0,0,1920,1088),vipi offst(0) w,h(1920,1088), R2C en(1) cnt(2,6,6,2)
07-25 21:40:09.891   723  5060 D MtkCam/StreamingPipe/P2ANode: [enqueFeatureStream] P2S cam 0 MWFrame:#28 MWReq:#28, frame 29-29 :sensor(0) Frame 29 enque start
07-25 21:40:09.891   723  5055 D Iop/p2HPEQNode: [doEnque] sDrvScen:0, CQIdx:0, dupCQIdx:0, burstQIdx:0, RingBufIndex:28,  mTuningData ptr:780701860
07-25 21:40:09.891   723  5055 D PostProcPipe: [PrintPipePortInfo] vInPorts:FN(28),RN(28),TS(0xd88b6478),UK(0xcc183a0),Sec(0),[0]:(0x2205),w(1920),h(1088),stride(3600,0,0),type(0),idx(19),dir(0),Size(0x003bc400,0x00000000,0x00000000),VA(0x7c88606000,0x0,0x0),PA(0x6d00000,0x0,0x0),secPort(0),
07-25 21:40:09.891   723  5055 D PostProcPipe:                       vInPorts:FN(28),RN(28),TS(0xd88b6478),UK(0xcc183a0),Sec(0),[1]:(0x32315659),w(1920),h(1088),stride(1920,960,960),type(0),idx(22),dir(0),Size(0x001fe000,0x0007f800,0x0007f800),VA(0x7c72241000,0x7c7243f000,0x7c724be800),PA(0xa700000,0xa8fe000,0xa97d800),secPort(0),
07-25 21:40:09.891   723  5055 D PostProcPipe:                       vInPorts:FN(28),RN(28),TS(0xd88b6478),UK(0xcc183a0),Sec(0),[2]:(0x2401),w(200),h(112),stride(768,0,0),type(0),idx(26),dir(0),Size(0x00048000,0x00000000,0x00000000),VA(0x7cd1266000,0x0,0x0),PA(0x9d00000,0x0,0x0),secPort(0)
07-25 21:40:09.891   723  5055 D PostProcPipe: [PrintPipePortInfo] vOutPorts:FN(28),RN(28),TS(0xd88b6478),UK(0xcc183a0),Sec(0),[0]:(0x32315659),w(1920),h(1088),stride(1920,960,960),type(0),idx(32),dir(1),Size(0x001fe000,0x0007f800,0x0007f800),VA(0x7c85b2d000,0x7c85d2b000,0x7c85daa800),PA(0xaa00000,0xabfe000,0xac7d800),secPort(0),
07-25 21:40:09.891   723  5055 D PostProcPipe:                       vOutPorts:FN(28),RN(28),TS(0xd88b6478),UK(0xcc183a0),Sec(0),[1]:(0x11),w(320),h(240),stride(320,320,0),type(0),idx(38),dir(1),Size(0x00012c00,0x00009600,0x00000000),VA(0x7cdd46b000,0x7cdd47dc00,0x0),PA(0x9a00000,0x9a12c00,0x0),secPort(0)
07-25 21:40:09.892   723  5055 D PostProcPipe: [configPipe] [Imgi][crop_1](x,f_x,y,f_y)=(0,0,0,0),(w,f_w,h,f_h)=(0,0,0,0),(tarW,tarH)=(0,0)-
07-25 21:40:09.892   723  5055 D PostProcPipe:                     [crop_2](x,f_x,y,f_y)=(238,765648,0,0),(w,f_w,h,f_h)=(1442,565888,1088,0),(tarW,tarH)=(320,240)-
07-25 21:40:09.892   723  5055 D PostProcPipe:                     [crop_3](x,f_x,y,f_y)=(0,0,0,0),(w,f_w,h,f_h)=(0,0,0,0),(tarW,tarH)=(0,0),dupCqIdx(0),[vipi]ofst(0),rW/H(1920/1088)
07-25 21:40:09.892   723  5055 D PostProcPipe: ,                    isDipOnly(0), hwmodule(9/0), dipCQ/dup/burst(0/0/0), drvSc(0), isWtf(1),tdr_tpipe(0),en_yuv/yuv2/rgb/dma/fmt_sel/ctl_sel/misc (0x11e07df8/0xf0/0x1400f9/0x20e0f1/0x30480409/0x16040/0x10), tcm(0xa/0x9fd8e1e3/0xe807b3c), last(1), CRZ_EN(0), img3o ofset(0,0),userName(),PIX_ID(3),ImgBuf_PIX_ID(3),tv_sec(1784986809),tv_usec(924097)
07-25 21:40:09.892   723  5055 D iio/ifunc_dip: [ConfigDipPipe] moduleIdx(0), pDipWBuf(0xce827a20), m_pIspDescript_phy(0x91a8000), m_pIspDescript_vir(0x8a6fd000), m_pIspVirRegAddr_pa(0x91a9000), m_pIspVirRegAddr_va(0x8a6fe000)
07-25 21:40:09.892   723  5056 D iio/ifunc_dip: [enable] thiscq(0), frameflag(0x1), ring_index(28), ref_ringbufidx(27)
07-25 21:40:09.892   723  5056 D MdpMgr  : [updateDpStreamMap] refObjectCqIdx:0, refObjectRingBufIdx:1,cqIdx:0,ringIdx:28,refringbufidx:27
07-25 21:40:09.892   723  5056 D MdpMgr  : [selectDpIspStream] [selectDpIspStream] cqIdx(0/0/0/28_0/1),sceID(0)
07-25 21:40:09.892   723  5056 D MdpMgr  : [_startMdp] dstFmt(657,4982892)
07-25 21:40:09.893   723  5056 D MdpMgr  : [_startMdp] +sceID(0),cqPa(0x91a8000)-Va(0x7c8a6fd000),tpipVa(0x7c8a164000)-Pa(0x9310000),isWaitB(1),cqIndx(0/0/0/28),venc(0),(va: 0x7c8a164000),        srcFt(0x2205),W(1920),H(1088),stride(3600,0),size(0x3bc400-0x0-0x0),VA(0x    ffff),PA(0x 6d00000),plane(1),Stmtype(1)
07-25 21:40:09.893   723  5056 D MdpMgr  :         wdma_en(1),idx(0),cap(3),ft(17),rt(0),fp(0),(w,h,s)=(320,240,320),C(w,h,s)=(320,120,320),V(w,h,s)=(0,0,0),mdpidx(0),
07-25 21:40:09.893   723  5056 D MdpMgr  :         wrot_en(0),idx(1),cap(0),ft(0),rt(0),fp(0),(w,h,s)=(0,0,0),C(w,h,s)=(0,0,0),V(w,h,s)=(0,0,0),mdpidx(0),
07-25 21:40:09.893   723  5056 D MdpMgr  :         jpg_en(0),idx(2),cap(0),ft(0),rt(0),fp(0),(w,h,s)=(0,0,0),C(w,h,s)=(0,0,0),V(w,h,s)=(0,0,0),mdpidx(1),
07-25 21:40:09.893   723  5056 D MdpMgr  :         pipe_en(0),idx(3),cap(0),ft(0),rt(0),fp(0),(w,h,s)=(0,0,0),C(w,h,s)=(0,0,0),V(w,h,s)=(0,0,0),mdpidx(2),
07-25 21:40:09.893   723  5056 D MdpMgr  :         (va:0x7c8a164000,dstpa:0x9310000)
07-25 21:40:09.893   723  5056 D MdpMgr  : flag(0_0x1->0x1),startStm(693 us),WDPQ(0x       0),WRPQ(0x       0),tv_sec(1784986809),tv_usec(924097)
07-25 21:40:09.893   723  5056 D Iop/p2HPEQNode: [doMdpStart] frameUnit.idxofwaitDQFrmPackList (0x5e812e78_0_0_0, 0_0_1_0)
07-25 21:40:09.893   723  5057 D MdpMgr  : [selectDpIspStream] [selectDpIspStream] cqIdx(0/0/0/28_0/1),sceID(0)
07-25 21:40:09.900   723  5057 D MdpMgr  : [_dequeueBuf] +,cqIndx(0/0/0/28),sceID(0),deqIndex(1),isWaitBuf(1),
07-25 21:40:09.900   723  5057 D MdpMgr  :         deqIndex(1), dequeTime(6527 us)
07-25 21:40:09.900   723  5057 D MdpMgr  : [selectDpIspStream] [selectDpIspStream] cqIdx(0/0/0/28_0/1),sceID(0)
07-25 21:40:09.900   723  5057 D MdpMgr  : [_dequeueBuf] +,cqIndx(0/0/0/28),sceID(0),deqIndex(0),isWaitBuf(1),
07-25 21:40:09.900   723  5057 D MdpMgr  :         deqIndex(0), dequeTime(31 us)
07-25 21:40:09.900   723  5057 D MdpMgr  : [selectDpIspStream] [selectDpIspStream] cqIdx(0/0/0/28_0/1),sceID(0)
07-25 21:40:09.900   723  5057 D MtkCam/StreamingPipe/P2ANode: [onDIPStreamBaseCB] P2S cam 0 MWFrame:#28 MWReq:#28, frame 29-29 :sensor(0) Frame 29 enque done in 9 ms, result = 1
07-25 21:40:09.900   723  5057 D Iop/p2HPDQNode: [doDeque] +,tag(2),idx(0),p2CQ(0/0/0/28),
07-25 21:40:09.900   723  5057 D Iop/p2HPDQNode:                          +,tag(1),idx(0),p2CQ(0/0),
07-25 21:40:09.900   723  5057 D Iop/p2HPDQNode:                          -,cb(261 us)
07-25 21:40:09.901   723  5061 D MtkCam/P2/MWFrame: [doRelease] P2S cam 0 MWFrame:#28 MWReq:#28, frame 29 : all streams(8), using(0), status: s0:d0:App:YCrCb_420_SP:0|HW_TEXTURE(1),Meta:App:Control(1),Hal:Image:P1:Resizeraw_main1(1),Hal:Image:STT_main1(1),Hal:Meta:P1:Dynamic_main1(1),Hal:Meta:P2:Dynamic(1),App:Meta:DynamicP1_main1(1),App:Meta:DynamicP2(1),
07-25 21:40:09.902   723  5025 D mtkcam-AppStreamMgr: [0-FrameHandler::updateResult] requestNo 28, real time:0, last partial:1
07-25 21:40:09.902   723  5025 D ULog    : R AppRequest:28 M[CameraDevice:187001] -  :mtkcam-AppStreamMgr #38265
07-25 21:40:09.902   723  5061 D mtkcam-pipeline: [onLastStrongRef] [ requestNo:28 frameNo:28 ] frame end
07-25 21:40:09.902   723  5061 D MtkCam/StreamingPipe/Timer: [print]Frame timer [#   29/   0][t  12][io   0][tof  0/  0][d  0/  0][mss  0/  0/  0/  0][a 11/  1/  9][tun  0/  0][msf  0/  0][vnr  0/  0/  0][am  0][b  0/  0][tpi(  0/  0)/(  0/  0)/(  0/  0)][vmdp_A  0/  0 vmdp_B  0/  0][h  1/  0/  0][e  0][r  0/  0][w_A  0/  0/  0/  0 w_B  0/  0/  0/  0][x  0][disp  0/  0][async  0/  0][p2sm  0/  0/  0][fps29.54/29.54/ 30/ 30]
07-25 21:40:09.909   723  5052 D NormalPipe: [enqueRequest] +N:0 CurSof:33 enqCnt:31 cqCnt(p/v):31/31 FrameStatus(2)
07-25 21:40:09.909   723  5028 D HwIRQ3A : [wait] VSIrq
07-25 21:40:09.909   723  5052 D NormalPipe: [configEnquePath] N:0 configFrame event:1 multiSenNum:2 occupy:0 status:1(2) fsm:0 depth:0
07-25 21:40:09.909   723  5052 D NormalPipe: [dmaCfg] N:0 dma:x8 cmd:0x101a, crop:(0,0,2016,1136), outsize:(1920,1088)
07-25 21:40:09.909   723  5028 I MtkCam/P1NodeImp: [setRequest] [Cam::0 R33 S33 E32 D30 O30 #0] [P1::SET][Num Q:33 M:33 F:31 R:31 @0][Type:1 Out:x85 Rec:x0 Raw:1 Cap:0 Exe:1 Flush:x0] Num[33] Ctrl[1]=[ 33 ]
07-25 21:40:09.909   723  5052 D NormalPipe: [dmaCfg] N:0 dma:x6 cmd:0x101c, crop:(0,0,2016,1), outsize:(2016,1)
07-25 21:40:09.909   723  5028 D aao_buf_mgr: [updateInfo] mMagicNumber(30), i4SubsampleCount(1)
07-25 21:40:09.909   723  4812 E camiopipe: [vendor/mediatek/proprietary/hardware/mtkcam/drv/src/isp/mt6768/imageio/pipe/CamIOPipe/CamIOPipe.cpp, sendCommand, line3805] ERROR: [0x0]:NOT support command! (sendCommand){#3805:vendor/mediatek/proprietary/hardware/mtkcam/drv/src/isp/mt6768/imageio/pipe/CamIOPipe/CamIOPipe.cpp}
07-25 21:40:09.909   723  4812 E camiopipe: [vendor/mediatek/proprietary/hardware/mtkcam/drv/src/isp/mt6768/imageio/pipe/CamIOPipe/CamIOPipe.cpp, sendCommand, line3812] ERROR: [0x0]:sendCommand(0x1500) error! (sendCommand){#3812:vendor/mediatek/proprietary/hardware/mtkcam/drv/src/isp/mt6768/imageio/pipe/CamIOPipe/CamIOPipe.cpp}
07-25 21:40:09.909   723  4812 E NormalPipe: [vendor/mediatek/proprietary/hardware/mtkcam/drv/src/isp/mt6768/iopipe/CamIO/NormalPipe.cpp, sendCommand, line3773] ERROR: error: sendCommand fail: (cmd,arg1,arg2,arg3)=(0x00001500,0x7C9EA4FF40,0x7C9EA4FF44,0xB400007ECE813D1C) (sendCommand){#3773:vendor/mediatek/proprietary/hardware/mtkcam/drv/src/isp/mt6768/iopipe/CamIO/NormalPipe.cpp}
07-25 21:40:09.910   723  4812 D Hal3Av3 : [parseMeta] Return to AP AE_REGIONS L(0) T(0) R(0) B(0) W(0)
07-25 21:40:09.910   723  4812 D Hal3Av3 : [parseMeta] Return to AP AF_REGIONS L(0) T(0) R(0) B(0) W(0)
07-25 21:40:09.910   723  4812 D Hal3Av3 : [parseMeta] Return to AP AWB_REGIONS L(0) T(0) R(0) B(0) W(0)
07-25 21:40:09.910   723  4812 D Hal3Av3 : [parseMeta] MTK_SENSOR_TEST_PATTERN_DATA(0, 0, 0, 0)
07-25 21:40:09.910   723  5052 D ifunc_cam_tuning: [update] [0x0]:CAM_TUNING_CTRL - EN:0x100e02e0 DMA:0x808001e8
07-25 21:40:09.910   723  4812 I MtkCam/P1NodeImp: [runQueue] [Cam::0 R33 S33 E32 D30 O30 #1] [P1::REQ][Num Q:34 M:0 F:32 R:32 @0][Type:1 Out:x85 Rec:x0 Raw:1 Cap:0 Exe:1 Flush:x0] [META ze:0 ci:3 rt:-1 tn:-1 qc:-1 fi:-1 fr:-1] [New-Request][0] [0] [IMGO:1 (-1,-1)] [Gp:255/0] IOmap-Img[1]=<0_I[0]{}_O[2]{0x100000003,0x100000004}>-Meta[1]=<0_I[2]{0x80000000,0x100000018}_O[2]{0x10000001b,0x100000024}> CfgStream-Img[OutIMG:0x100000001(0),OutRRZ:0x100000003(1),OutLCS:0x100000004(1)]-Meta[InAPP:0x80000000(1),InHAL:0x100000018(1),OutAPP:0x100000024(1),OutHAL:0x10000001b(1)]  | [PreSet][Key:34] Num(0) Dummy(0) MetaCnt[APP:66,HAL:17] | [Rev:0] depth(1) burst(1) Que[1]
07-25 21:40:09.910   723  4812 D MtkCam/ppl_context: [sendFrameToRootNodes] r32 frameNo:32 (X) -> 0x1 success; erase record
07-25 21:40:09.910   723  5052 D LMVDrv  : [GetLMVStatusAndUpdate]Suspicous clear, driver may drop frame and now in new pipeline: magicNum(32)=bypass(0)
07-25 21:40:09.910   723  5052 W LMVDrv  : [GetLMVStatusAndUpdate]Cannot find magicNum(0) in queue(0)
07-25 21:40:09.910   723  5028 D AeFlowDefault: [monitorAndReschedule:Perframe AE] Calc:1 Apply:1 Magic:30 AEMonitorStable:1 VdCnt:0 u4CwvYcur:0 u4CwvYpre:0 
07-25 21:40:09.910   723  5052 D camiopipe: [sendCommand] [0x0]:[0]P1_UPDATE_CHECK CTL_EN(0x11bebee3) +[0_0]:0x11bebee3 [1_0]:0x11bebee3 [2_0]:0x11bebee3 -[0_0]:0x11bebee3 [1_0]:0x11bebee3 [2_0]:0x11bebee3 
07-25 21:40:09.911   723  5052 D NormalPipe: [frameToEnque] - sof(33)
07-25 21:40:09.911   723  5052 D NormalPipe: [enqueRequest] -
07-25 21:40:09.911   723  5028 D ae_mgr  : [updateAEInfo2ISP] State:0 VDNum:0 Shutter:30003 Gain:9040 1024 750 Flare offset:0 512 FrameDuration:33350000 DisableOBC:0 ExpRatio:100 eAEMode:1 eAEstate:2 CurrentidxF:113
07-25 21:40:09.911   723  5081 D MtkCam/HalSensorList: [querySecureState] Secure State is 0
07-25 21:40:09.912   723  5028 D awb_mgr : [setIspAwbInfo()] m_eSensorDev: 1, awb_gain: 988/512/819, PreGain1: 512/512/512, RPG: 988/512/819, PGN: 988/512/819, bAWBLock: 0 (m_bAWBLock:0, m_u4AWBMode:1)
07-25 21:40:09.912   723  5028 D Task3APv: [run] getSensorParams: m_u4PreRealISO(750), u4RealISO(750), m_preAwbGain(988, 512, 819), rAwbInfo.gain(988, 512, 819)
07-25 21:40:09.912   723  5028 D isp_tuning_custom: [evaluate_Shading_Ratio] sensorid(1379), preSensorId(1379), eSensorMode(2), preSensorMode(2), isSensorOrModeSwitch(0), isInit(0)
07-25 21:40:09.912   723  5028 D isp_tuning_custom: [iso_smooth][ISO smooth enabled][ISO idx(3338)]avgISO = 750.
07-25 21:40:09.912   723  5028 D isp_tuning_custom: [RA_smooth][RA smooth][frm idx(3338)] rto for iso(21), prev_rto(21),RA_incremental_step(2), smoothed ratio(21)
07-25 21:40:09.912   723  5028 D paramctrl_per_frame: put ratio with m_eSensorDev(1), i4Rto(21)
07-25 21:40:09.912   723  5028 D paramctrl_per_frame: [updateLscInfo] (flash, iso, rto)=(0, 750, 21), auto(1), lock(0,0,0), dyn(1), op(0), PreCapFlashIsLockRto(0), fgForceUnlock(0)
07-25 21:40:09.912   723  4812 D ULog    : R AppRequest:33 M[CameraDevice:187001] +  :mtkcam-dev3 #38266
07-25 21:40:09.912   723  5028 D Task3APv: [run] Cam 1 : Req(#33)/Stt(#30)/i4Opt(0)/FlashOnOff(0) Lv(8)/ISO(750)/RGB(988,512,819) AFisLockAE(0) isLVChangeTooMuch(0) m_i4FrameCount(31) m_i4TsfFrameCount(32)
07-25 21:40:09.913   723  5028 W TuningMgr: TuningMgr[updateEngine] WARNING: [temp log] AF enable(1_0x100e02e0_0x808001e8)
07-25 21:40:09.913   723  5081 D MtkCam/HalSensorList: [querySecureState] Secure State is 0
07-25 21:40:09.913   723  5028 D TuningMgr: TuningMgr[enqueBuffer] magicNum(0x21)
07-25 21:40:09.913   723  4812 D mtkcam-dev3-utils: [0-AppRequestUtil::createOneRequest] requestNumber[33]:StreamBuffer:0xb400007dbe81cf00 streamId:0 bufferId:6 buffer:0xb400007e2e811610 status:OK acquireFenceOp.hdl:0x7cde6082f8 releaseFenceOp.hdl:0x0 acquireFenceOp.fd:-1 releaseFenceOp.fd:-1 appBufferHandleHolder:0xb400007d8e85cd68 freeByOthers:0 / 
07-25 21:40:09.913   723  4812 D mtkcam-HDRPolicyHelper: [getSeamlessSmoothResult][Cam::0]frameType[3] requestAETargetMode=0 requestExpNum=0
07-25 21:40:09.914   723  5028 I MtkCam/P1NodeImp: [setupAction] [Cam::0 R33 S33 E33 D30 O30 #1] [P1::ENQ][Num Q:33 M:33 F:31 R:31 @33][Type:1 Out:x85 Rec:x0 Raw:1 Cap:0 Exe:1 Flush:x0] [Exp:30003000ns] [MetaCtrl][SCALER_CROP(1) (0,0_2016x1512) ][SENSOR_CROP(0)][RESIZER_SET(0)]
07-25 21:40:09.914   723  5028 D NormalPipe: [acceptEnqRequest] MyEnq:0: dma:0x8 pa(0x7900000)io(0_0_2016_1136_1920_1088) mag(0x21)|dma:0x6 pa(0x4F00000)io(0_0_2016_1_2016_1) mag(0x21)|dma:0xf pa(0x9002100)io(0_0_256_1_256_1) mag(0x21)|dma:0xb pa(0xE000000)io(0_0_384_384_384_384) mag(0x21)|
07-25 21:40:09.914   723  5080 E AfAlgo  : Err:  6195: [AdpComp]Adaptive input error!! 
07-25 21:40:09.914   723  5080 E AfAlgo  : Err:  6279: [AdpComp]Adaptive input error
07-25 21:40:09.914   723  4812 D MtkCam/ppl_context: [sendFrameToRootNodes] r33 frameNo:33 (X) -> 0x1 BUSY
07-25 21:40:09.914   723  5080 D TaskAFNormal: [run] Cam 1 : Req(#33)/Stt(#31)/i4Opt(0)/FlashOnOff(0)
07-25 21:40:09.917   723  5053 D SecMgr  : [SecMgr_GetSecurePortStatus] + (0x0x0)module:0x0 dma port:rrzo
07-25 21:40:09.917   723  5053 D SecMgr  : [SecMgr_GetSecurePortStatus] (0x0)DMA port (0x1) is not supported
07-25 21:40:09.917   723  5053 D ifunc_cam_buf: [waitBufReady] [0x0]:, [0x7100000] waitbufready pass
07-25 21:40:09.917   723  5053 D ifunc_cam_buf: [dequeueHwBuf] [0x0]:BUF_CTRL_RRZO:(0xd_0x0),PA(0x7100000_0xBC00F00),FH_VA(0x7F775C3F00),size(0x3bc400),cur sof(0),
07-25 21:40:09.917   723  5053 D SecMgr  : [SecMgr_GetSecurePortStatus] + (0x0x0)module:0x0 dma port:imgo
07-25 21:40:09.917   723  5053 D SecMgr  : [SecMgr_GetSecurePortStatus] (0x0)DMA port (0x0) is not supported
07-25 21:40:09.917   723  5053 D SecMgr  : [SecMgr_GetSecurePortStatus] + (0x0x0)module:0x0 dma port:
07-25 21:40:09.917   723  5053 D SecMgr  : [SecMgr_GetSecurePortStatus] + (0x0x0)module:0x0 dma port:lcso
07-25 21:40:09.917   723  5053 D NormalPipe: [ispDequeThread] N:0_deq@SOF_33
07-25 21:40:09.917   723  5044 D NormalPipe: [deque] MyDeq:0: dma:0x6 pa(0x4F013C0) io(0_0_1_0_0_0_2016_1_2016_1) mag(0x1f)|dma:0x8 pa(0x7100000) io(0_0_2016_1136_0_0_1920_1088_1920_1088) mag(0x1f)|dma:0xb pa(0xDA00000) io(0_0_0_0_0_0_0_0_0_0) mag(0x1f)|dma:0xf pa(0x9001F00) io(0_0_0_0_0_0_0_0_0_0) mag(0x1f)|
07-25 21:40:09.918   723  5053 D SecMgr  : [SecMgr_GetSecurePortStatus] + (0x0x0)module:0x0 dma port:rrzo
07-25 21:40:09.918   723  5053 D SecMgr  : [SecMgr_GetSecurePortStatus] (0x0)DMA port (0x1) is not supported
07-25 21:40:09.918   723  5044 W fsc_hal : [processResult]image_scale_output.image_scale == 0
07-25 21:40:09.918   723  5044 D fsc_hal : [processResult]P magic(31) dac(258) ET(30003) EIS(0), CB magic(31), factor(1.000000), sensor(2016,1136), RRZO: c(0,0,2016,1136) s(1920,1088) f(0.000000,0.000000,1920.000000,1088.000000),RSSO: s(0,0), f(0.000000,0.000000,0.000000,0.000000)
07-25 21:40:09.918   723  5044 D MtkCam/HalSensorList: [querySecureState] Secure State is 0
07-25 21:40:09.918   723  5044 D MtkCam/HalSensor: [destroyInstance] HalSensor destroyInstance count = 6, caller =MtkCam/P1NodeUtility
07-25 21:40:09.918   723  5044 D MtkCam/BaseHeap: [IonHeap::unlockBufLocked] Hal:Image:P1:Fullraw_main1:Size2016x1:Stride2520.0.0:Sn3@ still locked (2)
07-25 21:40:09.919   723  5044 I MtkCam/P1NodeImp: [releaseAction] [Cam::0 R33 S33 E33 D31 O30 #1] [P1::DEQ][Num Q:31 M:31 F:29 R:29 @31][Type:1 Out:x85 Rec:x0 Raw:1 Cap:0 Exe:3 Flush:x0] job(0/1) IMG(pure) RRZ0(0-0-2016x1136)(0-0-1920x1088)(1920x1088) T-ns(EXP: 30003000)(Src:0)(SOF: m_948587100000 b_948587094000)(SS: 948557097000) ExpExtend(0, 0)Q(Sen
07-25 21:40:09.919   723  5047 I MtkCam/P1NodeImp: [releaseFrame] [Cam::0 R33 S33 E33 D31 O31 #1] [P1::OUT][Num Q:31 M:31 F:29 R:29 @31][Type:1 Out:x85 Rec:x0 Raw:1 Cap:0 Exe:3 Flush:x0] [Release-0] [DispatchFrame]
07-25 21:40:09.919   723  5047 D MtkCam/ppl_context: [onDispatchFrame] r29 frameNo:29 0x1 -> 0x15 READY(1/1)
07-25 21:40:09.919   723  5047 D MtkCam/P2/MWFrameRequest: [printIOMap] P2S cam 0 MWFrame:#29 MWReq:#29, frame 30 : iomap: [0]=>img[2/1], meta[3/2], fps[29.59]
07-25 21:40:09.921   723  5062 D MtkCam/P2/StreamingProcessor: [makePayLoad] P2S cam 0 MWFrame:#29 MWReq:#29, frame 30-0 : masterID(0) #Requests(1) merged into #RequestsPacks(1), PendingPayload(1), p1Ts=0000948559597000
07-25 21:40:09.921   787  1391 D BufferPoolAccessor2.0: evictor expired: 1, evicted: 0
07-25 21:40:09.921   723  5062 D MtkCam/StreamingPipe/Data: [calNonLargeSrcCrop]sID(0), imgoIn(0), srcCrop(0,0,1920x1088), isSrcCrop(0), mP2Pack Valid(1), imgo(0x0),rrz(1920x1088)
07-25 21:40:09.922   723  5062 D MtkCam/StreamingPipe/Pipe: [prepareIORequest]P2S cam 0 MWFrame:#29 MWReq:#29, frame 30-30  master/slave/fd(0/-1/0) ReqNo(30), feature=0x8008(3DNR+FSC), cycle(33), fps(n/a)=(30/30), ZoomROI((1442.539673x1088.000000)@(238.730179,0.000000)) SFPIOMgr:[sID(0)--IMG(0x0/0),RRZ(0xb400007e0e821f10/1),LCS(0xb400007e0e82f4d0/1),LCSH(0x0/0),pRSS(0x0/0),cRSS(0x0/0),RSSR2(0x0/0),FYuv(0x0/0),RYuv1(0x0/0),RYuv2(0x0/0),mAIYuv(0x0/0),HalI(0xb400007dbe824f30),AppI(0xb400007e2e82cc78),AppDI(0xb400007dbe81f5f0),AppOver(0x0)]{path(GEN),halO(0xb400007e2e81c0f0),appO(0xb400007e2e8364f0),Outs--[buf(0xb400007e0e816c30/1)(320x240),tran(0),type(1), tar(disp), prof(0), crop(238.730179,0.000000,1442.539673x1088.000000), flag(0x0)]Tuning--id(0)--[flag(5)]}
07-25 21:40:09.923   723  5060 D isp_mgr_sl2: DIP_X_SL2H_RZ is (SL2_VRZ_COM, SL2_HRZ_COM) = (2138, 2150), (i4RzWidth, i4Width) = (1920, 2016), (i4RzHeight, i4Height) = (1088, 1136)
07-25 21:40:09.923   723  5060 D isp_mgr_sl2: profile is 1, DIP_X_SL2H_RZ is (0x085a0866)
07-25 21:40:09.923   723  5060 D isp_mgr_nr3d: NR3D_EN(1), SL2E_EN(1), x,y,w,h(0,0,1920,1088), full x,y,w,h(0,0,1920,1088),vipi offst(0) w,h(1920,1088), R2C en(1) cnt(3,7,7,3)
07-25 21:40:09.924   723  5060 D MtkCam/StreamingPipe/P2ANode: [enqueFeatureStream] P2S cam 0 MWFrame:#29 MWReq:#29, frame 30-30 :sensor(0) Frame 30 enque start
07-25 21:40:09.924   723  5055 D Iop/p2HPEQNode: [doEnque] sDrvScen:0, CQIdx:0, dupCQIdx:1, burstQIdx:0, RingBufIndex:29,  mTuningData ptr:780427428
07-25 21:40:09.924   723  5055 D PostProcPipe: [PrintPipePortInfo] vInPorts:FN(29),RN(29),TS(0xda8ecdc8),UK(0xcc183a0),Sec(0),[0]:(0x2205),w(1920),h(1088),stride(3600,0,0),type(0),idx(19),dir(0),Size(0x003bc400,0x00000000,0x00000000),VA(0x7c88249000,0x0,0x0),PA(0x7100000,0x0,0x0),secPort(0),
07-25 21:40:09.924   723  5055 D PostProcPipe:                       vInPorts:FN(29),RN(29),TS(0xda8ecdc8),UK(0xcc183a0),Sec(0),[1]:(0x32315659),w(1920),h(1088),stride(1920,960,960),type(0),idx(22),dir(0),Size(0x001fe000,0x0007f800,0x0007f800),VA(0x7c85b2d000,0x7c85d2b000,0x7c85daa800),PA(0xaa00000,0xabfe000,0xac7d800),secPort(0),
07-25 21:40:09.924   723  5055 D PostProcPipe:                       vInPorts:FN(29),RN(29),TS(0xda8ecdc8),UK(0xcc183a0),Sec(0),[2]:(0x2401),w(200),h(112),stride(768,0,0),type(0),idx(26),dir(0),Size(0x00048000,0x00000000,0x00000000),VA(0x7cd115e000,0x0,0x0),PA(0xda00000,0x0,0x0),secPort(0)
07-25 21:40:09.924   723  5055 D PostProcPipe: [PrintPipePortInfo] vOutPorts:FN(29),RN(29),TS(0xda8ecdc8),UK(0xcc183a0),Sec(0),[0]:(0x32315659),w(1920),h(1088),stride(1920,960,960),type(0),idx(32),dir(1),Size(0x001fe000,0x0007f800,0x0007f800),VA(0x7c8582f000,0x7c85a2d000,0x7c85aac800),PA(0xad00000,0xaefe000,0xaf7d800),secPort(0),
07-25 21:40:09.924   723  5055 D PostProcPipe:                       vOutPorts:FN(29),RN(29),TS(0xda8ecdc8),UK(0xcc183a0),Sec(0),[1]:(0x11),w(320),h(240),stride(320,320,0),type(0),idx(38),dir(1),Size(0x00012c00,0x00009600,0x00000000),VA(0x7f77381000,0x7f77393c00,0x0),PA(0xd700000,0xd712c00,0x0),secPort(0)
07-25 21:40:09.924   723  5055 D PostProcPipe: [configPipe] [Imgi][crop_1](x,f_x,y,f_y)=(0,0,0,0),(w,f_w,h,f_h)=(0,0,0,0),(tarW,tarH)=(0,0)-
07-25 21:40:09.924   723  5055 D PostProcPipe:                     [crop_2](x,f_x,y,f_y)=(238,765648,0,0),(w,f_w,h,f_h)=(1442,565888,1088,0),(tarW,tarH)=(320,240)-
07-25 21:40:09.924   723  5055 D PostProcPipe:                     [crop_3](x,f_x,y,f_y)=(0,0,0,0),(w,f_w,h,f_h)=(0,0,0,0),(tarW,tarH)=(0,0),dupCqIdx(1),[vipi]ofst(0),rW/H(1920/1088)
07-25 21:40:09.924   723  5055 D PostProcPipe: ,                    isDipOnly(0), hwmodule(9/0), dipCQ/dup/burst(0/1/0), drvSc(0), isWtf(1),tdr_tpipe(0),en_yuv/yuv2/rgb/dma/fmt_sel/ctl_sel/misc (0x11e07df8/0xf0/0x1400f9/0x20e0f1/0x30480409/0x16040/0x10), tcm(0xa/0x9fd8e1e3/0xe807b3c), last(1), CRZ_EN(0), img3o ofset(0,0),userName(),PIX_ID(3),ImgBuf_PIX_ID(3),tv_sec(1784986809),tv_usec(957063)
07-25 21:40:09.924   723  5055 D iio/ifunc_dip: [ConfigDipPipe] moduleIdx(0), pDipWBuf(0xce827a78), m_pIspDescript_phy(0x91ae000), m_pIspDescript_vir(0x8a703000), m_pIspVirRegAddr_pa(0x91af000), m_pIspVirRegAddr_va(0x8a704000)
07-25 21:40:09.925   723  5056 D iio/ifunc_dip: [enable] thiscq(0), frameflag(0x1), ring_index(29), ref_ringbufidx(28)
07-25 21:40:09.925   723  5056 D MdpMgr  : [updateDpStreamMap] refObjectCqIdx:0, refObjectRingBufIdx:1,cqIdx:0,ringIdx:29,refringbufidx:28
07-25 21:40:09.925   723  5056 D MdpMgr  : [selectDpIspStream] [selectDpIspStream] cqIdx(0/1/0/29_0/1),sceID(0)
07-25 21:40:09.925   723  5056 D MdpMgr  : [_startMdp] dstFmt(657,4982892)
07-25 21:40:09.925   723  5056 D MdpMgr  : [_startMdp] +sceID(0),cqPa(0x91ae000)-Va(0x7c8a703000),tpipVa(0x7c8a164000)-Pa(0x9310000),isWaitB(1),cqIndx(0/1/0/29),venc(0),(va: 0x7c8a164000),        srcFt(0x2205),W(1920),H(1088),stride(3600,0),size(0x3bc400-0x0-0x0),VA(0x    ffff),PA(0x 7100000),plane(1),Stmtype(1)
07-25 21:40:09.925   723  5056 D MdpMgr  :         wdma_en(1),idx(0),cap(3),ft(17),rt(0),fp(0),(w,h,s)=(320,240,320),C(w,h,s)=(320,120,320),V(w,h,s)=(0,0,0),mdpidx(0),
07-25 21:40:09.925   723  5056 D MdpMgr  :         wrot_en(0),idx(1),cap(0),ft(0),rt(0),fp(0),(w,h,s)=(0,0,0),C(w,h,s)=(0,0,0),V(w,h,s)=(0,0,0),mdpidx(0),
07-25 21:40:09.925   723  5056 D MdpMgr  :         jpg_en(0),idx(2),cap(0),ft(0),rt(0),fp(0),(w,h,s)=(0,0,0),C(w,h,s)=(0,0,0),V(w,h,s)=(0,0,0),mdpidx(1),
07-25 21:40:09.925   723  5056 D MdpMgr  :         pipe_en(0),idx(3),cap(0),ft(0),rt(0),fp(0),(w,h,s)=(0,0,0),C(w,h,s)=(0,0,0),V(w,h,s)=(0,0,0),mdpidx(2),
07-25 21:40:09.925   723  5056 D MdpMgr  :         (va:0x7c8a164000,dstpa:0x9310000)
07-25 21:40:09.925   723  5056 D MdpMgr  : flag(0_0x1->0x1),startStm(628 us),WDPQ(0x       0),WRPQ(0x       0),tv_sec(1784986809),tv_usec(957063)
07-25 21:40:09.926   723  5056 D Iop/p2HPEQNode: [doMdpStart] frameUnit.idxofwaitDQFrmPackList (0x5e812e78_0_0_1, 0_0_1_0)
07-25 21:40:09.926   723  5057 D MdpMgr  : [selectDpIspStream] [selectDpIspStream] cqIdx(0/1/0/29_0/1),sceID(0)
07-25 21:40:09.931   531  2449 E [GrallocExtra-ERROR]: gralloc_extra_query:105 gralloc_extra_query with NULL handle: 0x0
07-25 21:40:09.932  2345  2403 D C2OMXNode: dhy...mOsdPos:,,mOsdText:
07-25 21:40:09.933   723  5057 D MdpMgr  : [_dequeueBuf] +,cqIndx(0/1/0/29),sceID(0),deqIndex(1),isWaitBuf(1),
07-25 21:40:09.933   723  5057 D MdpMgr  :         deqIndex(1), dequeTime(6682 us)
07-25 21:40:09.933   723  5057 D MdpMgr  : [selectDpIspStream] [selectDpIspStream] cqIdx(0/1/0/29_0/1),sceID(0)
07-25 21:40:09.933   723  5057 D MdpMgr  : [_dequeueBuf] +,cqIndx(0/1/0/29),sceID(0),deqIndex(0),isWaitBuf(1),
07-25 21:40:09.933   723  5057 D MdpMgr  :         deqIndex(0), dequeTime(33 us)
07-25 21:40:09.933   723  5057 D MdpMgr  : [selectDpIspStream] [selectDpIspStream] cqIdx(0/1/0/29_0/1),sceID(0)
07-25 21:40:09.933   723  5057 D MtkCam/StreamingPipe/P2ANode: [onDIPStreamBaseCB] P2S cam 0 MWFrame:#29 MWReq:#29, frame 30-30 :sensor(0) Frame 30 enque done in 9 ms, result = 1
07-25 21:40:09.933   723  5057 D Iop/p2HPDQNode: [doDeque] +,tag(2),idx(0),p2CQ(0/1/0/29),
07-25 21:40:09.933   723  5057 D Iop/p2HPDQNode:                          +,tag(1),idx(0),p2CQ(0/1),
07-25 21:40:09.933   723  5057 D Iop/p2HPDQNode:                          -,cb(231 us)
07-25 21:40:09.934   723  5061 D MtkCam/P2/MWFrame: [doRelease] P2S cam 0 MWFrame:#29 MWReq:#29, frame 30 : all streams(8), using(0), status: s0:d0:App:YCrCb_420_SP:0|HW_TEXTURE(1),Meta:App:Control(1),Hal:Image:P1:Resizeraw_main1(1),Hal:Image:STT_main1(1),Hal:Meta:P1:Dynamic_main1(1),Hal:Meta:P2:Dynamic(1),App:Meta:DynamicP1_main1(1),App:Meta:DynamicP2(1),
07-25 21:40:09.934   723  5025 D mtkcam-AppStreamMgr: [0-FrameHandler::updateResult] requestNo 29, real time:0, last partial:1
07-25 21:40:09.934   723  5025 D ULog    : R AppRequest:29 M[CameraDevice:187001] -  :mtkcam-AppStreamMgr #38267
07-25 21:40:09.935   723  5061 D mtkcam-pipeline: [onLastStrongRef] [ requestNo:29 frameNo:29 ] frame end
07-25 21:40:09.935   723  5061 D MtkCam/StreamingPipe/Timer: [print]Frame timer [#   30/   0][t  11][io   0][tof  0/  0][d  0/  0][mss  0/  0/  0/  0][a 10/  1/  9][tun  0/  0][msf  0/  0][vnr  0/  0/  0][am  0][b  0/  0][tpi(  0/  0)/(  0/  0)/(  0/  0)][vmdp_A  0/  0 vmdp_B  0/  0][h  2/  0/  0][e  0][r  0/  0][w_A  0/  0/  0/  0 w_B  0/  0/  0/  0][x  0][disp  0/  0][async  0/  0][p2sm  0/  0/  0][fps29.59/29.59/ 30/ 30]
07-25 21:40:09.942   723  5028 D HwIRQ3A : [wait] VSIrq
07-25 21:40:09.942   723  5052 D NormalPipe: [enqueRequest] +N:0 CurSof:34 enqCnt:32 cqCnt(p/v):32/32 FrameStatus(2)
07-25 21:40:09.943   723  5052 D NormalPipe: [configEnquePath] N:0 configFrame event:1 multiSenNum:2 occupy:0 status:1(2) fsm:0 depth:0
07-25 21:40:09.943   723  5052 D NormalPipe: [dmaCfg] N:0 dma:x8 cmd:0x101a, crop:(0,0,2016,1136), outsize:(1920,1088)
07-25 21:40:09.943   723  5028 I MtkCam/P1NodeImp: [setRequest] [Cam::0 R34 S34 E33 D31 O31 #0] [P1::SET][Num Q:34 M:34 F:32 R:32 @0][Type:1 Out:x85 Rec:x0 Raw:1 Cap:0 Exe:1 Flush:x0] Num[34] Ctrl[1]=[ 34 ]
07-25 21:40:09.943   723  5052 D NormalPipe: [dmaCfg] N:0 dma:x6 cmd:0x101c, crop:(0,0,2016,1), outsize:(2016,1)
07-25 21:40:09.943   723  5028 D aao_buf_mgr: [updateInfo] mMagicNumber(31), i4SubsampleCount(1)
07-25 21:40:09.943   723  4812 E camiopipe: [vendor/mediatek/proprietary/hardware/mtkcam/drv/src/isp/mt6768/imageio/pipe/CamIOPipe/CamIOPipe.cpp, sendCommand, line3805] ERROR: [0x0]:NOT support command! (sendCommand){#3805:vendor/mediatek/proprietary/hardware/mtkcam/drv/src/isp/mt6768/imageio/pipe/CamIOPipe/CamIOPipe.cpp}
07-25 21:40:09.943   723  4812 E camiopipe: [vendor/mediatek/proprietary/hardware/mtkcam/drv/src/isp/mt6768/imageio/pipe/CamIOPipe/CamIOPipe.cpp, sendCommand, line3812] ERROR: [0x0]:sendCommand(0x1500) error! (sendCommand){#3812:vendor/mediatek/proprietary/hardware/mtkcam/drv/src/isp/mt6768/imageio/pipe/CamIOPipe/CamIOPipe.cpp}
07-25 21:40:09.943   723  4812 E NormalPipe: [vendor/mediatek/proprietary/hardware/mtkcam/drv/src/isp/mt6768/iopipe/CamIO/NormalPipe.cpp, sendCommand, line3773] ERROR: error: sendCommand fail: (cmd,arg1,arg2,arg3)=(0x00001500,0x7C9EA4FF40,0x7C9EA4FF44,0xB400007ECE8174BC) (sendCommand){#3773:vendor/mediatek/proprietary/hardware/mtkcam/drv/src/isp/mt6768/iopipe/CamIO/NormalPipe.cpp}
07-25 21:40:09.943   723  4812 D Hal3Av3 : [parseMeta] Return to AP AE_REGIONS L(0) T(0) R(0) B(0) W(0)
07-25 21:40:09.943   723  4812 D Hal3Av3 : [parseMeta] Return to AP AF_REGIONS L(0) T(0) R(0) B(0) W(0)
07-25 21:40:09.943   723  5052 D ifunc_cam_tuning: [update] [0x0]:CAM_TUNING_CTRL - EN:0x100e02e0 DMA:0x808001e8
07-25 21:40:09.943   723  4812 D Hal3Av3 : [parseMeta] Return to AP AWB_REGIONS L(0) T(0) R(0) B(0) W(0)
07-25 21:40:09.944   723  5052 D LMVDrv  : [GetLMVStatusAndUpdate]Suspicous clear, driver may drop frame and now in new pipeline: magicNum(33)=bypass(0)
07-25 21:40:09.944   723  5052 W LMVDrv  : [GetLMVStatusAndUpdate]Cannot find magicNum(0) in queue(0)
07-25 21:40:09.944   723  4812 D Hal3Av3 : [parseMeta] MTK_SENSOR_TEST_PATTERN_DATA(0, 0, 0, 0)
07-25 21:40:09.944   723  4812 I MtkCam/P1NodeImp: [runQueue] [Cam::0 R34 S34 E33 D31 O31 #1] [P1::REQ][Num Q:35 M:0 F:33 R:33 @0][Type:1 Out:x85 Rec:x0 Raw:1 Cap:0 Exe:1 Flush:x0] [META ze:0 ci:3 rt:-1 tn:-1 qc:-1 fi:-1 fr:-1] [New-Request][0] [0] [IMGO:1 (-1,-1)] [Gp:255/0] IOmap-Img[1]=<0_I[0]{}_O[2]{0x100000003,0x100000004}>-Meta[1]=<0_I[2]{0x80000000,0x100000018}_O[2]{0x10000001b,0x100000024}> CfgStream-Img[OutIMG:0x100000001(0),OutRRZ:0x100000003(1),OutLCS:0x100000004(1)]-Meta[InAPP:0x80000000(1),InHAL:0x100000018(1),OutAPP:0x100000024(1),OutHAL:0x10000001b(1)]  | [PreSet][Key:35] Num(0) Dummy(0) MetaCnt[APP:66,HAL:17] | [Rev:0] depth(1) burst(1) Que[1]
07-25 21:40:09.944   723  4812 D MtkCam/ppl_context: [sendFrameToRootNodes] r33 frameNo:33 (X) -> 0x1 success; erase record
07-25 21:40:09.944   723  5052 D camiopipe: [sendCommand] [0x0]:[1]P1_UPDATE_CHECK CTL_EN(0x11bebee3) +[0_0]:0x11bebee3 [1_0]:0x11bebee3 [2_0]:0x11bebee3 -[0_0]:0x11bebee3 [1_0]:0x11bebee3 [2_0]:0x11bebee3 
07-25 21:40:09.944   723  5052 D NormalPipe: [frameToEnque] - sof(34)
07-25 21:40:09.944   723  5052 D NormalPipe: [enqueRequest] -
07-25 21:40:09.944   723  5028 D AeFlowDefault: [monitorAndReschedule:Perframe AE] Calc:1 Apply:1 Magic:31 AEMonitorStable:1 VdCnt:0 u4CwvYcur:0 u4CwvYpre:0 
07-25 21:40:09.945   723  5028 D ae_mgr  : [updateAEInfo2ISP] State:0 VDNum:0 Shutter:30003 Gain:9040 1024 750 Flare offset:0 512 FrameDuration:33350000 DisableOBC:0 ExpRatio:100 eAEMode:1 eAEstate:2 CurrentidxF:113
07-25 21:40:09.945   723  5081 D MtkCam/HalSensorList: [querySecureState] Secure State is 0
07-25 21:40:09.945   723  5028 D awb_mgr : [setIspAwbInfo()] m_eSensorDev: 1, awb_gain: 988/512/819, PreGain1: 512/512/512, RPG: 988/512/819, PGN: 988/512/819, bAWBLock: 0 (m_bAWBLock:0, m_u4AWBMode:1)
07-25 21:40:09.945   723  5028 D Task3APv: [run] getSensorParams: m_u4PreRealISO(750), u4RealISO(750), m_preAwbGain(988, 512, 819), rAwbInfo.gain(988, 512, 819)
07-25 21:40:09.945   723  5028 D isp_tuning_custom: [evaluate_Shading_Ratio] sensorid(1379), preSensorId(1379), eSensorMode(2), preSensorMode(2), isSensorOrModeSwitch(0), isInit(0)
07-25 21:40:09.945   723  5028 D isp_tuning_custom: [iso_smooth][ISO smooth enabled][ISO idx(3339)]avgISO = 750.
07-25 21:40:09.946   723  5028 D isp_tuning_custom: [RA_smooth][RA smooth][frm idx(3339)] rto for iso(21), prev_rto(21),RA_incremental_step(2), smoothed ratio(21)
07-25 21:40:09.946   723  4812 D ULog    : R AppRequest:34 M[CameraDevice:187001] +  :mtkcam-dev3 #38268
07-25 21:40:09.946   723  5028 D paramctrl_per_frame: put ratio with m_eSensorDev(1), i4Rto(21)
07-25 21:40:09.946   723  5028 D paramctrl_per_frame: [updateLscInfo] (flash, iso, rto)=(0, 750, 21), auto(1), lock(0,0,0), dyn(1), op(0), PreCapFlashIsLockRto(0), fgForceUnlock(0)
07-25 21:40:09.946   723  5028 D Task3APv: [run] Cam 1 : Req(#34)/Stt(#31)/i4Opt(0)/FlashOnOff(0) Lv(8)/ISO(750)/RGB(988,512,819) AFisLockAE(0) isLVChangeTooMuch(0) m_i4FrameCount(32) m_i4TsfFrameCount(33)
07-25 21:40:09.946   723  4812 D mtkcam-dev3-utils: [0-AppRequestUtil::createOneRequest] requestNumber[34]:StreamBuffer:0xb400007dbe81cf00 streamId:0 bufferId:7 buffer:0xb400007e2e81ac90 status:OK acquireFenceOp.hdl:0x7cde6082f8 releaseFenceOp.hdl:0x0 acquireFenceOp.fd:-1 releaseFenceOp.fd:-1 appBufferHandleHolder:0xb400007d8e83bda8 freeByOthers:0 / 
07-25 21:40:09.946   723  5033 D MtkCam/BaseHeap: [IonHeap::helpFlushCacheIon] ctrl(0), num[0]: mID(0x2a),size(24576),VA(0x7f776b1000),PA(0x5600000)
07-25 21:40:09.946   723  5028 W TuningMgr: TuningMgr[updateEngine] WARNING: [temp log] AF enable(1_0x100e02e0_0x808001e8)
07-25 21:40:09.947   723  5028 D TuningMgr: TuningMgr[enqueBuffer] magicNum(0x22)
07-25 21:40:09.947   723  4812 D mtkcam-HDRPolicyHelper: [getSeamlessSmoothResult][Cam::0]frameType[3] requestAETargetMode=0 requestExpNum=0
07-25 21:40:09.947   723  5081 D MtkCam/HalSensorList: [querySecureState] Secure State is 0
07-25 21:40:09.948   723  5028 I MtkCam/P1NodeImp: [setupAction] [Cam::0 R34 S34 E34 D31 O31 #1] [P1::ENQ][Num Q:34 M:34 F:32 R:32 @34][Type:1 Out:x85 Rec:x0 Raw:1 Cap:0 Exe:1 Flush:x0] [Exp:30003000ns] [MetaCtrl][SCALER_CROP(1) (0,0_2016x1512) ][SENSOR_CROP(0)][RESIZER_SET(0)]
07-25 21:40:09.948   723  4812 D MtkCam/ppl_context: [sendFrameToRootNodes] r34 frameNo:34 (X) -> 0x1 BUSY
07-25 21:40:09.948   723  5080 E AfAlgo  : Err:  6195: [AdpComp]Adaptive input error!! 
07-25 21:40:09.948   723  5028 D NormalPipe: [acceptEnqRequest] MyEnq:0: dma:0x8 pa(0x7D00000)io(0_0_2016_1136_1920_1088) mag(0x22)|dma:0x6 pa(0x4F013C0)io(0_0_2016_1_2016_1) mag(0x22)|dma:0xf pa(0x9002200)io(0_0_256_1_256_1) mag(0x22)|dma:0xb pa(0xE200000)io(0_0_384_384_384_384) mag(0x22)|
07-25 21:40:09.948   723  5080 E AfAlgo  : Err:  6279: [AdpComp]Adaptive input error
07-25 21:40:09.948   723  5080 D TaskAFNormal: [run] Cam 1 : Req(#34)/Stt(#32)/i4Opt(0)/FlashOnOff(0)
07-25 21:40:09.951   723  5053 D SecMgr  : [SecMgr_GetSecurePortStatus] + (0x0x0)module:0x0 dma port:rrzo
07-25 21:40:09.951   723  5053 D SecMgr  : [SecMgr_GetSecurePortStatus] (0x0)DMA port (0x1) is not supported
07-25 21:40:09.951   723  5053 D ifunc_cam_buf: [waitBufReady] [0x0]:, [0x7500000] waitbufready pass
07-25 21:40:09.951   723  5053 D ifunc_cam_buf: [dequeueHwBuf] [0x0]:BUF_CTRL_RRZO:(0xd_0x0),PA(0x7500000_0xBC00F80),FH_VA(0x7F775C3F80),size(0x3bc400),cur sof(0),
07-25 21:40:09.951   723  5053 D SecMgr  : [SecMgr_GetSecurePortStatus] + (0x0x0)module:0x0 dma port:imgo
07-25 21:40:09.951   723  5053 D SecMgr  : [SecMgr_GetSecurePortStatus] (0x0)DMA port (0x0) is not supported
07-25 21:40:09.951   723  5053 D SecMgr  : [SecMgr_GetSecurePortStatus] + (0x0x0)module:0x0 dma port:
07-25 21:40:09.951   723  5053 D SecMgr  : [SecMgr_GetSecurePortStatus] + (0x0x0)module:0x0 dma port:lcso
07-25 21:40:09.951   723  5053 D NormalPipe: [ispDequeThread] N:0_deq@SOF_34
07-25 21:40:09.951   723  5053 D SecMgr  : [SecMgr_GetSecurePortStatus] + (0x0x0)module:0x0 dma port:rrzo
07-25 21:40:09.951   723  5044 D NormalPipe: [deque] MyDeq:0: dma:0x6 pa(0x4F009E0) io(0_0_1_0_0_0_2016_1_2016_1) mag(0x20)|dma:0x8 pa(0x7500000) io(0_0_2016_1136_0_0_1920_1088_1920_1088) mag(0x20)|dma:0xb pa(0xDB00000) io(0_0_0_0_0_0_0_0_0_0) mag(0x20)|dma:0xf pa(0x9002000) io(0_0_0_0_0_0_0_0_0_0) mag(0x20)|
07-25 21:40:09.951   723  5053 D SecMgr  : [SecMgr_GetSecurePortStatus] (0x0)DMA port (0x1) is not supported
07-25 21:40:09.952   723  5044 W fsc_hal : [processResult]image_scale_output.image_scale == 0
07-25 21:40:09.952   723  5044 D fsc_hal : [processResult]P magic(32) dac(258) ET(30003) EIS(0), CB magic(32), factor(1.000000), sensor(2016,1136), RRZO: c(0,0,2016,1136) s(1920,1088) f(0.000000,0.000000,1920.000000,1088.000000),RSSO: s(0,0), f(0.000000,0.000000,0.000000,0.000000)
07-25 21:40:09.952   723  5044 D MtkCam/HalSensorList: [querySecureState] Secure State is 0
07-25 21:40:09.952   723  5044 D MtkCam/HalSensor: [destroyInstance] HalSensor destroyInstance count = 6, caller =MtkCam/P1NodeUtility
07-25 21:40:09.953   723  5044 D MtkCam/BaseHeap: [IonHeap::unlockBufLocked] Hal:Image:P1:Fullraw_main1:Size2016x1:Stride2520.0.0:Sn2@ still locked (2)
07-25 21:40:09.953   723  5044 I MtkCam/P1NodeImp: [releaseAction] [Cam::0 R34 S34 E34 D32 O31 #1] [P1::DEQ][Num Q:32 M:32 F:30 R:30 @32][Type:1 Out:x85 Rec:x0 Raw:1 Cap:0 Exe:3 Flush:x0] job(0/1) IMG(pure) RRZ0(0-0-2016x1136)(0-0-1920x1088)(1920x1088) T-ns(EXP: 30003000)(Src:0)(SOF: m_948620878000 b_948620872000)(SS: 948590875000) ExpExtend(0, 0)Q(Sen
07-25 21:40:09.953   723  5047 I MtkCam/P1NodeImp: [releaseFrame] [Cam::0 R34 S34 E34 D32 O32 #1] [P1::OUT][Num Q:32 M:32 F:30 R:30 @32][Type:1 Out:x85 Rec:x0 Raw:1 Cap:0 Exe:3 Flush:x0] [Release-0] [DispatchFrame]
07-25 21:40:09.954   723  5047 D MtkCam/ppl_context: [onDispatchFrame] r30 frameNo:30 0x1 -> 0x15 READY(1/1)
07-25 21:40:09.954   723  5047 D MtkCam/P2/MWFrameRequest: [printIOMap] P2S cam 0 MWFrame:#30 MWReq:#30, frame 31 : iomap: [0]=>img[2/1], meta[3/2], fps[29.56]
07-25 21:40:09.955   723  5062 D MtkCam/P2/StreamingProcessor: [makePayLoad] P2S cam 0 MWFrame:#30 MWReq:#30, frame 31-0 : masterID(0) #Requests(1) merged into #RequestsPacks(1), PendingPayload(1), p1Ts=0000948593375000
07-25 21:40:09.956   723  5062 D MtkCam/StreamingPipe/Data: [calNonLargeSrcCrop]sID(0), imgoIn(0), srcCrop(0,0,1920x1088), isSrcCrop(0), mP2Pack Valid(1), imgo(0x0),rrz(1920x1088)
07-25 21:40:09.956   723  5062 D MtkCam/StreamingPipe/Pipe: [prepareIORequest]P2S cam 0 MWFrame:#30 MWReq:#30, frame 31-31  master/slave/fd(0/-1/0) ReqNo(31), feature=0x8008(3DNR+FSC), cycle(33), fps(n/a)=(30/30), ZoomROI((1442.539673x1088.000000)@(238.730179,0.000000)) SFPIOMgr:[sID(0)--IMG(0x0/0),RRZ(0xb400007e0e821f10/1),LCS(0xb400007e0e826170/1),LCSH(0x0/0),pRSS(0x0/0),cRSS(0x0/0),RSSR2(0x0/0),FYuv(0x0/0),RYuv1(0x0/0),RYuv2(0x0/0),mAIYuv(0x0/0),HalI(0xb400007dbe81c8e0),AppI(0xb400007e2e83a038),AppDI(0xb400007dbe8158e0),AppOver(0x0)]{path(GEN),halO(0xb400007e2e8165f0),appO(0xb400007e2e834730),Outs--[buf(0xb400007e0e8196f0/1)(320x240),tran(0),type(1), tar(disp), prof(0), crop(238.730179,0.000000,1442.539673x1088.000000), flag(0x0)]Tuning--id(0)--[flag(5)]}
07-25 21:40:09.957   723  5060 D isp_mgr_sl2: DIP_X_SL2H_RZ is (SL2_VRZ_COM, SL2_HRZ_COM) = (2138, 2150), (i4RzWidth, i4Width) = (1920, 2016), (i4RzHeight, i4Height) = (1088, 1136)
07-25 21:40:09.957   723  5060 D isp_mgr_sl2: profile is 1, DIP_X_SL2H_RZ is (0x085a0866)
07-25 21:40:09.958   723  5060 D isp_mgr_nr3d: NR3D_EN(1), SL2E_EN(1), x,y,w,h(0,0,1920,1088), full x,y,w,h(0,0,1920,1088),vipi offst(0) w,h(1920,1088), R2C en(1) cnt(0,0,8,4)
07-25 21:40:09.958   723  5060 D MtkCam/StreamingPipe/P2ANode: [enqueFeatureStream] P2S cam 0 MWFrame:#30 MWReq:#30, frame 31-31 :sensor(0) Frame 31 enque start
07-25 21:40:09.958   723  5055 D Iop/p2HPEQNode: [doEnque] sDrvScen:0, CQIdx:0, dupCQIdx:0, burstQIdx:0, RingBufIndex:30,  mTuningData ptr:780333220
07-25 21:40:09.958   723  5055 D PostProcPipe: [PrintPipePortInfo] vInPorts:FN(30),RN(30),TS(0xdc923718),UK(0xcc183a0),Sec(0),[0]:(0x2205),w(1920),h(1088),stride(3600,0,0),type(0),idx(19),dir(0),Size(0x003bc400,0x00000000,0x00000000),VA(0x7c87e8c000,0x0,0x0),PA(0x7500000,0x0,0x0),secPort(0),
07-25 21:40:09.958   723  5055 D PostProcPipe:                       vInPorts:FN(30),RN(30),TS(0xdc923718),UK(0xcc183a0),Sec(0),[1]:(0x32315659),w(1920),h(1088),stride(1920,960,960),type(0),idx(22),dir(0),Size(0x001fe000,0x0007f800,0x0007f800),VA(0x7c8582f000,0x7c85a2d000,0x7c85aac800),PA(0xad00000,0xaefe000,0xaf7d800),secPort(0),
07-25 21:40:09.958   723  5055 D PostProcPipe:                       vInPorts:FN(30),RN(30),TS(0xdc923718),UK(0xcc183a0),Sec(0),[2]:(0x2401),w(200),h(112),stride(768,0,0),type(0),idx(26),dir(0),Size(0x00048000,0x00000000,0x00000000),VA(0x7cd1047000,0x0,0x0),PA(0xdb00000,0x0,0x0),secPort(0)
07-25 21:40:09.959   723  5055 D PostProcPipe: [PrintPipePortInfo] vOutPorts:FN(30),RN(30),TS(0xdc923718),UK(0xcc183a0),Sec(0),[0]:(0x32315659),w(1920),h(1088),stride(1920,960,960),type(0),idx(32),dir(1),Size(0x001fe000,0x0007f800,0x0007f800),VA(0x7c864cb000,0x7c866c9000,0x7c86748800),PA(0x9e00000,0x9ffe000,0xa07d800),secPort(0),
07-25 21:40:09.959   723  5055 D PostProcPipe:                       vOutPorts:FN(30),RN(30),TS(0xdc923718),UK(0xcc183a0),Sec(0),[1]:(0x11),w(320),h(240),stride(320,320,0),type(0),idx(38),dir(1),Size(0x00012c00,0x00009600,0x00000000),VA(0x7f773d4000,0x7f773e6c00,0x0),PA(0xd600000,0xd612c00,0x0),secPort(0)
07-25 21:40:09.959   723  5055 D PostProcPipe: [configPipe] [Imgi][crop_1](x,f_x,y,f_y)=(0,0,0,0),(w,f_w,h,f_h)=(0,0,0,0),(tarW,tarH)=(0,0)-
07-25 21:40:09.959   723  5055 D PostProcPipe:                     [crop_2](x,f_x,y,f_y)=(238,765648,0,0),(w,f_w,h,f_h)=(1442,565888,1088,0),(tarW,tarH)=(320,240)-
07-25 21:40:09.959   723  5055 D PostProcPipe:                     [crop_3](x,f_x,y,f_y)=(0,0,0,0),(w,f_w,h,f_h)=(0,0,0,0),(tarW,tarH)=(0,0),dupCqIdx(0),[vipi]ofst(0),rW/H(1920/1088)
07-25 21:40:09.959   723  5055 D PostProcPipe: ,                    isDipOnly(0), hwmodule(9/0), dipCQ/dup/burst(0/0/0), drvSc(0), isWtf(1),tdr_tpipe(0),en_yuv/yuv2/rgb/dma/fmt_sel/ctl_sel/misc (0x11e07df8/0xf0/0x1400f9/0x20e0f1/0x30480409/0x16040/0x10), tcm(0xa/0x9fd8e1e3/0xe807b3c), last(1), CRZ_EN(0), img3o ofset(0,0),userName(),PIX_ID(3),ImgBuf_PIX_ID(3),tv_sec(1784986809),tv_usec(991363)
07-25 21:40:09.959   723  5055 D iio/ifunc_dip: [ConfigDipPipe] moduleIdx(0), pDipWBuf(0xce827ad0), m_pIspDescript_phy(0x91b4000), m_pIspDescript_vir(0x8a709000), m_pIspVirRegAddr_pa(0x91b5000), m_pIspVirRegAddr_va(0x8a70a000)
07-25 21:40:09.959   723  5056 D iio/ifunc_dip: [enable] thiscq(0), frameflag(0x1), ring_index(30), ref_ringbufidx(29)
07-25 21:40:09.959   723  5056 D MdpMgr  : [updateDpStreamMap] refObjectCqIdx:0, refObjectRingBufIdx:1,cqIdx:0,ringIdx:30,refringbufidx:29
07-25 21:40:09.959   723  5056 D MdpMgr  : [selectDpIspStream] [selectDpIspStream] cqIdx(0/0/0/30_0/1),sceID(0)
07-25 21:40:09.959   723  5056 D MdpMgr  : [_startMdp] dstFmt(657,4982892)
07-25 21:40:09.960   723  5056 D MdpMgr  : [_startMdp] +sceID(0),cqPa(0x91b4000)-Va(0x7c8a709000),tpipVa(0x7c8a164000)-Pa(0x9310000),isWaitB(1),cqIndx(0/0/0/30),venc(0),(va: 0x7c8a164000),        srcFt(0x2205),W(1920),H(1088),stride(3600,0),size(0x3bc400-0x0-0x0),VA(0x    ffff),PA(0x 7500000),plane(1),Stmtype(1)
07-25 21:40:09.960   723  5056 D MdpMgr  :         wdma_en(1),idx(0),cap(3),ft(17),rt(0),fp(0),(w,h,s)=(320,240,320),C(w,h,s)=(320,120,320),V(w,h,s)=(0,0,0),mdpidx(0),
07-25 21:40:09.960   723  5056 D MdpMgr  :         wrot_en(0),idx(1),cap(0),ft(0),rt(0),fp(0),(w,h,s)=(0,0,0),C(w,h,s)=(0,0,0),V(w,h,s)=(0,0,0),mdpidx(0),
07-25 21:40:09.960   723  5056 D MdpMgr  :         jpg_en(0),idx(2),cap(0),ft(0),rt(0),fp(0),(w,h,s)=(0,0,0),C(w,h,s)=(0,0,0),V(w,h,s)=(0,0,0),mdpidx(1),
07-25 21:40:09.960   723  5056 D MdpMgr  :         pipe_en(0),idx(3),cap(0),ft(0),rt(0),fp(0),(w,h,s)=(0,0,0),C(w,h,s)=(0,0,0),V(w,h,s)=(0,0,0),mdpidx(2),
07-25 21:40:09.960   723  5056 D MdpMgr  :         (va:0x7c8a164000,dstpa:0x9310000)
07-25 21:40:09.960   723  5056 D MdpMgr  : flag(0_0x1->0x1),startStm(876 us),WDPQ(0x       0),WRPQ(0x       0),tv_sec(1784986809),tv_usec(991363)
07-25 21:40:09.960   723  5056 D Iop/p2HPEQNode: [doMdpStart] frameUnit.idxofwaitDQFrmPackList (0x5e812e78_0_0_0, 0_0_1_0)
07-25 21:40:09.961   723  5057 D MdpMgr  : [selectDpIspStream] [selectDpIspStream] cqIdx(0/0/0/30_0/1),sceID(0)
07-25 21:40:09.967   723  5057 D MdpMgr  : [_dequeueBuf] +,cqIndx(0/0/0/30),sceID(0),deqIndex(1),isWaitBuf(1),
07-25 21:40:09.967   723  5057 D MdpMgr  :         deqIndex(1), dequeTime(6551 us)
07-25 21:40:09.967   723  5057 D MdpMgr  : [selectDpIspStream] [selectDpIspStream] cqIdx(0/0/0/30_0/1),sceID(0)
07-25 21:40:09.967   723  5057 D MdpMgr  : [_dequeueBuf] +,cqIndx(0/0/0/30),sceID(0),deqIndex(0),isWaitBuf(1),
07-25 21:40:09.967   723  5057 D MdpMgr  :         deqIndex(0), dequeTime(34 us)
07-25 21:40:09.967   723  5057 D MdpMgr  : [selectDpIspStream] [selectDpIspStream] cqIdx(0/0/0/30_0/1),sceID(0)
07-25 21:40:09.968   723  5057 D MtkCam/StreamingPipe/P2ANode: [onDIPStreamBaseCB] P2S cam 0 MWFrame:#30 MWReq:#30, frame 31-31 :sensor(0) Frame 31 enque done in 9 ms, result = 1
07-25 21:40:09.968   723  5057 D Iop/p2HPDQNode: [doDeque] +,tag(2),idx(0),p2CQ(0/0/0/30),
07-25 21:40:09.968   723  5057 D Iop/p2HPDQNode:                          +,tag(1),idx(0),p2CQ(0/0),
07-25 21:40:09.968   723  5057 D Iop/p2HPDQNode:                          -,cb(278 us)
07-25 21:40:09.969   723  5061 D MtkCam/P2/MWFrame: [doRelease] P2S cam 0 MWFrame:#30 MWReq:#30, frame 31 : all streams(8), using(0), status: s0:d0:App:YCrCb_420_SP:0|HW_TEXTURE(1),Meta:App:Control(1),Hal:Image:P1:Resizeraw_main1(1),Hal:Image:STT_main1(1),Hal:Meta:P1:Dynamic_main1(1),Hal:Meta:P2:Dynamic(1),App:Meta:DynamicP1_main1(1),App:Meta:DynamicP2(1),
07-25 21:40:09.969   723  5025 D mtkcam-AppStreamMgr: [0-FrameHandler::updateResult] requestNo 30, real time:0, last partial:1
07-25 21:40:09.969   723  5061 D mtkcam-pipeline: [onLastStrongRef] [ requestNo:30 frameNo:30 ] frame end
07-25 21:40:09.969   723  5025 D ULog    : R AppRequest:30 M[CameraDevice:187001] -  :mtkcam-AppStreamMgr #38269
07-25 21:40:09.969   723  5061 D MtkCam/StreamingPipe/Timer: [print]Frame timer [#   31/   0][t  12][io   0][tof  0/  0][d  0/  0][mss  0/  0/  0/  0][a 11/  1/  9][tun  0/  0][msf  0/  0][vnr  0/  0/  0][am  0][b  0/  0][tpi(  0/  0)/(  0/  0)/(  0/  0)][vmdp_A  0/  0 vmdp_B  0/  0][h  1/  0/  0][e  0][r  0/  0][w_A  0/  0/  0/  0 w_B  0/  0/  0/  0][x  0][disp  0/  0][async  0/  0][p2sm  0/  0/  0][fps29.56/29.56/ 30/ 30]
07-25 21:40:09.976   723  5028 D HwIRQ3A : [wait] VSIrq
07-25 21:40:09.976   723  5052 D NormalPipe: [enqueRequest] +N:0 CurSof:35 enqCnt:33 cqCnt(p/v):33/33 FrameStatus(2)
07-25 21:40:09.976   723  5052 D NormalPipe: [configEnquePath] N:0 configFrame event:1 multiSenNum:2 occupy:0 status:1(2) fsm:0 depth:0
07-25 21:40:09.977   723  5052 D NormalPipe: [dmaCfg] N:0 dma:x8 cmd:0x101a, crop:(0,0,2016,1136), outsize:(1920,1088)
07-25 21:40:09.977   723  5028 I MtkCam/P1NodeImp: [setRequest] [Cam::0 R35 S35 E34 D32 O32 #0] [P1::SET][Num Q:35 M:35 F:33 R:33 @0][Type:1 Out:x85 Rec:x0 Raw:1 Cap:0 Exe:1 Flush:x0] Num[35] Ctrl[1]=[ 35 ]
07-25 21:40:09.977   723  4812 E camiopipe: [vendor/mediatek/proprietary/hardware/mtkcam/drv/src/isp/mt6768/imageio/pipe/CamIOPipe/CamIOPipe.cpp, sendCommand, line3805] ERROR: [0x0]:NOT support command! (sendCommand){#3805:vendor/mediatek/proprietary/hardware/mtkcam/drv/src/isp/mt6768/imageio/pipe/CamIOPipe/CamIOPipe.cpp}
07-25 21:40:09.977   723  5028 D aao_buf_mgr: [updateInfo] mMagicNumber(32), i4SubsampleCount(1)
07-25 21:40:09.977   723  5052 D NormalPipe: [dmaCfg] N:0 dma:x6 cmd:0x101c, crop:(0,0,2016,1), outsize:(2016,1)
07-25 21:40:09.977   723  4812 E camiopipe: [vendor/mediatek/proprietary/hardware/mtkcam/drv/src/isp/mt6768/imageio/pipe/CamIOPipe/CamIOPipe.cpp, sendCommand, line3812] ERROR: [0x0]:sendCommand(0x1500) error! (sendCommand){#3812:vendor/mediatek/proprietary/hardware/mtkcam/drv/src/isp/mt6768/imageio/pipe/CamIOPipe/CamIOPipe.cpp}
07-25 21:40:09.977   723  4812 E NormalPipe: [vendor/mediatek/proprietary/hardware/mtkcam/drv/src/isp/mt6768/iopipe/CamIO/NormalPipe.cpp, sendCommand, line3773] ERROR: error: sendCommand fail: (cmd,arg1,arg2,arg3)=(0x00001500,0x7C9EA4FF40,0x7C9EA4FF44,0xB400007ECE82A6AC) (sendCommand){#3773:vendor/mediatek/proprietary/hardware/mtkcam/drv/src/isp/mt6768/iopipe/CamIO/NormalPipe.cpp}
07-25 21:40:09.977   723  4812 D Hal3Av3 : [parseMeta] Return to AP AE_REGIONS L(0) T(0) R(0) B(0) W(0)
07-25 21:40:09.977   723  5052 D ifunc_cam_tuning: [update] [0x0]:CAM_TUNING_CTRL - EN:0x100e02e0 DMA:0x808001e8
07-25 21:40:09.977   723  4812 D Hal3Av3 : [parseMeta] Return to AP AF_REGIONS L(0) T(0) R(0) B(0) W(0)
07-25 21:40:09.977   723  5052 D LMVDrv  : [GetLMVStatusAndUpdate]Suspicous clear, driver may drop frame and now in new pipeline: magicNum(34)=bypass(0)
07-25 21:40:09.977   723  4812 D Hal3Av3 : [parseMeta] Return to AP AWB_REGIONS L(0) T(0) R(0) B(0) W(0)
07-25 21:40:09.977   723  5052 W LMVDrv  : [GetLMVStatusAndUpdate]Cannot find magicNum(0) in queue(0)
07-25 21:40:09.978   723  4812 D Hal3Av3 : [parseMeta] MTK_SENSOR_TEST_PATTERN_DATA(0, 0, 0, 0)
07-25 21:40:09.978   723  5052 D camiopipe: [sendCommand] [0x0]:[2]P1_UPDATE_CHECK CTL_EN(0x11bebee3) +[0_0]:0x11bebee3 [1_0]:0x11bebee3 [2_0]:0x11bebee3 -[0_0]:0x11bebee3 [1_0]:0x11bebee3 [2_0]:0x11bebee3 
07-25 21:40:09.978   723  4812 I MtkCam/P1NodeImp: [runQueue] [Cam::0 R35 S35 E34 D32 O32 #1] [P1::REQ][Num Q:36 M:0 F:34 R:34 @0][Type:1 Out:x85 Rec:x0 Raw:1 Cap:0 Exe:1 Flush:x0] [META ze:0 ci:3 rt:-1 tn:-1 qc:-1 fi:-1 fr:-1] [New-Request][0] [0] [IMGO:1 (-1,-1)] [Gp:255/0] IOmap-Img[1]=<0_I[0]{}_O[2]{0x100000003,0x100000004}>-Meta[1]=<0_I[2]{0x80000000,0x100000018}_O[2]{0x10000001b,0x100000024}> CfgStream-Img[OutIMG:0x100000001(0),OutRRZ:0x100000003(1),OutLCS:0x100000004(1)]-Meta[InAPP:0x80000000(1),InHAL:0x100000018(1),OutAPP:0x100000024(1),OutHAL:0x10000001b(1)]  | [PreSet][Key:36] Num(0) Dummy(0) MetaCnt[APP:66,HAL:17] | [Rev:0] depth(1) burst(1) Que[1]
07-25 21:40:09.978   723  5052 D NormalPipe: [frameToEnque] - sof(35)
07-25 21:40:09.978   723  4812 D MtkCam/ppl_context: [sendFrameToRootNodes] r34 frameNo:34 (X) -> 0x1 success; erase record
07-25 21:40:09.978   723  5052 D NormalPipe: [enqueRequest] -
07-25 21:40:09.978   723  5028 D AeFlowDefault: [monitorAndReschedule:Perframe AE] Calc:1 Apply:1 Magic:32 AEMonitorStable:1 VdCnt:0 u4CwvYcur:0 u4CwvYpre:0 
07-25 21:40:09.978   723  5028 D ae_mgr  : [updateAEInfo2ISP] State:0 VDNum:0 Shutter:30003 Gain:9040 1024 750 Flare offset:0 512 FrameDuration:33350000 DisableOBC:0 ExpRatio:100 eAEMode:1 eAEstate:2 CurrentidxF:113
07-25 21:40:09.979   723  5081 D MtkCam/HalSensorList: [querySecureState] Secure State is 0
07-25 21:40:09.979   723  5028 D awb_mgr : [setIspAwbInfo()] m_eSensorDev: 1, awb_gain: 988/512/819, PreGain1: 512/512/512, RPG: 988/512/819, PGN: 988/512/819, bAWBLock: 0 (m_bAWBLock:0, m_u4AWBMode:1)
07-25 21:40:09.979   723  5028 D Task3APv: [run] getSensorParams: m_u4PreRealISO(750), u4RealISO(750), m_preAwbGain(988, 512, 819), rAwbInfo.gain(988, 512, 819)
07-25 21:40:09.979   723  5028 D isp_tuning_custom: [evaluate_Shading_Ratio] sensorid(1379), preSensorId(1379), eSensorMode(2), preSensorMode(2), isSensorOrModeSwitch(0), isInit(0)
07-25 21:40:09.979   723  5028 D isp_tuning_custom: [iso_smooth][ISO smooth enabled][ISO idx(3340)]avgISO = 750.
07-25 21:40:09.979   723  5028 D isp_tuning_custom: [RA_smooth][RA smooth][frm idx(3340)] rto for iso(21), prev_rto(21),RA_incremental_step(2), smoothed ratio(21)
07-25 21:40:09.979   723  5028 D paramctrl_per_frame: put ratio with m_eSensorDev(1), i4Rto(21)
07-25 21:40:09.980   723  5028 D paramctrl_per_frame: [updateLscInfo] (flash, iso, rto)=(0, 750, 21), auto(1), lock(0,0,0), dyn(1), op(0), PreCapFlashIsLockRto(0), fgForceUnlock(0)
07-25 21:40:09.980   723  5028 D Task3APv: [run] Cam 1 : Req(#35)/Stt(#32)/i4Opt(0)/FlashOnOff(0) Lv(8)/ISO(750)/RGB(988,512,819) AFisLockAE(0) isLVChangeTooMuch(0) m_i4FrameCount(33) m_i4TsfFrameCount(34)
07-25 21:40:09.980   723  5028 W TuningMgr: TuningMgr[updateEngine] WARNING: [temp log] AF enable(1_0x100e02e0_0x808001e8)
07-25 21:40:09.980   723  5028 D TuningMgr: TuningMgr[enqueBuffer] magicNum(0x23)
07-25 21:40:09.980   723  4812 D ULog    : R AppRequest:35 M[CameraDevice:187001] +  :mtkcam-dev3 #38270
07-25 21:40:09.981   723  4812 D mtkcam-dev3-utils: [0-AppRequestUtil::createOneRequest] requestNumber[35]:StreamBuffer:0xb400007dbe81cf00 streamId:0 bufferId:1 buffer:0xb400007e2e818450 status:OK acquireFenceOp.hdl:0x7cde6082f8 releaseFenceOp.hdl:0x0 acquireFenceOp.fd:-1 releaseFenceOp.fd:-1 appBufferHandleHolder:0xb400007d8e857928 freeByOthers:0 / 
07-25 21:40:09.981   723  5081 D MtkCam/HalSensorList: [querySecureState] Secure State is 0
07-25 21:40:09.981   723  4812 D mtkcam-HDRPolicyHelper: [getSeamlessSmoothResult][Cam::0]frameType[3] requestAETargetMode=0 requestExpNum=0
07-25 21:40:09.981   723  5028 I MtkCam/P1NodeImp: [setupAction] [Cam::0 R35 S35 E35 D32 O32 #1] [P1::ENQ][Num Q:35 M:35 F:33 R:33 @35][Type:1 Out:x85 Rec:x0 Raw:1 Cap:0 Exe:1 Flush:x0] [Exp:30003000ns] [MetaCtrl][SCALER_CROP(1) (0,0_2016x1512) ][SENSOR_CROP(0)][RESIZER_SET(0)]
07-25 21:40:09.981   531  2449 E [GrallocExtra-ERROR]: gralloc_extra_query:105 gralloc_extra_query with NULL handle: 0x0
07-25 21:40:09.981   723  5028 D NormalPipe: [acceptEnqRequest] MyEnq:0: dma:0x8 pa(0x8100000)io(0_0_2016_1136_1920_1088) mag(0x23)|dma:0x6 pa(0x4F009E0)io(0_0_2016_1_2016_1) mag(0x23)|dma:0xf pa(0x9002300)io(0_0_256_1_256_1) mag(0x23)|dma:0xb pa(0xE400000)io(0_0_384_384_384_384) mag(0x23)|
07-25 21:40:09.982   723  5080 E AfAlgo  : Err:  6195: [AdpComp]Adaptive input error!! 
07-25 21:40:09.982   723  5080 E AfAlgo  : Err:  6279: [AdpComp]Adaptive input error
07-25 21:40:09.982   723  5080 D TaskAFNormal: [run] Cam 1 : Req(#35)/Stt(#33)/i4Opt(0)/FlashOnOff(0)
07-25 21:40:09.982  2345  2403 D C2OMXNode: dhy...mOsdPos:,,mOsdText:
07-25 21:40:09.982   723  4812 D MtkCam/ppl_context: [sendFrameToRootNodes] r35 frameNo:35 (X) -> 0x1 BUSY
07-25 21:40:09.984   723  5053 D SecMgr  : [SecMgr_GetSecurePortStatus] + (0x0x0)module:0x0 dma port:rrzo
07-25 21:40:09.985   723  5053 D SecMgr  : [SecMgr_GetSecurePortStatus] (0x0)DMA port (0x1) is not supported
07-25 21:40:09.985   723  5053 D ifunc_cam_buf: [waitBufReady] [0x0]:, [0x7900000] waitbufready pass
07-25 21:40:09.985   723  5053 D ifunc_cam_buf: [dequeueHwBuf] [0x0]:BUF_CTRL_RRZO:(0xd_0x0),PA(0x7900000_0xBC00800),FH_VA(0x7F775C3800),size(0x3bc400),cur sof(0),
07-25 21:40:09.985   723  5053 D SecMgr  : [SecMgr_GetSecurePortStatus] + (0x0x0)module:0x0 dma port:imgo
07-25 21:40:09.985   723  5053 D SecMgr  : [SecMgr_GetSecurePortStatus] (0x0)DMA port (0x0) is not supported
07-25 21:40:09.985   723  5053 D SecMgr  : [SecMgr_GetSecurePortStatus] + (0x0x0)module:0x0 dma port:
07-25 21:40:09.985   723  5053 D SecMgr  : [SecMgr_GetSecurePortStatus] + (0x0x0)module:0x0 dma port:lcso
07-25 21:40:09.985   723  5053 D NormalPipe: [ispDequeThread] N:0_deq@SOF_35
07-25 21:40:09.985   723  5053 D SecMgr  : [SecMgr_GetSecurePortStatus] + (0x0x0)module:0x0 dma port:rrzo
07-25 21:40:09.985   723  5044 D NormalPipe: [deque] MyDeq:0: dma:0x6 pa(0x4F00000) io(0_0_1_0_0_0_2016_1_2016_1) mag(0x21)|dma:0x8 pa(0x7900000) io(0_0_2016_1136_0_0_1920_1088_1920_1088) mag(0x21)|dma:0xb pa(0xE000000) io(0_0_0_0_0_0_0_0_0_0) mag(0x21)|dma:0xf pa(0x9002100) io(0_0_0_0_0_0_0_0_0_0) mag(0x21)|
07-25 21:40:09.985   723  5053 D SecMgr  : [SecMgr_GetSecurePortStatus] (0x0)DMA port (0x1) is not supported
07-25 21:40:09.985   723  5044 W fsc_hal : [processResult]image_scale_output.image_scale == 0
07-25 21:40:09.986   723  5044 D fsc_hal : [processResult]P magic(33) dac(258) ET(30003) EIS(0), CB magic(33), factor(1.000000), sensor(2016,1136), RRZO: c(0,0,2016,1136) s(1920,1088) f(0.000000,0.000000,1920.000000,1088.000000),RSSO: s(0,0), f(0.000000,0.000000,0.000000,0.000000)
07-25 21:40:09.986   723  5044 D MtkCam/HalSensorList: [querySecureState] Secure State is 0
07-25 21:40:09.986   723  5044 D MtkCam/HalSensor: [destroyInstance] HalSensor destroyInstance count = 6, caller =MtkCam/P1NodeUtility
07-25 21:40:09.986   723  5044 D MtkCam/BaseHeap: [IonHeap::unlockBufLocked] Hal:Image:P1:Fullraw_main1:Size2016x1:Stride2520.0.0:Sn1@ still locked (2)
07-25 21:40:09.986   723  5044 I MtkCam/P1NodeImp: [releaseAction] [Cam::0 R35 S35 E35 D33 O32 #1] [P1::DEQ][Num Q:33 M:33 F:31 R:31 @33][Type:1 Out:x85 Rec:x0 Raw:1 Cap:0 Exe:3 Flush:x0] job(0/1) IMG(pure) RRZ0(0-0-2016x1136)(0-0-1920x1088)(1920x1088) T-ns(EXP: 30003000)(Src:0)(SOF: m_948654657000 b_948654651000)(SS: 948624654000) ExpExtend(0, 0)Q(Sen
07-25 21:40:09.987   723  5047 I MtkCam/P1NodeImp: [releaseFrame] [Cam::0 R35 S35 E35 D33 O33 #1] [P1::OUT][Num Q:33 M:33 F:31 R:31 @33][Type:1 Out:x85 Rec:x0 Raw:1 Cap:0 Exe:3 Flush:x0] [Release-0] [DispatchFrame]
07-25 21:40:09.987   723  5047 D MtkCam/ppl_context: [onDispatchFrame] r31 frameNo:31 0x1 -> 0x15 READY(1/1)
07-25 21:40:09.987   723  5047 D MtkCam/P2/MWFrameRequest: [printIOMap] P2S cam 0 MWFrame:#31 MWReq:#31, frame 32 : iomap: [0]=>img[2/1], meta[3/2], fps[29.56]
07-25 21:40:09.988   723  5062 D MtkCam/P2/StreamingProcessor: [makePayLoad] P2S cam 0 MWFrame:#31 MWReq:#31, frame 32-0 : masterID(0) #Requests(1) merged into #RequestsPacks(1), PendingPayload(1), p1Ts=0000948627154000
07-25 21:40:09.988   723  5062 D MtkCam/StreamingPipe/Data: [calNonLargeSrcCrop]sID(0), imgoIn(0), srcCrop(0,0,1920x1088), isSrcCrop(0), mP2Pack Valid(1), imgo(0x0),rrz(1920x1088)
07-25 21:40:09.989   723  5062 D MtkCam/StreamingPipe/Pipe: [prepareIORequest]P2S cam 0 MWFrame:#31 MWReq:#31, frame 32-32  master/slave/fd(0/-1/0) ReqNo(32), feature=0x8008(3DNR+FSC), cycle(33), fps(n/a)=(30/30), ZoomROI((1442.539673x1088.000000)@(238.730179,0.000000)) SFPIOMgr:[sID(0)--IMG(0x0/0),RRZ(0xb400007e0e814170/1),LCS(0xb400007e0e829890/1),LCSH(0x0/0),pRSS(0x0/0),cRSS(0x0/0),RSSR2(0x0/0),FYuv(0x0/0),RYuv1(0x0/0),RYuv2(0x0/0),mAIYuv(0x0/0),HalI(0xb400007dbe81fa50),AppI(0xb400007e2e81a678),AppDI(0xb400007dbe81ce90),AppOver(0x0)]{path(GEN),halO(0xb400007e2e82ff70),appO(0xb400007e2e82b270),Outs--[buf(0xb400007e0e80fa90/1)(320x240),tran(0),type(1), tar(disp), prof(0), crop(238.730179,0.000000,1442.539673x1088.000000), flag(0x0)]Tuning--id(0)--[flag(5)]}
07-25 21:40:09.990   723  5060 D isp_mgr_sl2: DIP_X_SL2H_RZ is (SL2_VRZ_COM, SL2_HRZ_COM) = (2138, 2150), (i4RzWidth, i4Width) = (1920, 2016), (i4RzHeight, i4Height) = (1088, 1136)
07-25 21:40:09.990   723  5060 D isp_mgr_sl2: profile is 1, DIP_X_SL2H_RZ is (0x085a0866)
07-25 21:40:09.990   723  5060 D isp_mgr_nr3d: NR3D_EN(1), SL2E_EN(1), x,y,w,h(0,0,1920,1088), full x,y,w,h(0,0,1920,1088),vipi offst(0) w,h(1920,1088), R2C en(1) cnt(1,1,9,5)
07-25 21:40:09.990   723  5060 D MtkCam/StreamingPipe/P2ANode: [enqueFeatureStream] P2S cam 0 MWFrame:#31 MWReq:#31, frame 32-32 :sensor(0) Frame 32 enque start
07-25 21:40:09.991   723  5055 D Iop/p2HPEQNode: [doEnque] sDrvScen:0, CQIdx:0, dupCQIdx:1, burstQIdx:0, RingBufIndex:31,  mTuningData ptr:780771492
07-25 21:40:09.991   723  5055 D PostProcPipe: [PrintPipePortInfo] vInPorts:FN(31),RN(31),TS(0xde95a450),UK(0xcc183a0),Sec(0),[0]:(0x2205),w(1920),h(1088),stride(3600,0,0),type(0),idx(19),dir(0),Size(0x003bc400,0x00000000,0x00000000),VA(0x7c87acf000,0x0,0x0),PA(0x7900000,0x0,0x0),secPort(0),
07-25 21:40:09.991   723  5055 D PostProcPipe:                       vInPorts:FN(31),RN(31),TS(0xde95a450),UK(0xcc183a0),Sec(0),[1]:(0x32315659),w(1920),h(1088),stride(1920,960,960),type(0),idx(22),dir(0),Size(0x001fe000,0x0007f800,0x0007f800),VA(0x7c864cb000,0x7c866c9000,0x7c86748800),PA(0x9e00000,0x9ffe000,0xa07d800),secPort(0),
07-25 21:40:09.991   723  5055 D PostProcPipe:                       vInPorts:FN(31),RN(31),TS(0xde95a450),UK(0xcc183a0),Sec(0),[2]:(0x2401),w(200),h(112),stride(768,0,0),type(0),idx(26),dir(0),Size(0x00048000,0x00000000,0x00000000),VA(0x7cd0e61000,0x0,0x0),PA(0xe000000,0x0,0x0),secPort(0)
07-25 21:40:09.991   723  5055 D PostProcPipe: [PrintPipePortInfo] vOutPorts:FN(31),RN(31),TS(0xde95a450),UK(0xcc183a0),Sec(0),[0]:(0x32315659),w(1920),h(1088),stride(1920,960,960),type(0),idx(32),dir(1),Size(0x001fe000,0x0007f800,0x0007f800),VA(0x7c861cd000,0x7c863cb000,0x7c8644a800),PA(0xa100000,0xa2fe000,0xa37d800),secPort(0),
07-25 21:40:09.991   723  5055 D PostProcPipe:                       vOutPorts:FN(31),RN(31),TS(0xde95a450),UK(0xcc183a0),Sec(0),[1]:(0x11),w(320),h(240),stride(320,320,0),type(0),idx(38),dir(1),Size(0x00012c00,0x00009600,0x00000000),VA(0x7f7732a000,0x7f7733cc00,0x0),PA(0xde00000,0xde12c00,0x0),secPort(0)
07-25 21:40:09.991   723  5055 D PostProcPipe: [configPipe] [Imgi][crop_1](x,f_x,y,f_y)=(0,0,0,0),(w,f_w,h,f_h)=(0,0,0,0),(tarW,tarH)=(0,0)-
07-25 21:40:09.991   723  5055 D PostProcPipe:                     [crop_2](x,f_x,y,f_y)=(238,765648,0,0),(w,f_w,h,f_h)=(1442,565888,1088,0),(tarW,tarH)=(320,240)-
07-25 21:40:09.991   723  5055 D PostProcPipe:                     [crop_3](x,f_x,y,f_y)=(0,0,0,0),(w,f_w,h,f_h)=(0,0,0,0),(tarW,tarH)=(0,0),dupCqIdx(1),[vipi]ofst(0),rW/H(1920/1088)
07-25 21:40:09.991   723  5055 D PostProcPipe: ,                    isDipOnly(0), hwmodule(9/0), dipCQ/dup/burst(0/1/0), drvSc(0), isWtf(1),tdr_tpipe(0),en_yuv/yuv2/rgb/dma/fmt_sel/ctl_sel/misc (0x11e07df8/0xf0/0x1400f9/0x20e0f1/0x30480409/0x16040/0x10), tcm(0xa/0x9fd8e1e3/0xe807b3c), last(1), CRZ_EN(0), img3o ofset(0,0),userName(),PIX_ID(3),ImgBuf_PIX_ID(3),tv_sec(1784986810),tv_usec(23898)
07-25 21:40:09.991   723  5055 D iio/ifunc_dip: [ConfigDipPipe] moduleIdx(0), pDipWBuf(0xce827b28), m_pIspDescript_phy(0x91ba000), m_pIspDescript_vir(0x8a70f000), m_pIspVirRegAddr_pa(0x91bb000), m_pIspVirRegAddr_va(0x8a710000)
07-25 21:40:09.992   723  5056 D iio/ifunc_dip: [enable] thiscq(0), frameflag(0x1), ring_index(31), ref_ringbufidx(30)
07-25 21:40:09.992   723  5056 D MdpMgr  : [updateDpStreamMap] refObjectCqIdx:0, refObjectRingBufIdx:1,cqIdx:0,ringIdx:31,refringbufidx:30
07-25 21:40:09.992   723  5056 D MdpMgr  : [selectDpIspStream] [selectDpIspStream] cqIdx(0/1/0/31_0/1),sceID(0)
07-25 21:40:09.992   723  5056 D MdpMgr  : [_startMdp] dstFmt(657,4982892)
07-25 21:40:09.993   723  5056 D MdpMgr  : [_startMdp] +sceID(0),cqPa(0x91ba000)-Va(0x7c8a70f000),tpipVa(0x7c8a164000)-Pa(0x9310000),isWaitB(1),cqIndx(0/1/0/31),venc(0),(va: 0x7c8a164000),        srcFt(0x2205),W(1920),H(1088),stride(3600,0),size(0x3bc400-0x0-0x0),VA(0x    ffff),PA(0x 7900000),plane(1),Stmtype(1)
07-25 21:40:09.993   723  5056 D MdpMgr  :         wdma_en(1),idx(0),cap(3),ft(17),rt(0),fp(0),(w,h,s)=(320,240,320),C(w,h,s)=(320,120,320),V(w,h,s)=(0,0,0),mdpidx(0),
07-25 21:40:09.993   723  5056 D MdpMgr  :         wrot_en(0),idx(1),cap(0),ft(0),rt(0),fp(0),(w,h,s)=(0,0,0),C(w,h,s)=(0,0,0),V(w,h,s)=(0,0,0),mdpidx(0),
07-25 21:40:09.993   723  5056 D MdpMgr  :         jpg_en(0),idx(2),cap(0),ft(0),rt(0),fp(0),(w,h,s)=(0,0,0),C(w,h,s)=(0,0,0),V(w,h,s)=(0,0,0),mdpidx(1),
07-25 21:40:09.993   723  5056 D MdpMgr  :         pipe_en(0),idx(3),cap(0),ft(0),rt(0),fp(0),(w,h,s)=(0,0,0),C(w,h,s)=(0,0,0),V(w,h,s)=(0,0,0),mdpidx(2),
07-25 21:40:09.993   723  5056 D MdpMgr  :         (va:0x7c8a164000,dstpa:0x9310000)
07-25 21:40:09.993   723  5056 D MdpMgr  : flag(0_0x1->0x1),startStm(1021 us),WDPQ(0x       0),WRPQ(0x       0),tv_sec(1784986810),tv_usec(23898)
07-25 21:40:09.993   723  5056 D Iop/p2HPEQNode: [doMdpStart] frameUnit.idxofwaitDQFrmPackList (0x5e812e78_0_0_1, 0_0_1_0)
07-25 21:40:09.993   723  5057 D MdpMgr  : [selectDpIspStream] [selectDpIspStream] cqIdx(0/1/0/31_0/1),sceID(0)
07-25 21:40:10.000   723  5057 D MdpMgr  : [_dequeueBuf] +,cqIndx(0/1/0/31),sceID(0),deqIndex(1),isWaitBuf(1),
07-25 21:40:10.000   723  5057 D MdpMgr  :         deqIndex(1), dequeTime(6339 us)
07-25 21:40:10.000   723  5057 D MdpMgr  : [selectDpIspStream] [selectDpIspStream] cqIdx(0/1/0/31_0/1),sceID(0)
07-25 21:40:10.000   723  5057 D MdpMgr  : [_dequeueBuf] +,cqIndx(0/1/0/31),sceID(0),deqIndex(0),isWaitBuf(1),
07-25 21:40:10.000   723  5057 D MdpMgr  :         deqIndex(0), dequeTime(31 us)
07-25 21:40:10.000   723  5057 D MdpMgr  : [selectDpIspStream] [selectDpIspStream] cqIdx(0/1/0/31_0/1),sceID(0)
07-25 21:40:10.000   723  5057 D MtkCam/StreamingPipe/P2ANode: [onDIPStreamBaseCB] P2S cam 0 MWFrame:#31 MWReq:#31, frame 32-32 :sensor(0) Frame 32 enque done in 9 ms, result = 1
07-25 21:40:10.000   723  5057 D Iop/p2HPDQNode: [doDeque] +,tag(2),idx(0),p2CQ(0/1/0/31),
07-25 21:40:10.000   723  5057 D Iop/p2HPDQNode:                          +,tag(1),idx(0),p2CQ(0/1),
07-25 21:40:10.000   723  5057 D Iop/p2HPDQNode:                          -,cb(293 us)
07-25 21:40:10.001   723  5061 D MtkCam/P2/MWFrame: [doRelease] P2S cam 0 MWFrame:#31 MWReq:#31, frame 32 : all streams(8), using(0), status: s0:d0:App:YCrCb_420_SP:0|HW_TEXTURE(1),Meta:App:Control(1),Hal:Image:P1:Resizeraw_main1(1),Hal:Image:STT_main1(1),Hal:Meta:P1:Dynamic_main1(1),Hal:Meta:P2:Dynamic(1),App:Meta:DynamicP1_main1(1),App:Meta:DynamicP2(1),
07-25 21:40:10.002   723  5025 D mtkcam-AppStreamMgr: [0-FrameHandler::updateResult] requestNo 31, real time:0, last partial:1
07-25 21:40:10.002   723  5025 D ULog    : R AppRequest:31 M[CameraDevice:187001] -  :mtkcam-AppStreamMgr #38271
07-25 21:40:10.002   723  5061 D mtkcam-pipeline: [onLastStrongRef] [ requestNo:31 frameNo:31 ] frame end
07-25 21:40:10.003   723  5061 D MtkCam/StreamingPipe/Timer: [print]Frame timer [#   32/   0][t  12][io   0][tof  0/  0][d  0/  0][mss  0/  0/  0/  0][a 11/  1/  9][tun  0/  0][msf  0/  0][vnr  0/  0/  0][am  0][b  0/  0][tpi(  0/  0)/(  0/  0)/(  0/  0)][vmdp_A  0/  0 vmdp_B  0/  0][h  2/  0/  0][e  0][r  0/  0][w_A  0/  0/  0/  0 w_B  0/  0/  0/  0][x  0][disp  0/  0][async  0/  0][p2sm  0/  0/  0][fps29.53/29.53/ 30/ 30]
07-25 21:40:10.010   723  5028 D HwIRQ3A : [wait] VSIrq
07-25 21:40:10.010   723  5052 D NormalPipe: [enqueRequest] +N:0 CurSof:36 enqCnt:34 cqCnt(p/v):34/34 FrameStatus(2)
07-25 21:40:10.010   723  5052 D NormalPipe: [configEnquePath] N:0 configFrame event:1 multiSenNum:2 occupy:0 status:1(2) fsm:0 depth:0
07-25 21:40:10.010   723  5052 D NormalPipe: [dmaCfg] N:0 dma:x8 cmd:0x101a, crop:(0,0,2016,1136), outsize:(1920,1088)
07-25 21:40:10.010   723  5028 I MtkCam/P1NodeImp: [setRequest] [Cam::0 R36 S36 E35 D33 O33 #0] [P1::SET][Num Q:36 M:36 F:34 R:34 @0][Type:1 Out:x85 Rec:x0 Raw:1 Cap:0 Exe:1 Flush:x0] Num[36] Ctrl[1]=[ 36 ]
07-25 21:40:10.010   723  5052 D NormalPipe: [dmaCfg] N:0 dma:x6 cmd:0x101c, crop:(0,0,2016,1), outsize:(2016,1)
07-25 21:40:10.011   723  4812 E camiopipe: [vendor/mediatek/proprietary/hardware/mtkcam/drv/src/isp/mt6768/imageio/pipe/CamIOPipe/CamIOPipe.cpp, sendCommand, line3805] ERROR: [0x0]:NOT support command! (sendCommand){#3805:vendor/mediatek/proprietary/hardware/mtkcam/drv/src/isp/mt6768/imageio/pipe/CamIOPipe/CamIOPipe.cpp}
07-25 21:40:10.011   723  4812 E camiopipe: [vendor/mediatek/proprietary/hardware/mtkcam/drv/src/isp/mt6768/imageio/pipe/CamIOPipe/CamIOPipe.cpp, sendCommand, line3812] ERROR: [0x0]:sendCommand(0x1500) error! (sendCommand){#3812:vendor/mediatek/proprietary/hardware/mtkcam/drv/src/isp/mt6768/imageio/pipe/CamIOPipe/CamIOPipe.cpp}
07-25 21:40:10.011   723  5028 D aao_buf_mgr: [updateInfo] mMagicNumber(33), i4SubsampleCount(1)
07-25 21:40:10.011   723  4812 E NormalPipe: [vendor/mediatek/proprietary/hardware/mtkcam/drv/src/isp/mt6768/iopipe/CamIO/NormalPipe.cpp, sendCommand, line3773] ERROR: error: sendCommand fail: (cmd,arg1,arg2,arg3)=(0x00001500,0x7C9EA4FF40,0x7C9EA4FF44,0xB400007ECE8158EC) (sendCommand){#3773:vendor/mediatek/proprietary/hardware/mtkcam/drv/src/isp/mt6768/iopipe/CamIO/NormalPipe.cpp}
07-25 21:40:10.011   723  4812 D Hal3Av3 : [parseMeta] Return to AP AE_REGIONS L(0) T(0) R(0) B(0) W(0)
07-25 21:40:10.011   723  5052 D ifunc_cam_tuning: [update] [0x0]:CAM_TUNING_CTRL - EN:0x100e02e0 DMA:0x808001e8
07-25 21:40:10.011   723  4812 D Hal3Av3 : [parseMeta] Return to AP AF_REGIONS L(0) T(0) R(0) B(0) W(0)
07-25 21:40:10.011   723  4812 D Hal3Av3 : [parseMeta] Return to AP AWB_REGIONS L(0) T(0) R(0) B(0) W(0)
07-25 21:40:10.011   723  5052 D LMVDrv  : [GetLMVStatusAndUpdate]Suspicous clear, driver may drop frame and now in new pipeline: magicNum(35)=bypass(0)
07-25 21:40:10.011   723  5052 W LMVDrv  : [GetLMVStatusAndUpdate]Cannot find magicNum(0) in queue(0)
07-25 21:40:10.011   723  4812 D Hal3Av3 : [parseMeta] MTK_SENSOR_TEST_PATTERN_DATA(0, 0, 0, 0)
07-25 21:40:10.011   723  4812 I MtkCam/P1NodeImp: [runQueue] [Cam::0 R36 S36 E35 D33 O33 #1] [P1::REQ][Num Q:37 M:0 F:35 R:35 @0][Type:1 Out:x85 Rec:x0 Raw:1 Cap:0 Exe:1 Flush:x0] [META ze:0 ci:3 rt:-1 tn:-1 qc:-1 fi:-1 fr:-1] [New-Request][0] [0] [IMGO:1 (-1,-1)] [Gp:255/0] IOmap-Img[1]=<0_I[0]{}_O[2]{0x100000003,0x100000004}>-Meta[1]=<0_I[2]{0x80000000,0x100000018}_O[2]{0x10000001b,0x100000024}> CfgStream-Img[OutIMG:0x100000001(0),OutRRZ:0x100000003(1),OutLCS:0x100000004(1)]-Meta[InAPP:0x80000000(1),InHAL:0x100000018(1),OutAPP:0x100000024(1),OutHAL:0x10000001b(1)]  | [PreSet][Key:37] Num(0) Dummy(0) MetaCnt[APP:66,HAL:17] | [Rev:0] depth(1) burst(1) Que[1]
07-25 21:40:10.011   723  4812 D MtkCam/ppl_context: [sendFrameToRootNodes] r35 frameNo:35 (X) -> 0x1 success; erase record
07-25 21:40:10.011   723  5052 D camiopipe: [sendCommand] [0x0]:[0]P1_UPDATE_CHECK CTL_EN(0x11bebee3) +[0_0]:0x11bebee3 [1_0]:0x11bebee3 [2_0]:0x11bebee3 -[0_0]:0x11bebee3 [1_0]:0x11bebee3 [2_0]:0x11bebee3 
07-25 21:40:10.011   723  5052 D NormalPipe: [frameToEnque] - sof(36)
07-25 21:40:10.011   723  5052 D NormalPipe: [enqueRequest] -
07-25 21:40:10.011   723  5028 D AeFlowDefault: [monitorAndReschedule:Perframe AE] Calc:1 Apply:1 Magic:33 AEMonitorStable:1 VdCnt:0 u4CwvYcur:0 u4CwvYpre:0 
07-25 21:40:10.012   723  5028 D ae_mgr  : [updateAEInfo2ISP] State:0 VDNum:0 Shutter:30003 Gain:9040 1024 750 Flare offset:0 512 FrameDuration:33350000 DisableOBC:0 ExpRatio:100 eAEMode:1 eAEstate:2 CurrentidxF:113
07-25 21:40:10.012   723  5081 D MtkCam/HalSensorList: [querySecureState] Secure State is 0
07-25 21:40:10.012   723  5028 D awb_mgr : [setIspAwbInfo()] m_eSensorDev: 1, awb_gain: 988/512/824, PreGain1: 512/512/512, RPG: 988/512/824, PGN: 988/512/824, bAWBLock: 0 (m_bAWBLock:0, m_u4AWBMode:1)
07-25 21:40:10.012   723  5028 D Task3APv: [run] getSensorParams: m_u4PreRealISO(750), u4RealISO(750), m_preAwbGain(988, 512, 819), rAwbInfo.gain(988, 512, 824)
07-25 21:40:10.012   723  5028 D isp_tuning_custom: [evaluate_Shading_Ratio] sensorid(1379), preSensorId(1379), eSensorMode(2), preSensorMode(2), isSensorOrModeSwitch(0), isInit(0)
07-25 21:40:10.012   723  5028 D isp_tuning_custom: [iso_smooth][ISO smooth enabled][ISO idx(3341)]avgISO = 750.
07-25 21:40:10.012   723  5028 D isp_tuning_custom: [RA_smooth][RA smooth][frm idx(3341)] rto for iso(21), prev_rto(21),RA_incremental_step(2), smoothed ratio(21)
07-25 21:40:10.012   723  5028 D paramctrl_per_frame: put ratio with m_eSensorDev(1), i4Rto(21)
07-25 21:40:10.012   723  5028 D paramctrl_per_frame: [updateLscInfo] (flash, iso, rto)=(0, 750, 21), auto(1), lock(0,0,0), dyn(1), op(0), PreCapFlashIsLockRto(0), fgForceUnlock(0)
07-25 21:40:10.013   560   560 I BufferQueueProducer: [VDS-anlink SCRATCH](this:0xb40000777c0b96b0,id:-1,api:1,p:560,c:560) queueBuffer: fps=26.96 dur=1001.30 max=67.95 min=16.17
07-25 21:40:10.013   723  5028 D Task3APv: [run] Cam 1 : Req(#36)/Stt(#33)/i4Opt(0)/FlashOnOff(0) Lv(8)/ISO(750)/RGB(988,512,824) AFisLockAE(0) isLVChangeTooMuch(0) m_i4FrameCount(34) m_i4TsfFrameCount(35)
07-25 21:40:10.013   723  5028 W TuningMgr: TuningMgr[updateEngine] WARNING: [temp log] AF enable(1_0x100e02e0_0x808001e8)
07-25 21:40:10.013   723  5028 D TuningMgr: TuningMgr[enqueBuffer] magicNum(0x24)
07-25 21:40:10.013   723  4812 D ULog    : R AppRequest:36 M[CameraDevice:187001] +  :mtkcam-dev3 #38272
07-25 21:40:10.014   723  4812 D mtkcam-dev3-utils: [0-AppRequestUtil::createOneRequest] requestNumber[36]:StreamBuffer:0xb400007dbe81cf00 streamId:0 bufferId:3 buffer:0xb400007e2e83efd0 status:OK acquireFenceOp.hdl:0x7cde6082f8 releaseFenceOp.hdl:0x0 acquireFenceOp.fd:-1 releaseFenceOp.fd:-1 appBufferHandleHolder:0xb400007d8e83c4a8 freeByOthers:0 / 
07-25 21:40:10.014   531   679 I hwcomposer: [HWCDisplay] [Display_2 (type:2)] fps:26.954664,dur:1001.68,max:67.89,min:15.89  
07-25 21:40:10.014   723  5028 I MtkCam/P1NodeImp: [setupAction] [Cam::0 R36 S36 E36 D33 O33 #1] [P1::ENQ][Num Q:36 M:36 F:34 R:34 @36][Type:1 Out:x85 Rec:x0 Raw:1 Cap:0 Exe:1 Flush:x0] [Exp:30003000ns] [MetaCtrl][SCALER_CROP(1) (0,0_2016x1512) ][SENSOR_CROP(0)][RESIZER_SET(0)]
07-25 21:40:10.014   723  5028 D NormalPipe: [acceptEnqRequest] MyEnq:0: dma:0x8 pa(0x8500000)io(0_0_2016_1136_1920_1088) mag(0x24)|dma:0x6 pa(0x4F00000)io(0_0_2016_1_2016_1) mag(0x24)|dma:0xf pa(0x9002400)io(0_0_256_1_256_1) mag(0x24)|dma:0xb pa(0xE500000)io(0_0_384_384_384_384) mag(0x24)|
07-25 21:40:10.014   723  4812 D mtkcam-HDRPolicyHelper: [getSeamlessSmoothResult][Cam::0]frameType[3] requestAETargetMode=0 requestExpNum=0
07-25 21:40:10.015   531  2449 E [GrallocExtra-ERROR]: gralloc_extra_query:105 gralloc_extra_query with NULL handle: 0x0
07-25 21:40:10.015   723  5081 D MtkCam/HalSensorList: [querySecureState] Secure State is 0
07-25 21:40:10.015  2345  2403 D C2OMXNode: dhy...mOsdPos:,,mOsdText:
07-25 21:40:10.015   723  5080 E AfAlgo  : Err:  6195: [AdpComp]Adaptive input error!! 
07-25 21:40:10.016   723  5080 E AfAlgo  : Err:  6279: [AdpComp]Adaptive input error
07-25 21:40:10.016   723  5080 D TaskAFNormal: [run] Cam 1 : Req(#36)/Stt(#34)/i4Opt(0)/FlashOnOff(0)
07-25 21:40:10.016   723  4812 D MtkCam/ppl_context: [sendFrameToRootNodes] r36 frameNo:36 (X) -> 0x1 BUSY
07-25 21:40:10.016   560   560 I BufferQueueProducer: [VDS-anlink SINK](this:0xb40000777c0b9620,id:-1,api:1,p:560,c:560) queueBuffer: fps=26.92 dur=1002.81 max=68.05 min=16.39
07-25 21:40:10.018   531   679 I hwcomposer: [HWCDisplay] [Display_0 (type:1)] fps:26.916164,dur:1003.11,max:68.00,min:16.43  
07-25 21:40:10.018   723  5053 D SecMgr  : [SecMgr_GetSecurePortStatus] + (0x0x0)module:0x0 dma port:rrzo
07-25 21:40:10.018   723  5053 D SecMgr  : [SecMgr_GetSecurePortStatus] (0x0)DMA port (0x1) is not supported
07-25 21:40:10.018   723  5053 D ifunc_cam_buf: [waitBufReady] [0x0]:, [0x7d00000] waitbufready pass
07-25 21:40:10.018   723  5053 D ifunc_cam_buf: [dequeueHwBuf] [0x0]:BUF_CTRL_RRZO:(0xd_0x0),PA(0x7D00000_0xBC00880),FH_VA(0x7F775C3880),size(0x3bc400),cur sof(0),
07-25 21:40:10.018   723  5053 D SecMgr  : [SecMgr_GetSecurePortStatus] + (0x0x0)module:0x0 dma port:imgo
07-25 21:40:10.018   723  5053 D SecMgr  : [SecMgr_GetSecurePortStatus] (0x0)DMA port (0x0) is not supported
07-25 21:40:10.018   723  5053 D SecMgr  : [SecMgr_GetSecurePortStatus] + (0x0x0)module:0x0 dma port:
07-25 21:40:10.019   723  5053 D SecMgr  : [SecMgr_GetSecurePortStatus] + (0x0x0)module:0x0 dma port:lcso
07-25 21:40:10.019   723  5044 D NormalPipe: [deque] MyDeq:0: dma:0x6 pa(0x4F013C0) io(0_0_1_0_0_0_2016_1_2016_1) mag(0x22)|dma:0x8 pa(0x7D00000) io(0_0_2016_1136_0_0_1920_1088_1920_1088) mag(0x22)|dma:0xb pa(0xE200000) io(0_0_0_0_0_0_0_0_0_0) mag(0x22)|dma:0xf pa(0x9002200) io(0_0_0_0_0_0_0_0_0_0) mag(0x22)|
07-25 21:40:10.019   723  5053 D NormalPipe: [ispDequeThread] N:0_deq@SOF_36
07-25 21:40:10.019   723  5053 D SecMgr  : [SecMgr_GetSecurePortStatus] + (0x0x0)module:0x0 dma port:rrzo
07-25 21:40:10.019   723  5053 D SecMgr  : [SecMgr_GetSecurePortStatus] (0x0)DMA port (0x1) is not supported
07-25 21:40:10.019   723  5044 W fsc_hal : [processResult]image_scale_output.image_scale == 0
07-25 21:40:10.019   723  5044 D fsc_hal : [processResult]P magic(34) dac(258) ET(30003) EIS(0), CB magic(34), factor(1.000000), sensor(2016,1136), RRZO: c(0,0,2016,1136) s(1920,1088) f(0.000000,0.000000,1920.000000,1088.000000),RSSO: s(0,0), f(0.000000,0.000000,0.000000,0.000000)
07-25 21:40:10.019   723  5044 D MtkCam/HalSensorList: [querySecureState] Secure State is 0
07-25 21:40:10.019   723  5044 D MtkCam/HalSensor: [destroyInstance] HalSensor destroyInstance count = 6, caller =MtkCam/P1NodeUtility
07-25 21:40:10.020   723  5044 D MtkCam/BaseHeap: [IonHeap::unlockBufLocked] Hal:Image:P1:Fullraw_main1:Size2016x1:Stride2520.0.0:Sn3@ still locked (2)
07-25 21:40:10.020   723  5044 I MtkCam/P1NodeImp: [releaseAction] [Cam::0 R36 S36 E36 D34 O33 #1] [P1::DEQ][Num Q:34 M:34 F:32 R:32 @34][Type:1 Out:x85 Rec:x0 Raw:1 Cap:0 Exe:3 Flush:x0] job(0/1) IMG(pure) RRZ0(0-0-2016x1136)(0-0-1920x1088)(1920x1088) T-ns(EXP: 30003000)(Src:0)(SOF: m_948688435000 b_948688429000)(SS: 948658432000) ExpExtend(0, 0)Q(Sen
07-25 21:40:10.020   723  5047 I MtkCam/P1NodeImp: [releaseFrame] [Cam::0 R36 S36 E36 D34 O34 #1] [P1::OUT][Num Q:34 M:34 F:32 R:32 @34][Type:1 Out:x85 Rec:x0 Raw:1 Cap:0 Exe:3 Flush:x0] [Release-0] [DispatchFrame]
07-25 21:40:10.020   723  5047 D MtkCam/ppl_context: [onDispatchFrame] r32 frameNo:32 0x1 -> 0x15 READY(1/1)
07-25 21:40:10.021   723  5047 D MtkCam/P2/MWFrameRequest: [printIOMap] P2S cam 0 MWFrame:#32 MWReq:#32, frame 33 : iomap: [0]=>img[2/1], meta[3/2], fps[29.56]
07-25 21:40:10.022   723  5062 D MtkCam/P2/StreamingProcessor: [makePayLoad] P2S cam 0 MWFrame:#32 MWReq:#32, frame 33-0 : masterID(0) #Requests(1) merged into #RequestsPacks(1), PendingPayload(1), p1Ts=0000948660932000
07-25 21:40:10.022   723  5062 D MtkCam/StreamingPipe/Data: [calNonLargeSrcCrop]sID(0), imgoIn(0), srcCrop(0,0,1920x1088), isSrcCrop(0), mP2Pack Valid(1), imgo(0x0),rrz(1920x1088)
07-25 21:40:10.023   723  5062 D MtkCam/StreamingPipe/Pipe: [prepareIORequest]P2S cam 0 MWFrame:#32 MWReq:#32, frame 33-33  master/slave/fd(0/-1/0) ReqNo(33), feature=0x8008(3DNR+FSC), cycle(33), fps(n/a)=(30/30), ZoomROI((1442.539673x1088.000000)@(238.730179,0.000000)) SFPIOMgr:[sID(0)--IMG(0x0/0),RRZ(0xb400007e0e81a8f0/1),LCS(0xb400007e0e82cd70/1),LCSH(0x0/0),pRSS(0x0/0),cRSS(0x0/0),RSSR2(0x0/0),FYuv(0x0/0),RYuv1(0x0/0),RYuv2(0x0/0),mAIYuv(0x0/0),HalI(0xb400007dbe812fc0),AppI(0xb400007e2e8307f8),AppDI(0xb400007dbe813960),AppOver(0x0)]{path(GEN),halO(0xb400007e2e810230),appO(0xb400007e2e81b830),Outs--[buf(0xb400007e0e82fef0/1)(320x240),tran(0),type(1), tar(disp), prof(0), crop(238.730179,0.000000,1442.539673x1088.000000), flag(0x0)]Tuning--id(0)--[flag(5)]}
07-25 21:40:10.025   723  5060 D isp_mgr_sl2: DIP_X_SL2H_RZ is (SL2_VRZ_COM, SL2_HRZ_COM) = (2138, 2150), (i4RzWidth, i4Width) = (1920, 2016), (i4RzHeight, i4Height) = (1088, 1136)
07-25 21:40:10.025   723  5060 D isp_mgr_sl2: profile is 1, DIP_X_SL2H_RZ is (0x085a0866)
07-25 21:40:10.025   723  5060 D isp_mgr_nr3d: NR3D_EN(1), SL2E_EN(1), x,y,w,h(0,0,1920,1088), full x,y,w,h(0,0,1920,1088),vipi offst(0) w,h(1920,1088), R2C en(1) cnt(2,2,10,6)
07-25 21:40:10.025   723  5060 D MtkCam/StreamingPipe/P2ANode: [enqueFeatureStream] P2S cam 0 MWFrame:#32 MWReq:#32, frame 33-33 :sensor(0) Frame 33 enque start
07-25 21:40:10.026   723  5055 D Iop/p2HPEQNode: [doEnque] sDrvScen:0, CQIdx:0, dupCQIdx:0, burstQIdx:0, RingBufIndex:32,  mTuningData ptr:780587172
07-25 21:40:10.026   723  5055 D PostProcPipe: [PrintPipePortInfo] vInPorts:FN(32),RN(32),TS(0xe0990da0),UK(0xcc183a0),Sec(0),[0]:(0x2205),w(1920),h(1088),stride(3600,0,0),type(0),idx(19),dir(0),Size(0x003bc400,0x00000000,0x00000000),VA(0x7c71e84000,0x0,0x0),PA(0x7d00000,0x0,0x0),secPort(0),
07-25 21:40:10.026   723  5055 D PostProcPipe:                       vInPorts:FN(32),RN(32),TS(0xe0990da0),UK(0xcc183a0),Sec(0),[1]:(0x32315659),w(1920),h(1088),stride(1920,960,960),type(0),idx(22),dir(0),Size(0x001fe000,0x0007f800,0x0007f800),VA(0x7c861cd000,0x7c863cb000,0x7c8644a800),PA(0xa100000,0xa2fe000,0xa37d800),secPort(0),
07-25 21:40:10.026   723  5055 D PostProcPipe:                       vInPorts:FN(32),RN(32),TS(0xe0990da0),UK(0xcc183a0),Sec(0),[2]:(0x2401),w(200),h(112),stride(768,0,0),type(0),idx(26),dir(0),Size(0x00048000,0x00000000,0x00000000),VA(0x7cd0daa000,0x0,0x0),PA(0xe200000,0x0,0x0),secPort(0)
07-25 21:40:10.026   723  5055 D PostProcPipe: [PrintPipePortInfo] vOutPorts:FN(32),RN(32),TS(0xe0990da0),UK(0xcc183a0),Sec(0),[0]:(0x32315659),w(1920),h(1088),stride(1920,960,960),type(0),idx(32),dir(1),Size(0x001fe000,0x0007f800,0x0007f800),VA(0x7c72b2d000,0x7c72d2b000,0x7c72daa800),PA(0xa400000,0xa5fe000,0xa67d800),secPort(0),
07-25 21:40:10.026   723  5055 D PostProcPipe:                       vOutPorts:FN(32),RN(32),TS(0xe0990da0),UK(0xcc183a0),Sec(0),[1]:(0x11),w(320),h(240),stride(320,320,0),type(0),idx(38),dir(1),Size(0x00012c00,0x00009600,0x00000000),VA(0x7f7734b000,0x7f7735dc00,0x0),PA(0xdc00000,0xdc12c00,0x0),secPort(0)
07-25 21:40:10.026   723  5055 D PostProcPipe: [configPipe] [Imgi][crop_1](x,f_x,y,f_y)=(0,0,0,0),(w,f_w,h,f_h)=(0,0,0,0),(tarW,tarH)=(0,0)-
07-25 21:40:10.026   723  5055 D PostProcPipe:                     [crop_2](x,f_x,y,f_y)=(238,765648,0,0),(w,f_w,h,f_h)=(1442,565888,1088,0),(tarW,tarH)=(320,240)-
07-25 21:40:10.026   723  5055 D PostProcPipe:                     [crop_3](x,f_x,y,f_y)=(0,0,0,0),(w,f_w,h,f_h)=(0,0,0,0),(tarW,tarH)=(0,0),dupCqIdx(0),[vipi]ofst(0),rW/H(1920/1088)
07-25 21:40:10.026   723  5055 D PostProcPipe: ,                    isDipOnly(0), hwmodule(9/0), dipCQ/dup/burst(0/0/0), drvSc(0), isWtf(1),tdr_tpipe(0),en_yuv/yuv2/rgb/dma/fmt_sel/ctl_sel/misc (0x11e07df8/0xf0/0x1400f9/0x20e0f1/0x30480409/0x16040/0x10), tcm(0xa/0x9fd8e1e3/0xe807b3c), last(1), CRZ_EN(0), img3o ofset(0,0),userName(),PIX_ID(3),ImgBuf_PIX_ID(3),tv_sec(1784986810),tv_usec(58742)
07-25 21:40:10.026   723  5055 D iio/ifunc_dip: [ConfigDipPipe] moduleIdx(0), pDipWBuf(0xce827b80), m_pIspDescript_phy(0x91c0000), m_pIspDescript_vir(0x8a715000), m_pIspVirRegAddr_pa(0x91c1000), m_pIspVirRegAddr_va(0x8a716000)
07-25 21:40:10.027   723  5056 D iio/ifunc_dip: [enable] thiscq(0), frameflag(0x1), ring_index(32), ref_ringbufidx(31)
07-25 21:40:10.027   723  5056 D MdpMgr  : [updateDpStreamMap] refObjectCqIdx:0, refObjectRingBufIdx:1,cqIdx:0,ringIdx:32,refringbufidx:31
07-25 21:40:10.027   723  5056 D MdpMgr  : [selectDpIspStream] [selectDpIspStream] cqIdx(0/0/0/32_0/1),sceID(0)
07-25 21:40:10.027   723  5056 D MdpMgr  : [_startMdp] dstFmt(657,4982892)
07-25 21:40:10.028   723  5056 D MdpMgr  : [_startMdp] +sceID(0),cqPa(0x91c0000)-Va(0x7c8a715000),tpipVa(0x7c8a164000)-Pa(0x9310000),isWaitB(1),cqIndx(0/0/0/32),venc(0),(va: 0x7c8a164000),        srcFt(0x2205),W(1920),H(1088),stride(3600,0),size(0x3bc400-0x0-0x0),VA(0x    ffff),PA(0x 7d00000),plane(1),Stmtype(1)
07-25 21:40:10.028   723  5056 D MdpMgr  :         wdma_en(1),idx(0),cap(3),ft(17),rt(0),fp(0),(w,h,s)=(320,240,320),C(w,h,s)=(320,120,320),V(w,h,s)=(0,0,0),mdpidx(0),
07-25 21:40:10.028   723  5056 D MdpMgr  :         wrot_en(0),idx(1),cap(0),ft(0),rt(0),fp(0),(w,h,s)=(0,0,0),C(w,h,s)=(0,0,0),V(w,h,s)=(0,0,0),mdpidx(0),
07-25 21:40:10.028   723  5056 D MdpMgr  :         jpg_en(0),idx(2),cap(0),ft(0),rt(0),fp(0),(w,h,s)=(0,0,0),C(w,h,s)=(0,0,0),V(w,h,s)=(0,0,0),mdpidx(1),
07-25 21:40:10.028   723  5056 D MdpMgr  :         pipe_en(0),idx(3),cap(0),ft(0),rt(0),fp(0),(w,h,s)=(0,0,0),C(w,h,s)=(0,0,0),V(w,h,s)=(0,0,0),mdpidx(2),
07-25 21:40:10.028   723  5056 D MdpMgr  :         (va:0x7c8a164000,dstpa:0x9310000)
07-25 21:40:10.028   723  5056 D MdpMgr  : flag(0_0x1->0x1),startStm(791 us),WDPQ(0x       0),WRPQ(0x       0),tv_sec(1784986810),tv_usec(58742)
07-25 21:40:10.028   723  5056 D Iop/p2HPEQNode: [doMdpStart] frameUnit.idxofwaitDQFrmPackList (0x5e812e78_0_0_0, 0_0_1_0)
07-25 21:40:10.028   723  5057 D MdpMgr  : [selectDpIspStream] [selectDpIspStream] cqIdx(0/0/0/32_0/1),sceID(0)
07-25 21:40:10.035   723  5057 D MdpMgr  : [_dequeueBuf] +,cqIndx(0/0/0/32),sceID(0),deqIndex(1),isWaitBuf(1),
07-25 21:40:10.035   723  5057 D MdpMgr  :         deqIndex(1), dequeTime(6635 us)
07-25 21:40:10.035   723  5057 D MdpMgr  : [selectDpIspStream] [selectDpIspStream] cqIdx(0/0/0/32_0/1),sceID(0)
07-25 21:40:10.035   723  5057 D MdpMgr  : [_dequeueBuf] +,cqIndx(0/0/0/32),sceID(0),deqIndex(0),isWaitBuf(1),
07-25 21:40:10.035   723  5057 D MdpMgr  :         deqIndex(0), dequeTime(33 us)
07-25 21:40:10.035   723  5057 D MdpMgr  : [selectDpIspStream] [selectDpIspStream] cqIdx(0/0/0/32_0/1),sceID(0)
07-25 21:40:10.035   723  5057 D MtkCam/StreamingPipe/P2ANode: [onDIPStreamBaseCB] P2S cam 0 MWFrame:#32 MWReq:#32, frame 33-33 :sensor(0) Frame 33 enque done in 10 ms, result = 1
07-25 21:40:10.036   723  5057 D Iop/p2HPDQNode: [doDeque] +,tag(2),idx(0),p2CQ(0/0/0/32),
07-25 21:40:10.036   723  5057 D Iop/p2HPDQNode:                          +,tag(1),idx(0),p2CQ(0/0),
07-25 21:40:10.036   723  5057 D Iop/p2HPDQNode:                          -,cb(281 us)
07-25 21:40:10.036   723  5061 D MtkCam/P2/MWFrame: [doRelease] P2S cam 0 MWFrame:#32 MWReq:#32, frame 33 : all streams(8), using(0), status: s0:d0:App:YCrCb_420_SP:0|HW_TEXTURE(1),Meta:App:Control(1),Hal:Image:P1:Resizeraw_main1(1),Hal:Image:STT_main1(1),Hal:Meta:P1:Dynamic_main1(1),Hal:Meta:P2:Dynamic(1),App:Meta:DynamicP1_main1(1),App:Meta:DynamicP2(1),
07-25 21:40:10.037   723  5025 D mtkcam-AppStreamMgr: [0-FrameHandler::updateResult] requestNo 32, real time:0, last partial:1
07-25 21:40:10.037   723  5025 D ULog    : R AppRequest:32 M[CameraDevice:187001] -  :mtkcam-AppStreamMgr #38273
07-25 21:40:10.037   723  5061 D mtkcam-pipeline: [onLastStrongRef] [ requestNo:32 frameNo:32 ] frame end
07-25 21:40:10.037   723  5061 D MtkCam/StreamingPipe/Timer: [print]Frame timer [#   33/   0][t  13][io   0][tof  0/  0][d  0/  0][mss  0/  0/  0/  0][a 12/  2/ 10][tun  0/  0][msf  0/  0][vnr  0/  0/  0][am  0][b  0/  0][tpi(  0/  0)/(  0/  0)/(  0/  0)][vmdp_A  0/  0 vmdp_B  0/  0][h  1/  0/  0][e  0][r  0/  0][w_A  0/  0/  0/  0 w_B  0/  0/  0/  0][x  0][disp  0/  0][async  0/  0][p2sm  0/  0/  0][fps29.47/29.47/ 30/ 30]
07-25 21:40:10.040   560   560 I BufferQueueProducer: [com.android.mycamera/com.android.mycamera.ui.activity.MainActivity#0](this:0xb4000077bbf9ce78,id:-1,api:0,p:-1,c:560) queueBuffer: fps=27.10 dur=1033.04 max=67.56 min=16.98
07-25 21:40:10.044   723  5028 D HwIRQ3A : [wait] VSIrq
07-25 21:40:10.044   723  5052 D NormalPipe: [enqueRequest] +N:0 CurSof:37 enqCnt:35 cqCnt(p/v):35/35 FrameStatus(2)
07-25 21:40:10.044   723  5052 D NormalPipe: [configEnquePath] N:0 configFrame event:1 multiSenNum:2 occupy:0 status:1(2) fsm:0 depth:0
07-25 21:40:10.044   723  5052 D NormalPipe: [dmaCfg] N:0 dma:x8 cmd:0x101a, crop:(0,0,2016,1136), outsize:(1920,1088)
07-25 21:40:10.044   723  5028 I MtkCam/P1NodeImp: [setRequest] [Cam::0 R37 S37 E36 D34 O34 #0] [P1::SET][Num Q:37 M:37 F:35 R:35 @0][Type:1 Out:x85 Rec:x0 Raw:1 Cap:0 Exe:1 Flush:x0] Num[37] Ctrl[1]=[ 37 ]
07-25 21:40:10.044   723  5052 D NormalPipe: [dmaCfg] N:0 dma:x6 cmd:0x101c, crop:(0,0,2016,1), outsize:(2016,1)
07-25 21:40:10.044   723  4812 E camiopipe: [vendor/mediatek/proprietary/hardware/mtkcam/drv/src/isp/mt6768/imageio/pipe/CamIOPipe/CamIOPipe.cpp, sendCommand, line3805] ERROR: [0x0]:NOT support command! (sendCommand){#3805:vendor/mediatek/proprietary/hardware/mtkcam/drv/src/isp/mt6768/imageio/pipe/CamIOPipe/CamIOPipe.cpp}
07-25 21:40:10.044   723  5028 D aao_buf_mgr: [updateInfo] mMagicNumber(34), i4SubsampleCount(1)
07-25 21:40:10.044   723  4812 E camiopipe: [vendor/mediatek/proprietary/hardware/mtkcam/drv/src/isp/mt6768/imageio/pipe/CamIOPipe/CamIOPipe.cpp, sendCommand, line3812] ERROR: [0x0]:sendCommand(0x1500) error! (sendCommand){#3812:vendor/mediatek/proprietary/hardware/mtkcam/drv/src/isp/mt6768/imageio/pipe/CamIOPipe/CamIOPipe.cpp}
07-25 21:40:10.045   723  4812 E NormalPipe: [vendor/mediatek/proprietary/hardware/mtkcam/drv/src/isp/mt6768/iopipe/CamIO/NormalPipe.cpp, sendCommand, line3773] ERROR: error: sendCommand fail: (cmd,arg1,arg2,arg3)=(0x00001500,0x7C9EA4FF40,0x7C9EA4FF44,0xB400007ECE813D1C) (sendCommand){#3773:vendor/mediatek/proprietary/hardware/mtkcam/drv/src/isp/mt6768/iopipe/CamIO/NormalPipe.cpp}
07-25 21:40:10.045   723  4812 D Hal3Av3 : [parseMeta] Return to AP AE_REGIONS L(0) T(0) R(0) B(0) W(0)
07-25 21:40:10.045   723  5052 D ifunc_cam_tuning: [update] [0x0]:CAM_TUNING_CTRL - EN:0x100e02e0 DMA:0x808001e8
07-25 21:40:10.045   723  4812 D Hal3Av3 : [parseMeta] Return to AP AF_REGIONS L(0) T(0) R(0) B(0) W(0)
07-25 21:40:10.045   723  5052 D LMVDrv  : [GetLMVStatusAndUpdate]Suspicous clear, driver may drop frame and now in new pipeline: magicNum(36)=bypass(0)
07-25 21:40:10.045   723  5052 W LMVDrv  : [GetLMVStatusAndUpdate]Cannot find magicNum(0) in queue(0)
07-25 21:40:10.045   723  4812 D Hal3Av3 : [parseMeta] Return to AP AWB_REGIONS L(0) T(0) R(0) B(0) W(0)
07-25 21:40:10.045   723  4812 D Hal3Av3 : [parseMeta] MTK_SENSOR_TEST_PATTERN_DATA(0, 0, 0, 0)
07-25 21:40:10.045   723  5052 D camiopipe: [sendCommand] [0x0]:[1]P1_UPDATE_CHECK CTL_EN(0x11bebee3) +[0_0]:0x11bebee3 [1_0]:0x11bebee3 [2_0]:0x11bebee3 -[0_0]:0x11bebee3 [1_0]:0x11bebee3 [2_0]:0x11bebee3 
07-25 21:40:10.045   723  4812 I MtkCam/P1NodeImp: [runQueue] [Cam::0 R37 S37 E36 D34 O34 #1] [P1::REQ][Num Q:38 M:0 F:36 R:36 @0][Type:1 Out:x85 Rec:x0 Raw:1 Cap:0 Exe:1 Flush:x0] [META ze:0 ci:3 rt:-1 tn:-1 qc:-1 fi:-1 fr:-1] [New-Request][0] [0] [IMGO:1 (-1,-1)] [Gp:255/0] IOmap-Img[1]=<0_I[0]{}_O[2]{0x100000003,0x100000004}>-Meta[1]=<0_I[2]{0x80000000,0x100000018}_O[2]{0x10000001b,0x100000024}> CfgStream-Img[OutIMG:0x100000001(0),OutRRZ:0x100000003(1),OutLCS:0x100000004(1)]-Meta[InAPP:0x80000000(1),InHAL:0x100000018(1),OutAPP:0x100000024(1),OutHAL:0x10000001b(1)]  | [PreSet][Key:38] Num(0) Dummy(0) MetaCnt[APP:66,HAL:17] | [Rev:0] depth(1) burst(1) Que[1]
07-25 21:40:10.045   723  5052 D NormalPipe: [frameToEnque] - sof(37)
07-25 21:40:10.045   723  4812 D MtkCam/ppl_context: [sendFrameToRootNodes] r36 frameNo:36 (X) -> 0x1 success; erase record
07-25 21:40:10.045   723  5052 D NormalPipe: [enqueRequest] -
07-25 21:40:10.045   723  5028 D AeFlowDefault: [monitorAndReschedule:Perframe AE] Calc:1 Apply:1 Magic:34 AEMonitorStable:1 VdCnt:0 u4CwvYcur:0 u4CwvYpre:0 
07-25 21:40:10.046   723  5028 D ae_mgr  : [updateAEInfo2ISP] State:0 VDNum:0 Shutter:30003 Gain:9040 1024 750 Flare offset:0 512 FrameDuration:33350000 DisableOBC:0 ExpRatio:100 eAEMode:1 eAEstate:2 CurrentidxF:113
07-25 21:40:10.046   723  5081 D MtkCam/HalSensorList: [querySecureState] Secure State is 0
07-25 21:40:10.047   723  5028 D awb_mgr : [setIspAwbInfo()] m_eSensorDev: 1, awb_gain: 988/512/824, PreGain1: 512/512/512, RPG: 988/512/824, PGN: 988/512/824, bAWBLock: 0 (m_bAWBLock:0, m_u4AWBMode:1)
07-25 21:40:10.047   723  5028 D Task3APv: [run] getSensorParams: m_u4PreRealISO(750), u4RealISO(750), m_preAwbGain(988, 512, 824), rAwbInfo.gain(988, 512, 824)
07-25 21:40:10.047   723  5028 D isp_tuning_custom: [evaluate_Shading_Ratio] sensorid(1379), preSensorId(1379), eSensorMode(2), preSensorMode(2), isSensorOrModeSwitch(0), isInit(0)
07-25 21:40:10.047   723  5028 D isp_tuning_custom: [iso_smooth][ISO smooth enabled][ISO idx(3342)]avgISO = 750.
07-25 21:40:10.047   723  5028 D isp_tuning_custom: [RA_smooth][RA smooth][frm idx(3342)] rto for iso(21), prev_rto(21),RA_incremental_step(2), smoothed ratio(21)
07-25 21:40:10.047   723  5028 D paramctrl_per_frame: put ratio with m_eSensorDev(1), i4Rto(21)
07-25 21:40:10.047   723  5028 D paramctrl_per_frame: [updateLscInfo] (flash, iso, rto)=(0, 750, 21), auto(1), lock(0,0,0), dyn(1), op(0), PreCapFlashIsLockRto(0), fgForceUnlock(0)
07-25 21:40:10.047   723  4812 D ULog    : R AppRequest:37 M[CameraDevice:187001] +  :mtkcam-dev3 #38274
07-25 21:40:10.047   723  5028 D Task3APv: [run] Cam 1 : Req(#37)/Stt(#34)/i4Opt(0)/FlashOnOff(0) Lv(8)/ISO(750)/RGB(988,512,824) AFisLockAE(0) isLVChangeTooMuch(0) m_i4FrameCount(35) m_i4TsfFrameCount(36)
07-25 21:40:10.048   723  5028 W TuningMgr: TuningMgr[updateEngine] WARNING: [temp log] AF enable(1_0x100e02e0_0x808001e8)
07-25 21:40:10.048   723  5028 D TuningMgr: TuningMgr[enqueBuffer] magicNum(0x25)
07-25 21:40:10.048   723  4812 D mtkcam-dev3-utils: [0-AppRequestUtil::createOneRequest] requestNumber[37]:StreamBuffer:0xb400007dbe81cf00 streamId:0 bufferId:2 buffer:0xb400007e2e80ef90 status:OK acquireFenceOp.hdl:0x7cde6082f8 releaseFenceOp.hdl:0x0 acquireFenceOp.fd:-1 releaseFenceOp.fd:-1 appBufferHandleHolder:0xb400007d8e85d7a8 freeByOthers:0 / 
07-25 21:40:10.048   723  5081 D MtkCam/HalSensorList: [querySecureState] Secure State is 0
07-25 21:40:10.049   723  4812 D mtkcam-HDRPolicyHelper: [getSeamlessSmoothResult][Cam::0]frameType[3] requestAETargetMode=0 requestExpNum=0
07-25 21:40:10.049   723  5028 I MtkCam/P1NodeImp: [setupAction] [Cam::0 R37 S37 E37 D34 O34 #1] [P1::ENQ][Num Q:37 M:37 F:35 R:35 @37][Type:1 Out:x85 Rec:x0 Raw:1 Cap:0 Exe:1 Flush:x0] [Exp:30003000ns] [MetaCtrl][SCALER_CROP(1) (0,0_2016x1512) ][SENSOR_CROP(0)][RESIZER_SET(0)]
07-25 21:40:10.049   723  5028 D NormalPipe: [acceptEnqRequest] MyEnq:0: dma:0x8 pa(0x8900000)io(0_0_2016_1136_1920_1088) mag(0x25)|dma:0x6 pa(0x4F013C0)io(0_0_2016_1_2016_1) mag(0x25)|dma:0xf pa(0x9002500)io(0_0_256_1_256_1) mag(0x25)|dma:0xb pa(0xE600000)io(0_0_384_384_384_384) mag(0x25)|
07-25 21:40:10.050   723  5080 E AfAlgo  : Err:  6195: [AdpComp]Adaptive input error!! 
07-25 21:40:10.050   723  5080 E AfAlgo  : Err:  6279: [AdpComp]Adaptive input error
07-25 21:40:10.050   723  4812 D MtkCam/ppl_context: [sendFrameToRootNodes] r37 frameNo:37 (X) -> 0x1 BUSY
07-25 21:40:10.050   723  5080 D TaskAFNormal: [run] Cam 1 : Req(#37)/Stt(#35)/i4Opt(0)/FlashOnOff(0)
07-25 21:40:10.050  2345  2403 D C2OMXNode: dhy...mOsdPos:,,mOsdText:
07-25 21:40:10.050   531  2449 E [GrallocExtra-ERROR]: gralloc_extra_query:105 gralloc_extra_query with NULL handle: 0x0
07-25 21:40:10.052   723  5053 D SecMgr  : [SecMgr_GetSecurePortStatus] + (0x0x0)module:0x0 dma port:rrzo
07-25 21:40:10.052   723  5053 D SecMgr  : [SecMgr_GetSecurePortStatus] (0x0)DMA port (0x1) is not supported
07-25 21:40:10.052   723  5053 D ifunc_cam_buf: [waitBufReady] [0x0]:, [0x8100000] waitbufready pass
07-25 21:40:10.052   723  5053 D ifunc_cam_buf: [dequeueHwBuf] [0x0]:BUF_CTRL_RRZO:(0xd_0x0),PA(0x8100000_0xBC00900),FH_VA(0x7F775C3900),size(0x3bc400),cur sof(0),
07-25 21:40:10.052   723  5053 D SecMgr  : [SecMgr_GetSecurePortStatus] + (0x0x0)module:0x0 dma port:imgo
07-25 21:40:10.052   723  5053 D SecMgr  : [SecMgr_GetSecurePortStatus] (0x0)DMA port (0x0) is not supported
07-25 21:40:10.052   723  5053 D SecMgr  : [SecMgr_GetSecurePortStatus] + (0x0x0)module:0x0 dma port:
07-25 21:40:10.052   723  5053 D SecMgr  : [SecMgr_GetSecurePortStatus] + (0x0x0)module:0x0 dma port:lcso
07-25 21:40:10.052   723  5053 D NormalPipe: [ispDequeThread] N:0_deq@SOF_37
07-25 21:40:10.052   723  5053 D SecMgr  : [SecMgr_GetSecurePortStatus] + (0x0x0)module:0x0 dma port:rrzo
07-25 21:40:10.052   723  5053 D SecMgr  : [SecMgr_GetSecurePortStatus] (0x0)DMA port (0x1) is not supported
07-25 21:40:10.052   723  5044 D NormalPipe: [deque] MyDeq:0: dma:0x6 pa(0x4F009E0) io(0_0_1_0_0_0_2016_1_2016_1) mag(0x23)|dma:0x8 pa(0x8100000) io(0_0_2016_1136_0_0_1920_1088_1920_1088) mag(0x23)|dma:0xb pa(0xE400000) io(0_0_0_0_0_0_0_0_0_0) mag(0x23)|dma:0xf pa(0x9002300) io(0_0_0_0_0_0_0_0_0_0) mag(0x23)|
07-25 21:40:10.052   531   765 D hwcomposer: (0:0) Layer+ (mva=0x0/sec=0/prot=0/alpha=0:0xff/blend=0001/dim=0/fmt=2820/range=1(20000000)/x=0 y=0 w=228 h=460 s=240,460 -> x=0 y=0 w=228 h=460/layer_type=0 ext_layer=-1 ds=0 fbdc=0) =
07-25 21:40:10.053   531   765 D hwcomposer: (0:1) Layer+ (mva=0x0/sec=0/prot=0/alpha=1:0xff/blend=0002/dim=0/fmt=4868/range=1(20000000)/x=0 y=0 w=228 h=23 s=240,23 -> x=0 y=0 w=228 h=23/layer_type=0 ext_layer=-1 ds=0 fbdc=0) =
07-25 21:40:10.053   531   765 D hwcomposer: (0:2) Layer+ (mva=0x0/sec=0/prot=0/alpha=1:0xff/blend=0002/dim=0/fmt=4868/range=1(20000000)/x=0 y=0 w=228 h=23 s=240,23 -> x=0 y=437 w=228 h=23/layer_type=0 ext_layer=-1 ds=0 fbdc=0) =
07-25 21:40:10.053   723  5044 W fsc_hal : [processResult]image_scale_output.image_scale == 0
07-25 21:40:10.053   723  5044 D fsc_hal : [processResult]P magic(35) dac(258) ET(30003) EIS(0), CB magic(35), factor(1.000000), sensor(2016,1136), RRZO: c(0,0,2016,1136) s(1920,1088) f(0.000000,0.000000,1920.000000,1088.000000),RSSO: s(0,0), f(0.000000,0.000000,0.000000,0.000000)
07-25 21:40:10.053   723  5044 D MtkCam/HalSensorList: [querySecureState] Secure State is 0
07-25 21:40:10.053   723  5044 D MtkCam/HalSensor: [destroyInstance] HalSensor destroyInstance count = 6, caller =MtkCam/P1NodeUtility
07-25 21:40:10.054   723  5044 D MtkCam/BaseHeap: [IonHeap::unlockBufLocked] Hal:Image:P1:Fullraw_main1:Size2016x1:Stride2520.0.0:Sn2@ still locked (2)
07-25 21:40:10.054   723  5044 I MtkCam/P1NodeImp: [releaseAction] [Cam::0 R37 S37 E37 D35 O34 #1] [P1::DEQ][Num Q:35 M:35 F:33 R:33 @35][Type:1 Out:x85 Rec:x0 Raw:1 Cap:0 Exe:3 Flush:x0] job(0/1) IMG(pure) RRZ0(0-0-2016x1136)(0-0-1920x1088)(1920x1088) T-ns(EXP: 30003000)(Src:0)(SOF: m_948722214000 b_948722208000)(SS: 948692211000) ExpExtend(0, 0)Q(Sen
07-25 21:40:10.055   723  5047 I MtkCam/P1NodeImp: [releaseFrame] [Cam::0 R37 S37 E37 D35 O35 #1] [P1::OUT][Num Q:35 M:35 F:33 R:33 @35][Type:1 Out:x85 Rec:x0 Raw:1 Cap:0 Exe:3 Flush:x0] [Release-0] [DispatchFrame]
07-25 21:40:10.055   723  5047 D MtkCam/ppl_context: [onDispatchFrame] r33 frameNo:33 0x1 -> 0x15 READY(1/1)
07-25 21:40:10.055   723  5047 D MtkCam/P2/MWFrameRequest: [printIOMap] P2S cam 0 MWFrame:#33 MWReq:#33, frame 34 : iomap: [0]=>img[2/1], meta[3/2], fps[29.56]
07-25 21:40:10.057   723  5062 D MtkCam/P2/StreamingProcessor: [makePayLoad] P2S cam 0 MWFrame:#33 MWReq:#33, frame 34-0 : masterID(0) #Requests(1) merged into #RequestsPacks(1), PendingPayload(1), p1Ts=0000948694711000
07-25 21:40:10.057   723  5062 D MtkCam/StreamingPipe/Data: [calNonLargeSrcCrop]sID(0), imgoIn(0), srcCrop(0,0,1920x1088), isSrcCrop(0), mP2Pack Valid(1), imgo(0x0),rrz(1920x1088)
07-25 21:40:10.057   723  5062 D MtkCam/StreamingPipe/Pipe: [prepareIORequest]P2S cam 0 MWFrame:#33 MWReq:#33, frame 34-34  master/slave/fd(0/-1/0) ReqNo(34), feature=0x8008(3DNR+FSC), cycle(33), fps(n/a)=(30/30), ZoomROI((1442.539673x1088.000000)@(238.730179,0.000000)) SFPIOMgr:[sID(0)--IMG(0x0/0),RRZ(0xb400007e0e80fa90/1),LCS(0xb400007e0e822ff0/1),LCSH(0x0/0),pRSS(0x0/0),cRSS(0x0/0),RSSR2(0x0/0),FYuv(0x0/0),RYuv1(0x0/0),RYuv2(0x0/0),mAIYuv(0x0/0),HalI(0xb400007dbe822d80),AppI(0xb400007e2e815b38),AppDI(0xb400007dbe81c3a0),AppOver(0x0)]{path(GEN),halO(0xb400007e2e834c70),appO(0xb400007e2e837130),Outs--[buf(0xb400007e0e81a230/1)(320x240),tran(0),type(1), tar(disp), prof(0), crop(238.730179,0.000000,1442.539673x1088.000000), flag(0x0)]Tuning--id(0)--[flag(5)]}
07-25 21:40:10.059   723  5060 D isp_mgr_sl2: DIP_X_SL2H_RZ is (SL2_VRZ_COM, SL2_HRZ_COM) = (2138, 2150), (i4RzWidth, i4Width) = (1920, 2016), (i4RzHeight, i4Height) = (1088, 1136)
07-25 21:40:10.059   723  5060 D isp_mgr_sl2: profile is 1, DIP_X_SL2H_RZ is (0x085a0866)
07-25 21:40:10.060   723  5060 D isp_mgr_nr3d: NR3D_EN(1), SL2E_EN(1), x,y,w,h(0,0,1920,1088), full x,y,w,h(0,0,1920,1088),vipi offst(0) w,h(1920,1088), R2C en(1) cnt(3,3,11,7)
07-25 21:40:10.060   723  5060 D MtkCam/StreamingPipe/P2ANode: [enqueFeatureStream] P2S cam 0 MWFrame:#33 MWReq:#33, frame 34-34 :sensor(0) Frame 34 enque start
07-25 21:40:10.060   723  5055 D Iop/p2HPEQNode: [doEnque] sDrvScen:0, CQIdx:0, dupCQIdx:1, burstQIdx:0, RingBufIndex:33,  mTuningData ptr:780447908
07-25 21:40:10.060   723  5055 D PostProcPipe: [PrintPipePortInfo] vInPorts:FN(33),RN(33),TS(0xe29c7ad8),UK(0xcc183a0),Sec(0),[0]:(0x2205),w(1920),h(1088),stride(3600,0,0),type(0),idx(19),dir(0),Size(0x003bc400,0x00000000,0x00000000),VA(0x7c65718000,0x0,0x0),PA(0x8100000,0x0,0x0),secPort(0),
07-25 21:40:10.060   723  5055 D PostProcPipe:                       vInPorts:FN(33),RN(33),TS(0xe29c7ad8),UK(0xcc183a0),Sec(0),[1]:(0x32315659),w(1920),h(1088),stride(1920,960,960),type(0),idx(22),dir(0),Size(0x001fe000,0x0007f800,0x0007f800),VA(0x7c72b2d000,0x7c72d2b000,0x7c72daa800),PA(0xa400000,0xa5fe000,0xa67d800),secPort(0),
07-25 21:40:10.060   723  5055 D PostProcPipe:                       vInPorts:FN(33),RN(33),TS(0xe29c7ad8),UK(0xcc183a0),Sec(0),[2]:(0x2401),w(200),h(112),stride(768,0,0),type(0),idx(26),dir(0),Size(0x00048000,0x00000000,0x00000000),VA(0x7ccbd08000,0x0,0x0),PA(0xe400000,0x0,0x0),secPort(0)
07-25 21:40:10.060   723  5055 D PostProcPipe: [PrintPipePortInfo] vOutPorts:FN(33),RN(33),TS(0xe29c7ad8),UK(0xcc183a0),Sec(0),[0]:(0x32315659),w(1920),h(1088),stride(1920,960,960),type(0),idx(32),dir(1),Size(0x001fe000,0x0007f800,0x0007f800),VA(0x7c72241000,0x7c7243f000,0x7c724be800),PA(0xa700000,0xa8fe000,0xa97d800),secPort(0),
07-25 21:40:10.060   723  5055 D PostProcPipe:                       vOutPorts:FN(33),RN(33),TS(0xe29c7ad8),UK(0xcc183a0),Sec(0),[1]:(0x11),w(320),h(240),stride(320,320,0),type(0),idx(38),dir(1),Size(0x00012c00,0x00009600,0x00000000),VA(0x7f7717b000,0x7f7718dc00,0x0),PA(0xe100000,0xe112c00,0x0),secPort(0)
07-25 21:40:10.060   723  5055 D PostProcPipe: [configPipe] [Imgi][crop_1](x,f_x,y,f_y)=(0,0,0,0),(w,f_w,h,f_h)=(0,0,0,0),(tarW,tarH)=(0,0)-
07-25 21:40:10.060   723  5055 D PostProcPipe:                     [crop_2](x,f_x,y,f_y)=(238,765648,0,0),(w,f_w,h,f_h)=(1442,565888,1088,0),(tarW,tarH)=(320,240)-
07-25 21:40:10.060   723  5055 D PostProcPipe:                     [crop_3](x,f_x,y,f_y)=(0,0,0,0),(w,f_w,h,f_h)=(0,0,0,0),(tarW,tarH)=(0,0),dupCqIdx(1),[vipi]ofst(0),rW/H(1920/1088)
07-25 21:40:10.060   723  5055 D PostProcPipe: ,                    isDipOnly(0), hwmodule(9/0), dipCQ/dup/burst(0/1/0), drvSc(0), isWtf(1),tdr_tpipe(0),en_yuv/yuv2/rgb/dma/fmt_sel/ctl_sel/misc (0x11e07df8/0xf0/0x1400f9/0x20e0f1/0x30480409/0x16040/0x10), tcm(0xa/0x9fd8e1e3/0xe807b3c), last(1), CRZ_EN(0), img3o ofset(0,0),userName(),PIX_ID(3),ImgBuf_PIX_ID(3),tv_sec(1784986810),tv_usec(93292)
07-25 21:40:10.060   723  5055 D iio/ifunc_dip: [ConfigDipPipe] moduleIdx(0), pDipWBuf(0xce827bd8), m_pIspDescript_phy(0x91c6000), m_pIspDescript_vir(0x8a71b000), m_pIspVirRegAddr_pa(0x91c7000), m_pIspVirRegAddr_va(0x8a71c000)
07-25 21:40:10.061   723  5056 D iio/ifunc_dip: [enable] thiscq(0), frameflag(0x1), ring_index(33), ref_ringbufidx(32)
07-25 21:40:10.061   723  5056 D MdpMgr  : [updateDpStreamMap] refObjectCqIdx:0, refObjectRingBufIdx:1,cqIdx:0,ringIdx:33,refringbufidx:32
07-25 21:40:10.061   723  5056 D MdpMgr  : [selectDpIspStream] [selectDpIspStream] cqIdx(0/1/0/33_0/1),sceID(0)
07-25 21:40:10.061   723  5056 D MdpMgr  : [_startMdp] dstFmt(657,4982892)
07-25 21:40:10.062   723  5056 D MdpMgr  : [_startMdp] +sceID(0),cqPa(0x91c6000)-Va(0x7c8a71b000),tpipVa(0x7c8a164000)-Pa(0x9310000),isWaitB(1),cqIndx(0/1/0/33),venc(0),(va: 0x7c8a164000),        srcFt(0x2205),W(1920),H(1088),stride(3600,0),size(0x3bc400-0x0-0x0),VA(0x    ffff),PA(0x 8100000),plane(1),Stmtype(1)
07-25 21:40:10.062   723  5056 D MdpMgr  :         wdma_en(1),idx(0),cap(3),ft(17),rt(0),fp(0),(w,h,s)=(320,240,320),C(w,h,s)=(320,120,320),V(w,h,s)=(0,0,0),mdpidx(0),
07-25 21:40:10.062   723  5056 D MdpMgr  :         wrot_en(0),idx(1),cap(0),ft(0),rt(0),fp(0),(w,h,s)=(0,0,0),C(w,h,s)=(0,0,0),V(w,h,s)=(0,0,0),mdpidx(0),
07-25 21:40:10.062   723  5056 D MdpMgr  :         jpg_en(0),idx(2),cap(0),ft(0),rt(0),fp(0),(w,h,s)=(0,0,0),C(w,h,s)=(0,0,0),V(w,h,s)=(0,0,0),mdpidx(1),
07-25 21:40:10.062   723  5056 D MdpMgr  :         pipe_en(0),idx(3),cap(0),ft(0),rt(0),fp(0),(w,h,s)=(0,0,0),C(w,h,s)=(0,0,0),V(w,h,s)=(0,0,0),mdpidx(2),
07-25 21:40:10.062   723  5056 D MdpMgr  :         (va:0x7c8a164000,dstpa:0x9310000)
07-25 21:40:10.062   723  5056 D MdpMgr  : flag(0_0x1->0x1),startStm(834 us),WDPQ(0x       0),WRPQ(0x       0),tv_sec(1784986810),tv_usec(93292)
07-25 21:40:10.062   723  5056 D Iop/p2HPEQNode: [doMdpStart] frameUnit.idxofwaitDQFrmPackList (0x5e812e78_0_0_1, 0_0_1_0)
07-25 21:40:10.062   723  5057 D MdpMgr  : [selectDpIspStream] [selectDpIspStream] cqIdx(0/1/0/33_0/1),sceID(0)
07-25 21:40:10.069   723  5057 D MdpMgr  : [_dequeueBuf] +,cqIndx(0/1/0/33),sceID(0),deqIndex(1),isWaitBuf(1),
07-25 21:40:10.069   723  5057 D MdpMgr  :         deqIndex(1), dequeTime(6278 us)
07-25 21:40:10.069   723  5057 D MdpMgr  : [selectDpIspStream] [selectDpIspStream] cqIdx(0/1/0/33_0/1),sceID(0)
07-25 21:40:10.069   723  5057 D MdpMgr  : [_dequeueBuf] +,cqIndx(0/1/0/33),sceID(0),deqIndex(0),isWaitBuf(1),
07-25 21:40:10.069   723  5057 D MdpMgr  :         deqIndex(0), dequeTime(33 us)
07-25 21:40:10.069   723  5057 D MdpMgr  : [selectDpIspStream] [selectDpIspStream] cqIdx(0/1/0/33_0/1),sceID(0)
07-25 21:40:10.069   723  5057 D MtkCam/StreamingPipe/P2ANode: [onDIPStreamBaseCB] P2S cam 0 MWFrame:#33 MWReq:#33, frame 34-34 :sensor(0) Frame 34 enque done in 9 ms, result = 1
07-25 21:40:10.070   723  5057 D Iop/p2HPDQNode: [doDeque] +,tag(2),idx(0),p2CQ(0/1/0/33),
07-25 21:40:10.070   723  5057 D Iop/p2HPDQNode:                          +,tag(1),idx(0),p2CQ(0/1),
07-25 21:40:10.070   723  5057 D Iop/p2HPDQNode:                          -,cb(462 us)
07-25 21:40:10.070   723  5061 D MtkCam/P2/MWFrame: [doRelease] P2S cam 0 MWFrame:#33 MWReq:#33, frame 34 : all streams(8), using(0), status: s0:d0:App:YCrCb_420_SP:0|HW_TEXTURE(1),Meta:App:Control(1),Hal:Image:P1:Resizeraw_main1(1),Hal:Image:STT_main1(1),Hal:Meta:P1:Dynamic_main1(1),Hal:Meta:P2:Dynamic(1),App:Meta:DynamicP1_main1(1),App:Meta:DynamicP2(1),
07-25 21:40:10.071   723  5025 D mtkcam-AppStreamMgr: [0-FrameHandler::updateResult] requestNo 33, real time:0, last partial:1
07-25 21:40:10.071   723  5061 D mtkcam-pipeline: [onLastStrongRef] [ requestNo:33 frameNo:33 ] frame end
07-25 21:40:10.071   723  5025 D ULog    : R AppRequest:33 M[CameraDevice:187001] -  :mtkcam-AppStreamMgr #38275
07-25 21:40:10.071   723  5061 D MtkCam/StreamingPipe/Timer: [print]Frame timer [#   34/   0][t  12][io   0][tof  0/  0][d  0/  0][mss  0/  0/  0/  0][a 11/  1/  9][tun  0/  0][msf  0/  0][vnr  0/  0/  0][am  0][b  0/  0][tpi(  0/  0)/(  0/  0)/(  0/  0)][vmdp_A  0/  0 vmdp_B  0/  0][h  1/  0/  0][e  0][r  0/  0][w_A  0/  0/  0/  0 w_B  0/  0/  0/  0][x  0][disp  0/  0][async  0/  0][p2sm  0/  0/  0][fps29.47/29.47/ 30/ 30]
07-25 21:40:10.078   723  5028 D HwIRQ3A : [wait] VSIrq
07-25 21:40:10.078   723  5052 D NormalPipe: [enqueRequest] +N:0 CurSof:38 enqCnt:36 cqCnt(p/v):36/36 FrameStatus(2)
07-25 21:40:10.078   723  5052 D NormalPipe: [configEnquePath] N:0 configFrame event:1 multiSenNum:2 occupy:0 status:1(2) fsm:0 depth:0
07-25 21:40:10.078   723  5052 D NormalPipe: [dmaCfg] N:0 dma:x8 cmd:0x101a, crop:(0,0,2016,1136), outsize:(1920,1088)
07-25 21:40:10.078   723  5028 I MtkCam/P1NodeImp: [setRequest] [Cam::0 R38 S38 E37 D35 O35 #0] [P1::SET][Num Q:38 M:38 F:36 R:36 @0][Type:1 Out:x85 Rec:x0 Raw:1 Cap:0 Exe:1 Flush:x0] Num[38] Ctrl[1]=[ 38 ]
07-25 21:40:10.078   723  4812 E camiopipe: [vendor/mediatek/proprietary/hardware/mtkcam/drv/src/isp/mt6768/imageio/pipe/CamIOPipe/CamIOPipe.cpp, sendCommand, line3805] ERROR: [0x0]:NOT support command! (sendCommand){#3805:vendor/mediatek/proprietary/hardware/mtkcam/drv/src/isp/mt6768/imageio/pipe/CamIOPipe/CamIOPipe.cpp}
07-25 21:40:10.078   723  5052 D NormalPipe: [dmaCfg] N:0 dma:x6 cmd:0x101c, crop:(0,0,2016,1), outsize:(2016,1)
07-25 21:40:10.078   723  5028 D aao_buf_mgr: [updateInfo] mMagicNumber(35), i4SubsampleCount(1)
07-25 21:40:10.078   723  4812 E camiopipe: [vendor/mediatek/proprietary/hardware/mtkcam/drv/src/isp/mt6768/imageio/pipe/CamIOPipe/CamIOPipe.cpp, sendCommand, line3812] ERROR: [0x0]:sendCommand(0x1500) error! (sendCommand){#3812:vendor/mediatek/proprietary/hardware/mtkcam/drv/src/isp/mt6768/imageio/pipe/CamIOPipe/CamIOPipe.cpp}
07-25 21:40:10.078   723  4812 E NormalPipe: [vendor/mediatek/proprietary/hardware/mtkcam/drv/src/isp/mt6768/iopipe/CamIO/NormalPipe.cpp, sendCommand, line3773] ERROR: error: sendCommand fail: (cmd,arg1,arg2,arg3)=(0x00001500,0x7C9EA4FF40,0x7C9EA4FF44,0xB400007ECE81E3FC) (sendCommand){#3773:vendor/mediatek/proprietary/hardware/mtkcam/drv/src/isp/mt6768/iopipe/CamIO/NormalPipe.cpp}
07-25 21:40:10.078   723  4812 D Hal3Av3 : [parseMeta] Return to AP AE_REGIONS L(0) T(0) R(0) B(0) W(0)
07-25 21:40:10.079   723  4812 D Hal3Av3 : [parseMeta] Return to AP AF_REGIONS L(0) T(0) R(0) B(0) W(0)
07-25 21:40:10.079   723  5052 D ifunc_cam_tuning: [update] [0x0]:CAM_TUNING_CTRL - EN:0x100e02e0 DMA:0x808001e8
07-25 21:40:10.079   723  4812 D Hal3Av3 : [parseMeta] Return to AP AWB_REGIONS L(0) T(0) R(0) B(0) W(0)
07-25 21:40:10.079   723  5052 D LMVDrv  : [GetLMVStatusAndUpdate]Suspicous clear, driver may drop frame and now in new pipeline: magicNum(37)=bypass(0)
07-25 21:40:10.079   723  4812 D Hal3Av3 : [parseMeta] MTK_SENSOR_TEST_PATTERN_DATA(0, 0, 0, 0)
07-25 21:40:10.079   723  5052 W LMVDrv  : [GetLMVStatusAndUpdate]Cannot find magicNum(0) in queue(0)
07-25 21:40:10.079   723  4812 I MtkCam/P1NodeImp: [runQueue] [Cam::0 R38 S38 E37 D35 O35 #1] [P1::REQ][Num Q:39 M:0 F:37 R:37 @0][Type:1 Out:x85 Rec:x0 Raw:1 Cap:0 Exe:1 Flush:x0] [META ze:0 ci:3 rt:-1 tn:-1 qc:-1 fi:-1 fr:-1] [New-Request][0] [0] [IMGO:1 (-1,-1)] [Gp:255/0] IOmap-Img[1]=<0_I[0]{}_O[2]{0x100000003,0x100000004}>-Meta[1]=<0_I[2]{0x80000000,0x100000018}_O[2]{0x10000001b,0x100000024}> CfgStream-Img[OutIMG:0x100000001(0),OutRRZ:0x100000003(1),OutLCS:0x100000004(1)]-Meta[InAPP:0x80000000(1),InHAL:0x100000018(1),OutAPP:0x100000024(1),OutHAL:0x10000001b(1)]  | [PreSet][Key:39] Num(0) Dummy(0) MetaCnt[APP:66,HAL:17] | [Rev:0] depth(1) burst(1) Que[1]
07-25 21:40:10.079   723  4812 D MtkCam/ppl_context: [sendFrameToRootNodes] r37 frameNo:37 (X) -> 0x1 success; erase record
07-25 21:40:10.079   723  5052 D camiopipe: [sendCommand] [0x0]:[2]P1_UPDATE_CHECK CTL_EN(0x11bebee3) +[0_0]:0x11bebee3 [1_0]:0x11bebee3 [2_0]:0x11bebee3 -[0_0]:0x11bebee3 [1_0]:0x11bebee3 [2_0]:0x11bebee3 
07-25 21:40:10.079   723  5052 D NormalPipe: [frameToEnque] - sof(38)
07-25 21:40:10.079   723  5052 D NormalPipe: [enqueRequest] -
07-25 21:40:10.079   723  5028 D AeFlowDefault: [monitorAndReschedule:Perframe AE] Calc:1 Apply:1 Magic:35 AEMonitorStable:1 VdCnt:0 u4CwvYcur:0 u4CwvYpre:0 
07-25 21:40:10.080   723  5028 D ae_mgr  : [updateAEInfo2ISP] State:0 VDNum:0 Shutter:30003 Gain:9040 1024 750 Flare offset:0 512 FrameDuration:33350000 DisableOBC:0 ExpRatio:100 eAEMode:1 eAEstate:2 CurrentidxF:113
07-25 21:40:10.080   723  5081 D MtkCam/HalSensorList: [querySecureState] Secure State is 0
07-25 21:40:10.080   723  5028 D awb_mgr : [setIspAwbInfo()] m_eSensorDev: 1, awb_gain: 988/512/824, PreGain1: 512/512/512, RPG: 988/512/824, PGN: 988/512/824, bAWBLock: 0 (m_bAWBLock:0, m_u4AWBMode:1)
07-25 21:40:10.080   723  5028 D Task3APv: [run] getSensorParams: m_u4PreRealISO(750), u4RealISO(750), m_preAwbGain(988, 512, 824), rAwbInfo.gain(988, 512, 824)
07-25 21:40:10.080   723  5028 D isp_tuning_custom: [evaluate_Shading_Ratio] sensorid(1379), preSensorId(1379), eSensorMode(2), preSensorMode(2), isSensorOrModeSwitch(0), isInit(0)
07-25 21:40:10.080   723  5028 D isp_tuning_custom: [iso_smooth][ISO smooth enabled][ISO idx(3343)]avgISO = 750.
07-25 21:40:10.081   723  5028 D isp_tuning_custom: [RA_smooth][RA smooth][frm idx(3343)] rto for iso(21), prev_rto(21),RA_incremental_step(2), smoothed ratio(21)
07-25 21:40:10.081   723  5028 D paramctrl_per_frame: put ratio with m_eSensorDev(1), i4Rto(21)
07-25 21:40:10.081   723  5028 D paramctrl_per_frame: [updateLscInfo] (flash, iso, rto)=(0, 750, 21), auto(1), lock(0,0,0), dyn(1), op(0), PreCapFlashIsLockRto(0), fgForceUnlock(0)
07-25 21:40:10.081   723  5028 D Task3APv: [run] Cam 1 : Req(#38)/Stt(#35)/i4Opt(0)/FlashOnOff(0) Lv(8)/ISO(750)/RGB(988,512,824) AFisLockAE(0) isLVChangeTooMuch(0) m_i4FrameCount(36) m_i4TsfFrameCount(37)
07-25 21:40:10.081   723  5033 D MtkCam/BaseHeap: [IonHeap::helpFlushCacheIon] ctrl(0), num[0]: mID(0x24),size(24576),VA(0x7f77709000),PA(0x5300000)
07-25 21:40:10.081   723  5028 W TuningMgr: TuningMgr[updateEngine] WARNING: [temp log] AF enable(1_0x100e02e0_0x808001e8)
07-25 21:40:10.082   723  5028 D TuningMgr: TuningMgr[enqueBuffer] magicNum(0x26)
07-25 21:40:10.082   723  4812 D ULog    : R AppRequest:38 M[CameraDevice:187001] +  :mtkcam-dev3 #38276
07-25 21:40:10.082   723  4812 D mtkcam-dev3-utils: [0-AppRequestUtil::createOneRequest] requestNumber[38]:StreamBuffer:0xb400007dbe81cf00 streamId:0 bufferId:5 buffer:0xb400007e2e817110 status:OK acquireFenceOp.hdl:0x7cde6082f8 releaseFenceOp.hdl:0x0 acquireFenceOp.fd:-1 releaseFenceOp.fd:-1 appBufferHandleHolder:0xb400007d8e8482a8 freeByOthers:0 / 
07-25 21:40:10.082   723  5081 D MtkCam/HalSensorList: [querySecureState] Secure State is 0
07-25 21:40:10.082   723  5028 I MtkCam/P1NodeImp: [setupAction] [Cam::0 R38 S38 E38 D35 O35 #1] [P1::ENQ][Num Q:38 M:38 F:36 R:36 @38][Type:1 Out:x85 Rec:x0 Raw:1 Cap:0 Exe:1 Flush:x0] [Exp:30003000ns] [MetaCtrl][SCALER_CROP(1) (0,0_2016x1512) ][SENSOR_CROP(0)][RESIZER_SET(0)]
07-25 21:40:10.082   723  5028 D NormalPipe: [acceptEnqRequest] MyEnq:0: dma:0x8 pa(0x5900000)io(0_0_2016_1136_1920_1088) mag(0x26)|dma:0x6 pa(0x4F009E0)io(0_0_2016_1_2016_1) mag(0x26)|dma:0xf pa(0x9002600)io(0_0_256_1_256_1) mag(0x26)|dma:0xb pa(0xD800000)io(0_0_384_384_384_384) mag(0x26)|
07-25 21:40:10.083   723  4812 D mtkcam-HDRPolicyHelper: [getSeamlessSmoothResult][Cam::0]frameType[3] requestAETargetMode=0 requestExpNum=0
07-25 21:40:10.083   531  2449 E [GrallocExtra-ERROR]: gralloc_extra_query:105 gralloc_extra_query with NULL handle: 0x0
07-25 21:40:10.083   723  5080 E AfAlgo  : Err:  6195: [AdpComp]Adaptive input error!! 
07-25 21:40:10.083   723  5080 E AfAlgo  : Err:  6279: [AdpComp]Adaptive input error
07-25 21:40:10.084   723  5080 D TaskAFNormal: [run] Cam 1 : Req(#38)/Stt(#36)/i4Opt(0)/FlashOnOff(0)
07-25 21:40:10.084   723  4812 D MtkCam/ppl_context: [sendFrameToRootNodes] r38 frameNo:38 (X) -> 0x1 BUSY
07-25 21:40:10.084  2345  2403 D C2OMXNode: dhy...mOsdPos:,,mOsdText:
07-25 21:40:10.086   723  5053 D SecMgr  : [SecMgr_GetSecurePortStatus] + (0x0x0)module:0x0 dma port:rrzo
07-25 21:40:10.086   723  5053 D SecMgr  : [SecMgr_GetSecurePortStatus] (0x0)DMA port (0x1) is not supported
07-25 21:40:10.086   723  5053 D ifunc_cam_buf: [waitBufReady] [0x0]:, [0x8500000] waitbufready pass
07-25 21:40:10.086   723  5053 D ifunc_cam_buf: [dequeueHwBuf] [0x0]:BUF_CTRL_RRZO:(0xd_0x0),PA(0x8500000_0xBC00980),FH_VA(0x7F775C3980),size(0x3bc400),cur sof(0),
07-25 21:40:10.086   723  5053 D SecMgr  : [SecMgr_GetSecurePortStatus] + (0x0x0)module:0x0 dma port:imgo
07-25 21:40:10.086   723  5053 D SecMgr  : [SecMgr_GetSecurePortStatus] (0x0)DMA port (0x0) is not supported
07-25 21:40:10.086   723  5053 D SecMgr  : [SecMgr_GetSecurePortStatus] + (0x0x0)module:0x0 dma port:
07-25 21:40:10.086   723  5053 D SecMgr  : [SecMgr_GetSecurePortStatus] + (0x0x0)module:0x0 dma port:lcso
07-25 21:40:10.086   723  5053 D NormalPipe: [ispDequeThread] N:0_deq@SOF_38
07-25 21:40:10.086   723  5053 D SecMgr  : [SecMgr_GetSecurePortStatus] + (0x0x0)module:0x0 dma port:rrzo
07-25 21:40:10.086   723  5053 D SecMgr  : [SecMgr_GetSecurePortStatus] (0x0)DMA port (0x1) is not supported
07-25 21:40:10.086   723  5044 D NormalPipe: [deque] MyDeq:0: dma:0x6 pa(0x4F00000) io(0_0_1_0_0_0_2016_1_2016_1) mag(0x24)|dma:0x8 pa(0x8500000) io(0_0_2016_1136_0_0_1920_1088_1920_1088) mag(0x24)|dma:0xb pa(0xE500000) io(0_0_0_0_0_0_0_0_0_0) mag(0x24)|dma:0xf pa(0x9002400) io(0_0_0_0_0_0_0_0_0_0) mag(0x24)|
07-25 21:40:10.087   723  5044 W fsc_hal : [processResult]image_scale_output.image_scale == 0
07-25 21:40:10.087   723  5044 D fsc_hal : [processResult]P magic(36) dac(258) ET(30003) EIS(0), CB magic(36), factor(1.000000), sensor(2016,1136), RRZO: c(0,0,2016,1136) s(1920,1088) f(0.000000,0.000000,1920.000000,1088.000000),RSSO: s(0,0), f(0.000000,0.000000,0.000000,0.000000)
07-25 21:40:10.087   723  5044 D MtkCam/HalSensorList: [querySecureState] Secure State is 0
07-25 21:40:10.087   723  5044 D MtkCam/HalSensor: [destroyInstance] HalSensor destroyInstance count = 6, caller =MtkCam/P1NodeUtility
07-25 21:40:10.087   723  5044 D MtkCam/BaseHeap: [IonHeap::unlockBufLocked] Hal:Image:P1:Fullraw_main1:Size2016x1:Stride2520.0.0:Sn1@ still locked (2)
07-25 21:40:10.088   723  5044 I MtkCam/P1NodeImp: [releaseAction] [Cam::0 R38 S38 E38 D36 O35 #1] [P1::DEQ][Num Q:36 M:36 F:34 R:34 @36][Type:1 Out:x85 Rec:x0 Raw:1 Cap:0 Exe:3 Flush:x0] job(0/1) IMG(pure) RRZ0(0-0-2016x1136)(0-0-1920x1088)(1920x1088) T-ns(EXP: 30003000)(Src:0)(SOF: m_948755992000 b_948755986000)(SS: 948725989000) ExpExtend(0, 0)Q(Sen
07-25 21:40:10.088   723  5047 I MtkCam/P1NodeImp: [releaseFrame] [Cam::0 R38 S38 E38 D36 O36 #1] [P1::OUT][Num Q:36 M:36 F:34 R:34 @36][Type:1 Out:x85 Rec:x0 Raw:1 Cap:0 Exe:3 Flush:x0] [Release-0] [DispatchFrame]
07-25 21:40:10.088   723  5047 D MtkCam/ppl_context: [onDispatchFrame] r34 frameNo:34 0x1 -> 0x15 READY(1/1)
07-25 21:40:10.089   723  5047 D MtkCam/P2/MWFrameRequest: [printIOMap] P2S cam 0 MWFrame:#34 MWReq:#34, frame 35 : iomap: [0]=>img[2/1], meta[3/2], fps[29.56]
07-25 21:40:10.090   723  5062 D MtkCam/P2/StreamingProcessor: [makePayLoad] P2S cam 0 MWFrame:#34 MWReq:#34, frame 35-0 : masterID(0) #Requests(1) merged into #RequestsPacks(1), PendingPayload(1), p1Ts=0000948728489000
07-25 21:40:10.090   723  5062 D MtkCam/StreamingPipe/Data: [calNonLargeSrcCrop]sID(0), imgoIn(0), srcCrop(0,0,1920x1088), isSrcCrop(0), mP2Pack Valid(1), imgo(0x0),rrz(1920x1088)
07-25 21:40:10.090   723  5062 D MtkCam/StreamingPipe/Pipe: [prepareIORequest]P2S cam 0 MWFrame:#34 MWReq:#34, frame 35-35  master/slave/fd(0/-1/0) ReqNo(35), feature=0x8008(3DNR+FSC), cycle(33), fps(n/a)=(30/30), ZoomROI((1442.539673x1088.000000)@(238.730179,0.000000)) SFPIOMgr:[sID(0)--IMG(0x0/0),RRZ(0xb400007e0e8196f0/1),LCS(0xb400007e0e81da70/1),LCSH(0x0/0),pRSS(0x0/0),cRSS(0x0/0),RSSR2(0x0/0),FYuv(0x0/0),RYuv1(0x0/0),RYuv2(0x0/0),mAIYuv(0x0/0),HalI(0xb400007dbe8219d0),AppI(0xb400007e2e825c78),AppDI(0xb400007dbe81ebe0),AppOver(0x0)]{path(GEN),halO(0xb400007e2e81fff0),appO(0xb400007e2e815d30),Outs--[buf(0xb400007e0e826170/1)(320x240),tran(0),type(1), tar(disp), prof(0), crop(238.730179,0.000000,1442.539673x1088.000000), flag(0x0)]Tuning--id(0)--[flag(5)]}
07-25 21:40:10.091   723  5060 D isp_mgr_sl2: DIP_X_SL2H_RZ is (SL2_VRZ_COM, SL2_HRZ_COM) = (2138, 2150), (i4RzWidth, i4Width) = (1920, 2016), (i4RzHeight, i4Height) = (1088, 1136)
07-25 21:40:10.091   723  5060 D isp_mgr_sl2: profile is 1, DIP_X_SL2H_RZ is (0x085a0866)
07-25 21:40:10.091   723  5060 D isp_mgr_nr3d: NR3D_EN(1), SL2E_EN(1), x,y,w,h(0,0,1920,1088), full x,y,w,h(0,0,1920,1088),vipi offst(0) w,h(1920,1088), R2C en(1) cnt(0,4,0,8)
07-25 21:40:10.092   723  5060 D MtkCam/StreamingPipe/P2ANode: [enqueFeatureStream] P2S cam 0 MWFrame:#34 MWReq:#34, frame 35-35 :sensor(0) Frame 35 enque start
07-25 21:40:10.092   723  5055 D Iop/p2HPEQNode: [doEnque] sDrvScen:0, CQIdx:0, dupCQIdx:0, burstQIdx:0, RingBufIndex:34,  mTuningData ptr:780701860
07-25 21:40:10.092   723  5055 D PostProcPipe: [PrintPipePortInfo] vInPorts:FN(34),RN(34),TS(0xe49fe428),UK(0xcc183a0),Sec(0),[0]:(0x2205),w(1920),h(1088),stride(3600,0,0),type(0),idx(19),dir(0),Size(0x003bc400,0x00000000,0x00000000),VA(0x7c6535b000,0x0,0x0),PA(0x8500000,0x0,0x0),secPort(0),
07-25 21:40:10.092   723  5055 D PostProcPipe:                       vInPorts:FN(34),RN(34),TS(0xe49fe428),UK(0xcc183a0),Sec(0),[1]:(0x32315659),w(1920),h(1088),stride(1920,960,960),type(0),idx(22),dir(0),Size(0x001fe000,0x0007f800,0x0007f800),VA(0x7c72241000,0x7c7243f000,0x7c724be800),PA(0xa700000,0xa8fe000,0xa97d800),secPort(0),
07-25 21:40:10.092   723  5055 D PostProcPipe:                       vInPorts:FN(34),RN(34),TS(0xe49fe428),UK(0xcc183a0),Sec(0),[2]:(0x2401),w(200),h(112),stride(768,0,0),type(0),idx(26),dir(0),Size(0x00048000,0x00000000,0x00000000),VA(0x7ccb85b000,0x0,0x0),PA(0xe500000,0x0,0x0),secPort(0)
07-25 21:40:10.092   723  5055 D PostProcPipe: [PrintPipePortInfo] vOutPorts:FN(34),RN(34),TS(0xe49fe428),UK(0xcc183a0),Sec(0),[0]:(0x32315659),w(1920),h(1088),stride(1920,960,960),type(0),idx(32),dir(1),Size(0x001fe000,0x0007f800,0x0007f800),VA(0x7c85b2d000,0x7c85d2b000,0x7c85daa800),PA(0xaa00000,0xabfe000,0xac7d800),secPort(0),
07-25 21:40:10.092   723  5055 D PostProcPipe:                       vOutPorts:FN(34),RN(34),TS(0xe49fe428),UK(0xcc183a0),Sec(0),[1]:(0x11),w(320),h(240),stride(320,320,0),type(0),idx(38),dir(1),Size(0x00012c00,0x00009600,0x00000000),VA(0x7f72fd1000,0x7f72fe3c00,0x0),PA(0xe300000,0xe312c00,0x0),secPort(0)
07-25 21:40:10.092   723  5055 D PostProcPipe: [configPipe] [Imgi][crop_1](x,f_x,y,f_y)=(0,0,0,0),(w,f_w,h,f_h)=(0,0,0,0),(tarW,tarH)=(0,0)-
07-25 21:40:10.092   723  5055 D PostProcPipe:                     [crop_2](x,f_x,y,f_y)=(238,765648,0,0),(w,f_w,h,f_h)=(1442,565888,1088,0),(tarW,tarH)=(320,240)-
07-25 21:40:10.092   723  5055 D PostProcPipe:                     [crop_3](x,f_x,y,f_y)=(0,0,0,0),(w,f_w,h,f_h)=(0,0,0,0),(tarW,tarH)=(0,0),dupCqIdx(0),[vipi]ofst(0),rW/H(1920/1088)
07-25 21:40:10.092   723  5055 D PostProcPipe: ,                    isDipOnly(0), hwmodule(9/0), dipCQ/dup/burst(0/0/0), drvSc(0), isWtf(1),tdr_tpipe(0),en_yuv/yuv2/rgb/dma/fmt_sel/ctl_sel/misc (0x11e07df8/0xf0/0x1400f9/0x20e0f1/0x30480409/0x16040/0x10), tcm(0xa/0x9fd8e1e3/0xe807b3c), last(1), CRZ_EN(0), img3o ofset(0,0),userName(),PIX_ID(3),ImgBuf_PIX_ID(3),tv_sec(1784986810),tv_usec(125105)
07-25 21:40:10.092   723  5055 D iio/ifunc_dip: [ConfigDipPipe] moduleIdx(0), pDipWBuf(0xce827c30), m_pIspDescript_phy(0x91cc000), m_pIspDescript_vir(0x8a721000), m_pIspVirRegAddr_pa(0x91cd000), m_pIspVirRegAddr_va(0x8a722000)
07-25 21:40:10.093   723  5056 D iio/ifunc_dip: [enable] thiscq(0), frameflag(0x1), ring_index(34), ref_ringbufidx(33)
07-25 21:40:10.093   723  5056 D MdpMgr  : [updateDpStreamMap] refObjectCqIdx:0, refObjectRingBufIdx:1,cqIdx:0,ringIdx:34,refringbufidx:33
07-25 21:40:10.093   723  5056 D MdpMgr  : [selectDpIspStream] [selectDpIspStream] cqIdx(0/0/0/34_0/1),sceID(0)
07-25 21:40:10.093   723  5056 D MdpMgr  : [_startMdp] dstFmt(657,4982892)
07-25 21:40:10.094   723  5056 D MdpMgr  : [_startMdp] +sceID(0),cqPa(0x91cc000)-Va(0x7c8a721000),tpipVa(0x7c8a164000)-Pa(0x9310000),isWaitB(1),cqIndx(0/0/0/34),venc(0),(va: 0x7c8a164000),        srcFt(0x2205),W(1920),H(1088),stride(3600,0),size(0x3bc400-0x0-0x0),VA(0x    ffff),PA(0x 8500000),plane(1),Stmtype(1)
07-25 21:40:10.094   723  5056 D MdpMgr  :         wdma_en(1),idx(0),cap(3),ft(17),rt(0),fp(0),(w,h,s)=(320,240,320),C(w,h,s)=(320,120,320),V(w,h,s)=(0,0,0),mdpidx(0),
07-25 21:40:10.094   723  5056 D MdpMgr  :         wrot_en(0),idx(1),cap(0),ft(0),rt(0),fp(0),(w,h,s)=(0,0,0),C(w,h,s)=(0,0,0),V(w,h,s)=(0,0,0),mdpidx(0),
07-25 21:40:10.094   723  5056 D MdpMgr  :         jpg_en(0),idx(2),cap(0),ft(0),rt(0),fp(0),(w,h,s)=(0,0,0),C(w,h,s)=(0,0,0),V(w,h,s)=(0,0,0),mdpidx(1),
07-25 21:40:10.094   723  5056 D MdpMgr  :         pipe_en(0),idx(3),cap(0),ft(0),rt(0),fp(0),(w,h,s)=(0,0,0),C(w,h,s)=(0,0,0),V(w,h,s)=(0,0,0),mdpidx(2),
07-25 21:40:10.094   723  5056 D MdpMgr  :         (va:0x7c8a164000,dstpa:0x9310000)
07-25 21:40:10.094   723  5056 D MdpMgr  : flag(0_0x1->0x1),startStm(804 us),WDPQ(0x       0),WRPQ(0x       0),tv_sec(1784986810),tv_usec(125105)
07-25 21:40:10.094   723  5056 D Iop/p2HPEQNode: [doMdpStart] frameUnit.idxofwaitDQFrmPackList (0x5e812e78_0_0_0, 0_0_1_0)
07-25 21:40:10.094   723  5057 D MdpMgr  : [selectDpIspStream] [selectDpIspStream] cqIdx(0/0/0/34_0/1),sceID(0)
07-25 21:40:10.101   723  5057 D MdpMgr  : [_dequeueBuf] +,cqIndx(0/0/0/34),sceID(0),deqIndex(1),isWaitBuf(1),
07-25 21:40:10.101   723  5057 D MdpMgr  :         deqIndex(1), dequeTime(7008 us)
07-25 21:40:10.101   723  5057 D MdpMgr  : [selectDpIspStream] [selectDpIspStream] cqIdx(0/0/0/34_0/1),sceID(0)
07-25 21:40:10.101   723  5057 D MdpMgr  : [_dequeueBuf] +,cqIndx(0/0/0/34),sceID(0),deqIndex(0),isWaitBuf(1),
07-25 21:40:10.101   723  5057 D MdpMgr  :         deqIndex(0), dequeTime(34 us)
07-25 21:40:10.101   723  5057 D MdpMgr  : [selectDpIspStream] [selectDpIspStream] cqIdx(0/0/0/34_0/1),sceID(0)
07-25 21:40:10.102   723  5057 D MtkCam/StreamingPipe/P2ANode: [onDIPStreamBaseCB] P2S cam 0 MWFrame:#34 MWReq:#34, frame 35-35 :sensor(0) Frame 35 enque done in 9 ms, result = 1
07-25 21:40:10.102   723  5057 D Iop/p2HPDQNode: [doDeque] +,tag(2),idx(0),p2CQ(0/0/0/34),
07-25 21:40:10.102   723  5057 D Iop/p2HPDQNode:                          +,tag(1),idx(0),p2CQ(0/0),
07-25 21:40:10.102   723  5057 D Iop/p2HPDQNode:                          -,cb(268 us)
07-25 21:40:10.102   723  5061 D MtkCam/P2/MWFrame: [doRelease] P2S cam 0 MWFrame:#34 MWReq:#34, frame 35 : all streams(8), using(0), status: s0:d0:App:YCrCb_420_SP:0|HW_TEXTURE(1),Meta:App:Control(1),Hal:Image:P1:Resizeraw_main1(1),Hal:Image:STT_main1(1),Hal:Meta:P1:Dynamic_main1(1),Hal:Meta:P2:Dynamic(1),App:Meta:DynamicP1_main1(1),App:Meta:DynamicP2(1),
07-25 21:40:10.102   723  5025 D mtkcam-AppStreamMgr: [0-FrameHandler::updateResult] requestNo 34, real time:0, last partial:1
07-25 21:40:10.103   723  5061 D mtkcam-pipeline: [onLastStrongRef] [ requestNo:34 frameNo:34 ] frame end
07-25 21:40:10.103   723  5025 D ULog    : R AppRequest:34 M[CameraDevice:187001] -  :mtkcam-AppStreamMgr #38277
07-25 21:40:10.103   723  5061 D MtkCam/StreamingPipe/Timer: [print]Frame timer [#   35/   0][t  11][io   0][tof  0/  0][d  0/  0][mss  0/  0/  0/  0][a 10/  1/  9][tun  0/  0][msf  0/  0][vnr  0/  0/  0][am  0][b  0/  0][tpi(  0/  0)/(  0/  0)/(  0/  0)][vmdp_A  0/  0 vmdp_B  0/  0][h  0/  0/  0][e  0][r  0/  0][w_A  0/  0/  0/  0 w_B  0/  0/  0/  0][x  0][disp  0/  0][async  0/  0][p2sm  0/  0/  0][fps29.50/29.50/ 30/ 30]
07-25 21:40:10.111   723  5052 D NormalPipe: [enqueRequest] +N:0 CurSof:39 enqCnt:37 cqCnt(p/v):37/37 FrameStatus(2)
07-25 21:40:10.111   723  5052 D NormalPipe: [configEnquePath] N:0 configFrame event:1 multiSenNum:2 occupy:0 status:1(2) fsm:0 depth:0
07-25 21:40:10.112   723  5052 D NormalPipe: [dmaCfg] N:0 dma:x8 cmd:0x101a, crop:(0,0,2016,1136), outsize:(1920,1088)
07-25 21:40:10.112   723  5052 D NormalPipe: [dmaCfg] N:0 dma:x6 cmd:0x101c, crop:(0,0,2016,1), outsize:(2016,1)
07-25 21:40:10.112   723  5052 D ifunc_cam_tuning: [update] [0x0]:CAM_TUNING_CTRL - EN:0x100e02e0 DMA:0x808001e8
07-25 21:40:10.112   723  5052 D LMVDrv  : [GetLMVStatusAndUpdate]Suspicous clear, driver may drop frame and now in new pipeline: magicNum(38)=bypass(0)
07-25 21:40:10.112   723  5052 W LMVDrv  : [GetLMVStatusAndUpdate]Cannot find magicNum(0) in queue(0)
07-25 21:40:10.112   723  5052 D camiopipe: [sendCommand] [0x0]:[0]P1_UPDATE_CHECK CTL_EN(0x11bebee3) +[0_0]:0x11bebee3 [1_0]:0x11bebee3 [2_0]:0x11bebee3 -[0_0]:0x11bebee3 [1_0]:0x11bebee3 [2_0]:0x11bebee3 
07-25 21:40:10.112   723  5052 D NormalPipe: [frameToEnque] - sof(39)
07-25 21:40:10.112   723  5052 D NormalPipe: [enqueRequest] -
07-25 21:40:10.112   723  5028 D HwIRQ3A : [wait] VSIrq
07-25 21:40:10.113   723  5028 I MtkCam/P1NodeImp: [setRequest] [Cam::0 R39 S39 E38 D36 O36 #0] [P1::SET][Num Q:39 M:39 F:37 R:37 @0][Type:1 Out:x85 Rec:x0 Raw:1 Cap:0 Exe:1 Flush:x0] Num[39] Ctrl[1]=[ 39 ]
07-25 21:40:10.113   723  5028 D aao_buf_mgr: [updateInfo] mMagicNumber(36), i4SubsampleCount(1)
07-25 21:40:10.113   723  4812 E camiopipe: [vendor/mediatek/proprietary/hardware/mtkcam/drv/src/isp/mt6768/imageio/pipe/CamIOPipe/CamIOPipe.cpp, sendCommand, line3805] ERROR: [0x0]:NOT support command! (sendCommand){#3805:vendor/mediatek/proprietary/hardware/mtkcam/drv/src/isp/mt6768/imageio/pipe/CamIOPipe/CamIOPipe.cpp}
07-25 21:40:10.113   723  4812 E camiopipe: [vendor/mediatek/proprietary/hardware/mtkcam/drv/src/isp/mt6768/imageio/pipe/CamIOPipe/CamIOPipe.cpp, sendCommand, line3812] ERROR: [0x0]:sendCommand(0x1500) error! (sendCommand){#3812:vendor/mediatek/proprietary/hardware/mtkcam/drv/src/isp/mt6768/imageio/pipe/CamIOPipe/CamIOPipe.cpp}
07-25 21:40:10.113   723  4812 E NormalPipe: [vendor/mediatek/proprietary/hardware/mtkcam/drv/src/isp/mt6768/iopipe/CamIO/NormalPipe.cpp, sendCommand, line3773] ERROR: error: sendCommand fail: (cmd,arg1,arg2,arg3)=(0x00001500,0x7C9EA4FF40,0x7C9EA4FF44,0xB400007ECE82A6AC) (sendCommand){#3773:vendor/mediatek/proprietary/hardware/mtkcam/drv/src/isp/mt6768/iopipe/CamIO/NormalPipe.cpp}
07-25 21:40:10.113   723  4812 D Hal3Av3 : [parseMeta] Return to AP AE_REGIONS L(0) T(0) R(0) B(0) W(0)
07-25 21:40:10.113   723  4812 D Hal3Av3 : [parseMeta] Return to AP AF_REGIONS L(0) T(0) R(0) B(0) W(0)
07-25 21:40:10.114   723  5028 D AeFlowDefault: [monitorAndReschedule:Perframe AE] Calc:1 Apply:1 Magic:36 AEMonitorStable:1 VdCnt:0 u4CwvYcur:0 u4CwvYpre:0 
07-25 21:40:10.114   723  4812 D Hal3Av3 : [parseMeta] Return to AP AWB_REGIONS L(0) T(0) R(0) B(0) W(0)
07-25 21:40:10.114   723  4812 D Hal3Av3 : [parseMeta] MTK_SENSOR_TEST_PATTERN_DATA(0, 0, 0, 0)
07-25 21:40:10.114   723  4812 I MtkCam/P1NodeImp: [runQueue] [Cam::0 R39 S39 E38 D36 O36 #1] [P1::REQ][Num Q:40 M:0 F:38 R:38 @0][Type:1 Out:x85 Rec:x0 Raw:1 Cap:0 Exe:1 Flush:x0] [META ze:0 ci:3 rt:-1 tn:-1 qc:-1 fi:-1 fr:-1] [New-Request][0] [0] [IMGO:1 (-1,-1)] [Gp:255/0] IOmap-Img[1]=<0_I[0]{}_O[2]{0x100000003,0x100000004}>-Meta[1]=<0_I[2]{0x80000000,0x100000018}_O[2]{0x10000001b,0x100000024}> CfgStream-Img[OutIMG:0x100000001(0),OutRRZ:0x100000003(1),OutLCS:0x100000004(1)]-Meta[InAPP:0x80000000(1),InHAL:0x100000018(1),OutAPP:0x100000024(1),OutHAL:0x10000001b(1)]  | [PreSet][Key:40] Num(0) Dummy(0) MetaCnt[APP:66,HAL:17] | [Rev:0] depth(1) burst(1) Que[1]
07-25 21:40:10.114   723  4812 D MtkCam/ppl_context: [sendFrameToRootNodes] r38 frameNo:38 (X) -> 0x1 success; erase record
07-25 21:40:10.114   723  5028 D ae_mgr  : [updateAEInfo2ISP] State:0 VDNum:0 Shutter:30003 Gain:9040 1024 750 Flare offset:0 512 FrameDuration:33350000 DisableOBC:0 ExpRatio:100 eAEMode:1 eAEstate:2 CurrentidxF:113
07-25 21:40:10.114   723  5028 D awb_mgr : [setIspAwbInfo()] m_eSensorDev: 1, awb_gain: 988/512/824, PreGain1: 512/512/512, RPG: 988/512/824, PGN: 988/512/824, bAWBLock: 0 (m_bAWBLock:0, m_u4AWBMode:1)
07-25 21:40:10.114   723  5028 D Task3APv: [run] getSensorParams: m_u4PreRealISO(750), u4RealISO(750), m_preAwbGain(988, 512, 824), rAwbInfo.gain(988, 512, 824)
07-25 21:40:10.114   723  5028 D isp_tuning_custom: [evaluate_Shading_Ratio] sensorid(1379), preSensorId(1379), eSensorMode(2), preSensorMode(2), isSensorOrModeSwitch(0), isInit(0)
07-25 21:40:10.114   723  5028 D isp_tuning_custom: [iso_smooth][ISO smooth enabled][ISO idx(3344)]avgISO = 750.
07-25 21:40:10.114   723  5028 D isp_tuning_custom: [RA_smooth][RA smooth][frm idx(3344)] rto for iso(21), prev_rto(21),RA_incremental_step(2), smoothed ratio(21)
07-25 21:40:10.115   723  5028 D paramctrl_per_frame: put ratio with m_eSensorDev(1), i4Rto(21)
07-25 21:40:10.115   723  5028 D paramctrl_per_frame: [updateLscInfo] (flash, iso, rto)=(0, 750, 21), auto(1), lock(0,0,0), dyn(1), op(0), PreCapFlashIsLockRto(0), fgForceUnlock(0)
07-25 21:40:10.115   723  5081 D MtkCam/HalSensorList: [querySecureState] Secure State is 0
07-25 21:40:10.116   723  5028 D Task3APv: [run] Cam 1 : Req(#39)/Stt(#36)/i4Opt(0)/FlashOnOff(0) Lv(8)/ISO(750)/RGB(988,512,824) AFisLockAE(0) isLVChangeTooMuch(0) m_i4FrameCount(37) m_i4TsfFrameCount(38)
07-25 21:40:10.116   723  5028 W TuningMgr: TuningMgr[updateEngine] WARNING: [temp log] AF enable(1_0x100e02e0_0x808001e8)
07-25 21:40:10.116   723  5028 D TuningMgr: TuningMgr[enqueBuffer] magicNum(0x27)
07-25 21:40:10.116   531  2449 E [GrallocExtra-ERROR]: gralloc_extra_query:105 gralloc_extra_query with NULL handle: 0x0
07-25 21:40:10.117   723  5028 I MtkCam/P1NodeImp: [setupAction] [Cam::0 R39 S39 E39 D36 O36 #1] [P1::ENQ][Num Q:39 M:39 F:37 R:37 @39][Type:1 Out:x85 Rec:x0 Raw:1 Cap:0 Exe:1 Flush:x0] [Exp:30003000ns] [MetaCtrl][SCALER_CROP(1) (0,0_2016x1512) ][SENSOR_CROP(0)][RESIZER_SET(0)]
07-25 21:40:10.117  2345  2403 D C2OMXNode: dhy...mOsdPos:,,mOsdText:
07-25 21:40:10.117   723  5028 D NormalPipe: [acceptEnqRequest] MyEnq:0: dma:0x8 pa(0x6100000)io(0_0_2016_1136_1920_1088) mag(0x27)|dma:0x6 pa(0x4F00000)io(0_0_2016_1_2016_1) mag(0x27)|dma:0xf pa(0x9002700)io(0_0_256_1_256_1) mag(0x27)|dma:0xb pa(0xD900000)io(0_0_384_384_384_384) mag(0x27)|
07-25 21:40:10.117   723  5080 E AfAlgo  : Err:  6195: [AdpComp]Adaptive input error!! 
07-25 21:40:10.117   723  5080 E AfAlgo  : Err:  6279: [AdpComp]Adaptive input error
07-25 21:40:10.117   723  5080 D TaskAFNormal: [run] Cam 1 : Req(#39)/Stt(#37)/i4Opt(0)/FlashOnOff(0)
07-25 21:40:10.118   723  5081 D MtkCam/HalSensorList: [querySecureState] Secure State is 0
07-25 21:40:10.119   723  5053 D SecMgr  : [SecMgr_GetSecurePortStatus] + (0x0x0)module:0x0 dma port:rrzo
07-25 21:40:10.120   723  5053 D SecMgr  : [SecMgr_GetSecurePortStatus] (0x0)DMA port (0x1) is not supported
07-25 21:40:10.120   723  1126 D ULog    : R AppRequest:39 M[CameraDevice:187001] +  :mtkcam-dev3 #38278
07-25 21:40:10.120   723  5053 D ifunc_cam_buf: [waitBufReady] [0x0]:, [0x8900000] waitbufready pass
07-25 21:40:10.120   723  5053 D ifunc_cam_buf: [dequeueHwBuf] [0x0]:BUF_CTRL_RRZO:(0xd_0x0),PA(0x8900000_0xBC00A00),FH_VA(0x7F775C3A00),size(0x3bc400),cur sof(0),
07-25 21:40:10.120   723  5053 D SecMgr  : [SecMgr_GetSecurePortStatus] + (0x0x0)module:0x0 dma port:imgo
07-25 21:40:10.120   723  5053 D SecMgr  : [SecMgr_GetSecurePortStatus] (0x0)DMA port (0x0) is not supported
07-25 21:40:10.120   723  5053 D SecMgr  : [SecMgr_GetSecurePortStatus] + (0x0x0)module:0x0 dma port:
07-25 21:40:10.120   723  5053 D SecMgr  : [SecMgr_GetSecurePortStatus] + (0x0x0)module:0x0 dma port:lcso
07-25 21:40:10.120   723  1126 D mtkcam-dev3-utils: [0-AppRequestUtil::createOneRequest] requestNumber[39]:StreamBuffer:0xb400007dbe819a80 streamId:0 bufferId:4 buffer:0xb400007e2e823dd0 status:OK acquireFenceOp.hdl:0x7cde6082f8 releaseFenceOp.hdl:0x0 acquireFenceOp.fd:-1 releaseFenceOp.fd:-1 appBufferHandleHolder:0xb400007d8e852a28 freeByOthers:0 / 
07-25 21:40:10.120   723  5053 D NormalPipe: [ispDequeThread] N:0_deq@SOF_39
07-25 21:40:10.120   723  5044 D NormalPipe: [deque] MyDeq:0: dma:0x6 pa(0x4F013C0) io(0_0_1_0_0_0_2016_1_2016_1) mag(0x25)|dma:0x8 pa(0x8900000) io(0_0_2016_1136_0_0_1920_1088_1920_1088) mag(0x25)|dma:0xb pa(0xE600000) io(0_0_0_0_0_0_0_0_0_0) mag(0x25)|dma:0xf pa(0x9002500) io(0_0_0_0_0_0_0_0_0_0) mag(0x25)|
07-25 21:40:10.120   723  5053 D SecMgr  : [SecMgr_GetSecurePortStatus] + (0x0x0)module:0x0 dma port:rrzo
07-25 21:40:10.120   723  5053 D SecMgr  : [SecMgr_GetSecurePortStatus] (0x0)DMA port (0x1) is not supported
07-25 21:40:10.120   723  5044 W fsc_hal : [processResult]image_scale_output.image_scale == 0
07-25 21:40:10.120   723  1126 D mtkcam-HDRPolicyHelper: [getSeamlessSmoothResult][Cam::0]frameType[3] requestAETargetMode=0 requestExpNum=0
07-25 21:40:10.120   723  5044 D fsc_hal : [processResult]P magic(37) dac(258) ET(30003) EIS(0), CB magic(37), factor(1.000000), sensor(2016,1136), RRZO: c(0,0,2016,1136) s(1920,1088) f(0.000000,0.000000,1920.000000,1088.000000),RSSO: s(0,0), f(0.000000,0.000000,0.000000,0.000000)
07-25 21:40:10.121   723  5044 D MtkCam/HalSensorList: [querySecureState] Secure State is 0
07-25 21:40:10.121   723  5044 D MtkCam/HalSensor: [destroyInstance] HalSensor destroyInstance count = 6, caller =MtkCam/P1NodeUtility
07-25 21:40:10.121   723  5044 D MtkCam/BaseHeap: [IonHeap::unlockBufLocked] Hal:Image:P1:Fullraw_main1:Size2016x1:Stride2520.0.0:Sn3@ still locked (2)
07-25 21:40:10.121   723  5044 I MtkCam/P1NodeImp: [releaseAction] [Cam::0 R39 S39 E39 D37 O36 #1] [P1::DEQ][Num Q:37 M:37 F:35 R:35 @37][Type:1 Out:x85 Rec:x0 Raw:1 Cap:0 Exe:3 Flush:x0] job(0/1) IMG(pure) RRZ0(0-0-2016x1136)(0-0-1920x1088)(1920x1088) T-ns(EXP: 30003000)(Src:0)(SOF: m_948789770000 b_948789764000)(SS: 948759767000) ExpExtend(0, 0)Q(Sen
07-25 21:40:10.122   723  1126 D MtkCam/ppl_context: [sendFrameToRootNodes] r39 frameNo:39 (X) -> 0x1 BUSY
07-25 21:40:10.122   723  5047 I MtkCam/P1NodeImp: [releaseFrame] [Cam::0 R39 S39 E39 D37 O37 #1] [P1::OUT][Num Q:37 M:37 F:35 R:35 @37][Type:1 Out:x85 Rec:x0 Raw:1 Cap:0 Exe:3 Flush:x0] [Release-0] [DispatchFrame]
07-25 21:40:10.122   723  5047 D MtkCam/ppl_context: [onDispatchFrame] r35 frameNo:35 0x1 -> 0x15 READY(1/1)
07-25 21:40:10.122   723  5047 D MtkCam/P2/MWFrameRequest: [printIOMap] P2S cam 0 MWFrame:#35 MWReq:#35, frame 36 : iomap: [0]=>img[2/1], meta[3/2], fps[29.56]
07-25 21:40:10.124   723  5062 D MtkCam/P2/StreamingProcessor: [makePayLoad] P2S cam 0 MWFrame:#35 MWReq:#35, frame 36-0 : masterID(0) #Requests(1) merged into #RequestsPacks(1), PendingPayload(1), p1Ts=0000948762267000
07-25 21:40:10.124   723  5062 D MtkCam/StreamingPipe/Data: [calNonLargeSrcCrop]sID(0), imgoIn(0), srcCrop(0,0,1920x1088), isSrcCrop(0), mP2Pack Valid(1), imgo(0x0),rrz(1920x1088)
07-25 21:40:10.124   723  5062 D MtkCam/StreamingPipe/Pipe: [prepareIORequest]P2S cam 0 MWFrame:#35 MWReq:#35, frame 36-36  master/slave/fd(0/-1/0) ReqNo(36), feature=0x8008(3DNR+FSC), cycle(33), fps(n/a)=(30/30), ZoomROI((1442.539673x1088.000000)@(238.730179,0.000000)) SFPIOMgr:[sID(0)--IMG(0x0/0),RRZ(0xb400007e0e826170/1),LCS(0xb400007e0e824310/1),LCSH(0x0/0),pRSS(0x0/0),cRSS(0x0/0),RSSR2(0x0/0),FYuv(0x0/0),RYuv1(0x0/0),RYuv2(0x0/0),mAIYuv(0x0/0),HalI(0xb400007dbe817b70),AppI(0xb400007e2e81f6f8),AppDI(0xb400007dbe814840),AppOver(0x0)]{path(GEN),halO(0xb400007e2e80e470),appO(0xb400007e2e82f330),Outs--[buf(0xb400007e0e818bb0/1)(320x240),tran(0),type(1), tar(disp), prof(0), crop(238.730179,0.000000,1442.539673x1088.000000), flag(0x0)]Tuning--id(0)--[flag(5)]}
07-25 21:40:10.125   723  5060 D isp_mgr_sl2: DIP_X_SL2H_RZ is (SL2_VRZ_COM, SL2_HRZ_COM) = (2138, 2150), (i4RzWidth, i4Width) = (1920, 2016), (i4RzHeight, i4Height) = (1088, 1136)
07-25 21:40:10.125   723  5060 D isp_mgr_sl2: profile is 1, DIP_X_SL2H_RZ is (0x085a0866)
07-25 21:40:10.126   723  5060 D isp_mgr_nr3d: NR3D_EN(1), SL2E_EN(1), x,y,w,h(0,0,1920,1088), full x,y,w,h(0,0,1920,1088),vipi offst(0) w,h(1920,1088), R2C en(1) cnt(1,5,1,9)
07-25 21:40:10.126   723  5060 D MtkCam/StreamingPipe/P2ANode: [enqueFeatureStream] P2S cam 0 MWFrame:#35 MWReq:#35, frame 36-36 :sensor(0) Frame 36 enque start
07-25 21:40:10.126   723  5055 D Iop/p2HPEQNode: [doEnque] sDrvScen:0, CQIdx:0, dupCQIdx:1, burstQIdx:0, RingBufIndex:35,  mTuningData ptr:780427428
07-25 21:40:10.126   723  5055 D PostProcPipe: [PrintPipePortInfo] vInPorts:FN(35),RN(35),TS(0xe6a34d78),UK(0xcc183a0),Sec(0),[0]:(0x2205),w(1920),h(1088),stride(3600,0,0),type(0),idx(19),dir(0),Size(0x003bc400,0x00000000,0x00000000),VA(0x7c63efb000,0x0,0x0),PA(0x8900000,0x0,0x0),secPort(0),
07-25 21:40:10.126   723  5055 D PostProcPipe:                       vInPorts:FN(35),RN(35),TS(0xe6a34d78),UK(0xcc183a0),Sec(0),[1]:(0x32315659),w(1920),h(1088),stride(1920,960,960),type(0),idx(22),dir(0),Size(0x001fe000,0x0007f800,0x0007f800),VA(0x7c85b2d000,0x7c85d2b000,0x7c85daa800),PA(0xaa00000,0xabfe000,0xac7d800),secPort(0),
07-25 21:40:10.126   723  5055 D PostProcPipe:                       vInPorts:FN(35),RN(35),TS(0xe6a34d78),UK(0xcc183a0),Sec(0),[2]:(0x2401),w(200),h(112),stride(768,0,0),type(0),idx(26),dir(0),Size(0x00048000,0x00000000,0x00000000),VA(0x7ccb800000,0x0,0x0),PA(0xe600000,0x0,0x0),secPort(0)
07-25 21:40:10.126   723  5055 D PostProcPipe: [PrintPipePortInfo] vOutPorts:FN(35),RN(35),TS(0xe6a34d78),UK(0xcc183a0),Sec(0),[0]:(0x32315659),w(1920),h(1088),stride(1920,960,960),type(0),idx(32),dir(1),Size(0x001fe000,0x0007f800,0x0007f800),VA(0x7c8582f000,0x7c85a2d000,0x7c85aac800),PA(0xad00000,0xaefe000,0xaf7d800),secPort(0),
07-25 21:40:10.126   723  5055 D PostProcPipe:                       vOutPorts:FN(35),RN(35),TS(0xe6a34d78),UK(0xcc183a0),Sec(0),[1]:(0x11),w(320),h(240),stride(320,320,0),type(0),idx(38),dir(1),Size(0x00012c00,0x00009600,0x00000000),VA(0x7cdd46b000,0x7cdd47dc00,0x0),PA(0x9a00000,0x9a12c00,0x0),secPort(0)
07-25 21:40:10.126   723  5055 D PostProcPipe: [configPipe] [Imgi][crop_1](x,f_x,y,f_y)=(0,0,0,0),(w,f_w,h,f_h)=(0,0,0,0),(tarW,tarH)=(0,0)-
07-25 21:40:10.126   723  5055 D PostProcPipe:                     [crop_2](x,f_x,y,f_y)=(238,765648,0,0),(w,f_w,h,f_h)=(1442,565888,1088,0),(tarW,tarH)=(320,240)-
07-25 21:40:10.126   723  5055 D PostProcPipe:                     [crop_3](x,f_x,y,f_y)=(0,0,0,0),(w,f_w,h,f_h)=(0,0,0,0),(tarW,tarH)=(0,0),dupCqIdx(1),[vipi]ofst(0),rW/H(1920/1088)
07-25 21:40:10.126   723  5055 D PostProcPipe: ,                    isDipOnly(0), hwmodule(9/0), dipCQ/dup/burst(0/1/0), drvSc(0), isWtf(1),tdr_tpipe(0),en_yuv/yuv2/rgb/dma/fmt_sel/ctl_sel/misc (0x11e07df8/0xf0/0x1400f9/0x20e0f1/0x30480409/0x16040/0x10), tcm(0xa/0x9fd8e1e3/0xe807b3c), last(1), CRZ_EN(0), img3o ofset(0,0),userName(),PIX_ID(3),ImgBuf_PIX_ID(3),tv_sec(1784986810),tv_usec(159204)
07-25 21:40:10.127   723  5055 D iio/ifunc_dip: [ConfigDipPipe] moduleIdx(0), pDipWBuf(0xce827c88), m_pIspDescript_phy(0x91d2000), m_pIspDescript_vir(0x8a727000), m_pIspVirRegAddr_pa(0x91d3000), m_pIspVirRegAddr_va(0x8a728000)
07-25 21:40:10.127   723  5056 D iio/ifunc_dip: [enable] thiscq(0), frameflag(0x1), ring_index(35), ref_ringbufidx(34)
07-25 21:40:10.127   723  5056 D MdpMgr  : [updateDpStreamMap] refObjectCqIdx:0, refObjectRingBufIdx:1,cqIdx:0,ringIdx:35,refringbufidx:34
07-25 21:40:10.127   723  5056 D MdpMgr  : [selectDpIspStream] [selectDpIspStream] cqIdx(0/1/0/35_0/1),sceID(0)
07-25 21:40:10.127   723  5056 D MdpMgr  : [_startMdp] dstFmt(657,4982892)
07-25 21:40:10.128   723  5056 D MdpMgr  : [_startMdp] +sceID(0),cqPa(0x91d2000)-Va(0x7c8a727000),tpipVa(0x7c8a164000)-Pa(0x9310000),isWaitB(1),cqIndx(0/1/0/35),venc(0),(va: 0x7c8a164000),        srcFt(0x2205),W(1920),H(1088),stride(3600,0),size(0x3bc400-0x0-0x0),VA(0x    ffff),PA(0x 8900000),plane(1),Stmtype(1)
07-25 21:40:10.128   723  5056 D MdpMgr  :         wdma_en(1),idx(0),cap(3),ft(17),rt(0),fp(0),(w,h,s)=(320,240,320),C(w,h,s)=(320,120,320),V(w,h,s)=(0,0,0),mdpidx(0),
07-25 21:40:10.128   723  5056 D MdpMgr  :         wrot_en(0),idx(1),cap(0),ft(0),rt(0),fp(0),(w,h,s)=(0,0,0),C(w,h,s)=(0,0,0),V(w,h,s)=(0,0,0),mdpidx(0),
07-25 21:40:10.128   723  5056 D MdpMgr  :         jpg_en(0),idx(2),cap(0),ft(0),rt(0),fp(0),(w,h,s)=(0,0,0),C(w,h,s)=(0,0,0),V(w,h,s)=(0,0,0),mdpidx(1),
07-25 21:40:10.128   723  5056 D MdpMgr  :         pipe_en(0),idx(3),cap(0),ft(0),rt(0),fp(0),(w,h,s)=(0,0,0),C(w,h,s)=(0,0,0),V(w,h,s)=(0,0,0),mdpidx(2),
07-25 21:40:10.128   723  5056 D MdpMgr  :         (va:0x7c8a164000,dstpa:0x9310000)
07-25 21:40:10.128   723  5056 D MdpMgr  : flag(0_0x1->0x1),startStm(570 us),WDPQ(0x       0),WRPQ(0x       0),tv_sec(1784986810),tv_usec(159204)
07-25 21:40:10.128   723  5056 D Iop/p2HPEQNode: [doMdpStart] frameUnit.idxofwaitDQFrmPackList (0x5e812e78_0_0_1, 0_0_1_0)
07-25 21:40:10.128   723  5057 D MdpMgr  : [selectDpIspStream] [selectDpIspStream] cqIdx(0/1/0/35_0/1),sceID(0)
07-25 21:40:10.135   723  5057 D MdpMgr  : [_dequeueBuf] +,cqIndx(0/1/0/35),sceID(0),deqIndex(1),isWaitBuf(1),
07-25 21:40:10.135   723  5057 D MdpMgr  :         deqIndex(1), dequeTime(6402 us)
07-25 21:40:10.135   723  5057 D MdpMgr  : [selectDpIspStream] [selectDpIspStream] cqIdx(0/1/0/35_0/1),sceID(0)
07-25 21:40:10.135   723  5057 D MdpMgr  : [_dequeueBuf] +,cqIndx(0/1/0/35),sceID(0),deqIndex(0),isWaitBuf(1),
07-25 21:40:10.135   723  5057 D MdpMgr  :         deqIndex(0), dequeTime(22 us)
07-25 21:40:10.135   723  5057 D MdpMgr  : [selectDpIspStream] [selectDpIspStream] cqIdx(0/1/0/35_0/1),sceID(0)
07-25 21:40:10.135   723  5057 D MtkCam/StreamingPipe/P2ANode: [onDIPStreamBaseCB] P2S cam 0 MWFrame:#35 MWReq:#35, frame 36-36 :sensor(0) Frame 36 enque done in 9 ms, result = 1
07-25 21:40:10.135   723  5057 D Iop/p2HPDQNode: [doDeque] +,tag(2),idx(0),p2CQ(0/1/0/35),
07-25 21:40:10.135   723  5057 D Iop/p2HPDQNode:                          +,tag(1),idx(0),p2CQ(0/1),
07-25 21:40:10.135   723  5057 D Iop/p2HPDQNode:                          -,cb(157 us)
07-25 21:40:10.136   723  5061 D MtkCam/P2/MWFrame: [doRelease] P2S cam 0 MWFrame:#35 MWReq:#35, frame 36 : all streams(8), using(0), status: s0:d0:App:YCrCb_420_SP:0|HW_TEXTURE(1),Meta:App:Control(1),Hal:Image:P1:Resizeraw_main1(1),Hal:Image:STT_main1(1),Hal:Meta:P1:Dynamic_main1(1),Hal:Meta:P2:Dynamic(1),App:Meta:DynamicP1_main1(1),App:Meta:DynamicP2(1),
07-25 21:40:10.136   723  5025 D mtkcam-AppStreamMgr: [0-FrameHandler::updateResult] requestNo 35, real time:0, last partial:1
07-25 21:40:10.136   723  5061 D mtkcam-pipeline: [onLastStrongRef] [ requestNo:35 frameNo:35 ] frame end
07-25 21:40:10.136   723  5025 D ULog    : R AppRequest:35 M[CameraDevice:187001] -  :mtkcam-AppStreamMgr #38279
07-25 21:40:10.136   723  5061 D MtkCam/StreamingPipe/Timer: [print]Frame timer [#   36/   0][t  11][io   0][tof  0/  0][d  0/  0][mss  0/  0/  0/  0][a 10/  1/  9][tun  0/  0][msf  0/  0][vnr  0/  0/  0][am  0][b  0/  0][tpi(  0/  0)/(  0/  0)/(  0/  0)][vmdp_A  0/  0 vmdp_B  0/  0][h  1/  0/  0][e  0][r  0/  0][w_A  0/  0/  0/  0 w_B  0/  0/  0/  0][x  0][disp  0/  0][async  0/  0][p2sm  0/  0/  0][fps29.53/29.53/ 30/ 30]
07-25 21:40:10.145   723  5028 D HwIRQ3A : [wait] VSIrq
07-25 21:40:10.145   723  5052 D NormalPipe: [enqueRequest] +N:0 CurSof:40 enqCnt:38 cqCnt(p/v):38/38 FrameStatus(2)
07-25 21:40:10.145   723  5052 D NormalPipe: [configEnquePath] N:0 configFrame event:1 multiSenNum:2 occupy:0 status:1(2) fsm:0 depth:0
07-25 21:40:10.146   723  5052 D NormalPipe: [dmaCfg] N:0 dma:x8 cmd:0x101a, crop:(0,0,2016,1136), outsize:(1920,1088)
07-25 21:40:10.146   723  5028 I MtkCam/P1NodeImp: [setRequest] [Cam::0 R40 S40 E39 D37 O37 #0] [P1::SET][Num Q:40 M:40 F:38 R:38 @0][Type:1 Out:x85 Rec:x0 Raw:1 Cap:0 Exe:1 Flush:x0] Num[40] Ctrl[1]=[ 40 ]
07-25 21:40:10.146   723  1126 E camiopipe: [vendor/mediatek/proprietary/hardware/mtkcam/drv/src/isp/mt6768/imageio/pipe/CamIOPipe/CamIOPipe.cpp, sendCommand, line3805] ERROR: [0x0]:NOT support command! (sendCommand){#3805:vendor/mediatek/proprietary/hardware/mtkcam/drv/src/isp/mt6768/imageio/pipe/CamIOPipe/CamIOPipe.cpp}
07-25 21:40:10.146   723  5052 D NormalPipe: [dmaCfg] N:0 dma:x6 cmd:0x101c, crop:(0,0,2016,1), outsize:(2016,1)
07-25 21:40:10.146   723  1126 E camiopipe: [vendor/mediatek/proprietary/hardware/mtkcam/drv/src/isp/mt6768/imageio/pipe/CamIOPipe/CamIOPipe.cpp, sendCommand, line3812] ERROR: [0x0]:sendCommand(0x1500) error! (sendCommand){#3812:vendor/mediatek/proprietary/hardware/mtkcam/drv/src/isp/mt6768/imageio/pipe/CamIOPipe/CamIOPipe.cpp}
07-25 21:40:10.146   723  1126 E NormalPipe: [vendor/mediatek/proprietary/hardware/mtkcam/drv/src/isp/mt6768/iopipe/CamIO/NormalPipe.cpp, sendCommand, line3773] ERROR: error: sendCommand fail: (cmd,arg1,arg2,arg3)=(0x00001500,0x7C9833AF40,0x7C9833AF44,0xB400007ECE8315EC) (sendCommand){#3773:vendor/mediatek/proprietary/hardware/mtkcam/drv/src/isp/mt6768/iopipe/CamIO/NormalPipe.cpp}
07-25 21:40:10.146   723  5028 D aao_buf_mgr: [updateInfo] mMagicNumber(37), i4SubsampleCount(1)
07-25 21:40:10.146   723  1126 D Hal3Av3 : [parseMeta] Return to AP AE_REGIONS L(0) T(0) R(0) B(0) W(0)
07-25 21:40:10.146   723  1126 D Hal3Av3 : [parseMeta] Return to AP AF_REGIONS L(0) T(0) R(0) B(0) W(0)
07-25 21:40:10.146   723  1126 D Hal3Av3 : [parseMeta] Return to AP AWB_REGIONS L(0) T(0) R(0) B(0) W(0)
07-25 21:40:10.146   723  1126 D Hal3Av3 : [parseMeta] MTK_SENSOR_TEST_PATTERN_DATA(0, 0, 0, 0)
07-25 21:40:10.146   723  5052 D ifunc_cam_tuning: [update] [0x0]:CAM_TUNING_CTRL - EN:0x100e02e0 DMA:0x808001e8
07-25 21:40:10.146   723  1126 I MtkCam/P1NodeImp: [runQueue] [Cam::0 R40 S40 E39 D37 O37 #1] [P1::REQ][Num Q:41 M:0 F:39 R:39 @0][Type:1 Out:x85 Rec:x0 Raw:1 Cap:0 Exe:1 Flush:x0] [META ze:0 ci:3 rt:-1 tn:-1 qc:-1 fi:-1 fr:-1] [New-Request][0] [0] [IMGO:1 (-1,-1)] [Gp:255/0] IOmap-Img[1]=<0_I[0]{}_O[2]{0x100000003,0x100000004}>-Meta[1]=<0_I[2]{0x80000000,0x100000018}_O[2]{0x10000001b,0x100000024}> CfgStream-Img[OutIMG:0x100000001(0),OutRRZ:0x100000003(1),OutLCS:0x100000004(1)]-Meta[InAPP:0x80000000(1),InHAL:0x100000018(1),OutAPP:0x100000024(1),OutHAL:0x10000001b(1)]  | [PreSet][Key:41] Num(0) Dummy(0) MetaCnt[APP:66,HAL:17] | [Rev:0] depth(1) burst(1) Que[1]
07-25 21:40:10.146   723  1126 D MtkCam/ppl_context: [sendFrameToRootNodes] r39 frameNo:39 (X) -> 0x1 success; erase record
07-25 21:40:10.146   723  5052 D LMVDrv  : [GetLMVStatusAndUpdate]Suspicous clear, driver may drop frame and now in new pipeline: magicNum(39)=bypass(0)
07-25 21:40:10.146   723  5052 W LMVDrv  : [GetLMVStatusAndUpdate]Cannot find magicNum(0) in queue(0)
07-25 21:40:10.146   723  5052 D camiopipe: [sendCommand] [0x0]:[1]P1_UPDATE_CHECK CTL_EN(0x11bebee3) +[0_0]:0x11bebee3 [1_0]:0x11bebee3 [2_0]:0x11bebee3 -[0_0]:0x11bebee3 [1_0]:0x11bebee3 [2_0]:0x11bebee3 
07-25 21:40:10.146   723  5052 D NormalPipe: [frameToEnque] - sof(40)
07-25 21:40:10.146   723  5052 D NormalPipe: [enqueRequest] -
07-25 21:40:10.147   723  5028 D AeFlowDefault: [monitorAndReschedule:Perframe AE] Calc:1 Apply:1 Magic:37 AEMonitorStable:1 VdCnt:0 u4CwvYcur:0 u4CwvYpre:0 
07-25 21:40:10.147   723  5028 D ae_mgr  : [updateAEInfo2ISP] State:0 VDNum:0 Shutter:30003 Gain:9040 1024 750 Flare offset:0 512 FrameDuration:33350000 DisableOBC:0 ExpRatio:100 eAEMode:1 eAEstate:2 CurrentidxF:113
07-25 21:40:10.148   723  5081 D MtkCam/HalSensorList: [querySecureState] Secure State is 0
07-25 21:40:10.148   723  5028 D awb_mgr : [setIspAwbInfo()] m_eSensorDev: 1, awb_gain: 988/512/819, PreGain1: 512/512/512, RPG: 988/512/819, PGN: 988/512/819, bAWBLock: 0 (m_bAWBLock:0, m_u4AWBMode:1)
07-25 21:40:10.148   723  5028 D Task3APv: [run] getSensorParams: m_u4PreRealISO(750), u4RealISO(750), m_preAwbGain(988, 512, 824), rAwbInfo.gain(988, 512, 819)
07-25 21:40:10.148   723  5028 D isp_tuning_custom: [evaluate_Shading_Ratio] sensorid(1379), preSensorId(1379), eSensorMode(2), preSensorMode(2), isSensorOrModeSwitch(0), isInit(0)
07-25 21:40:10.148   723  5028 D isp_tuning_custom: [iso_smooth][ISO smooth enabled][ISO idx(3345)]avgISO = 750.
07-25 21:40:10.148   723  5028 D isp_tuning_custom: [RA_smooth][RA smooth][frm idx(3345)] rto for iso(21), prev_rto(21),RA_incremental_step(2), smoothed ratio(21)
07-25 21:40:10.148   723  5028 D paramctrl_per_frame: put ratio with m_eSensorDev(1), i4Rto(21)
07-25 21:40:10.148   723  5028 D paramctrl_per_frame: [updateLscInfo] (flash, iso, rto)=(0, 750, 21), auto(1), lock(0,0,0), dyn(1), op(0), PreCapFlashIsLockRto(0), fgForceUnlock(0)
07-25 21:40:10.148   723  1126 D ULog    : R AppRequest:40 M[CameraDevice:187001] +  :mtkcam-dev3 #38280
07-25 21:40:10.148   723  5028 D Task3APv: [run] Cam 1 : Req(#40)/Stt(#37)/i4Opt(0)/FlashOnOff(0) Lv(8)/ISO(750)/RGB(988,512,819) AFisLockAE(0) isLVChangeTooMuch(0) m_i4FrameCount(38) m_i4TsfFrameCount(39)
07-25 21:40:10.148   723  5028 W TuningMgr: TuningMgr[updateEngine] WARNING: [temp log] AF enable(1_0x100e02e0_0x808001e8)
07-25 21:40:10.148   723  5028 D TuningMgr: TuningMgr[enqueBuffer] magicNum(0x28)
07-25 21:40:10.148   723  1126 D mtkcam-dev3-utils: [0-AppRequestUtil::createOneRequest] requestNumber[40]:StreamBuffer:0xb400007dbe819a80 streamId:0 bufferId:6 buffer:0xb400007e2e811610 status:OK acquireFenceOp.hdl:0x7cde6082f8 releaseFenceOp.hdl:0x0 acquireFenceOp.fd:-1 releaseFenceOp.fd:-1 appBufferHandleHolder:0xb400007d8e85cd68 freeByOthers:0 / 
07-25 21:40:10.149   723  1126 D mtkcam-HDRPolicyHelper: [getSeamlessSmoothResult][Cam::0]frameType[3] requestAETargetMode=0 requestExpNum=0
07-25 21:40:10.149   723  5028 I MtkCam/P1NodeImp: [setupAction] [Cam::0 R40 S40 E40 D37 O37 #1] [P1::ENQ][Num Q:40 M:40 F:38 R:38 @40][Type:1 Out:x85 Rec:x0 Raw:1 Cap:0 Exe:1 Flush:x0] [Exp:30003000ns] [MetaCtrl][SCALER_CROP(1) (0,0_2016x1512) ][SENSOR_CROP(0)][RESIZER_SET(0)]
07-25 21:40:10.149   723  5028 D NormalPipe: [acceptEnqRequest] MyEnq:0: dma:0x8 pa(0x6500000)io(0_0_2016_1136_1920_1088) mag(0x28)|dma:0x6 pa(0x4F013C0)io(0_0_2016_1_2016_1) mag(0x28)|dma:0xf pa(0x9002800)io(0_0_256_1_256_1) mag(0x28)|dma:0xb pa(0xDD00000)io(0_0_384_384_384_384) mag(0x28)|
07-25 21:40:10.149   723  5081 D MtkCam/HalSensorList: [querySecureState] Secure State is 0
07-25 21:40:10.150   723  1126 D MtkCam/ppl_context: [sendFrameToRootNodes] r40 frameNo:40 (X) -> 0x1 BUSY
07-25 21:40:10.151   723  5080 E AfAlgo  : Err:  6195: [AdpComp]Adaptive input error!! 
07-25 21:40:10.151   723  5080 E AfAlgo  : Err:  6279: [AdpComp]Adaptive input error
07-25 21:40:10.151   723  5080 D TaskAFNormal: [run] Cam 1 : Req(#40)/Stt(#38)/i4Opt(0)/FlashOnOff(0)
07-25 21:40:10.151   531  2449 E [GrallocExtra-ERROR]: gralloc_extra_query:105 gralloc_extra_query with NULL handle: 0x0
07-25 21:40:10.152  2345  2403 D C2OMXNode: dhy...mOsdPos:,,mOsdText:
07-25 21:40:10.153   723  5053 D SecMgr  : [SecMgr_GetSecurePortStatus] + (0x0x0)module:0x0 dma port:rrzo
07-25 21:40:10.153   723  5053 D SecMgr  : [SecMgr_GetSecurePortStatus] (0x0)DMA port (0x1) is not supported
07-25 21:40:10.153   723  5053 D ifunc_cam_buf: [waitBufReady] [0x0]:, [0x5900000] waitbufready pass
07-25 21:40:10.154   723  5053 D ifunc_cam_buf: [dequeueHwBuf] [0x0]:BUF_CTRL_RRZO:(0xd_0x0),PA(0x5900000_0xBC00A80),FH_VA(0x7F775C3A80),size(0x3bc400),cur sof(0),
07-25 21:40:10.154   723  5053 D SecMgr  : [SecMgr_GetSecurePortStatus] + (0x0x0)module:0x0 dma port:imgo
07-25 21:40:10.154   723  5053 D SecMgr  : [SecMgr_GetSecurePortStatus] (0x0)DMA port (0x0) is not supported
07-25 21:40:10.154   723  5053 D SecMgr  : [SecMgr_GetSecurePortStatus] + (0x0x0)module:0x0 dma port:
07-25 21:40:10.154   723  5053 D SecMgr  : [SecMgr_GetSecurePortStatus] + (0x0x0)module:0x0 dma port:lcso
07-25 21:40:10.154   723  5053 D NormalPipe: [ispDequeThread] N:0_deq@SOF_40
07-25 21:40:10.154   723  5053 D SecMgr  : [SecMgr_GetSecurePortStatus] + (0x0x0)module:0x0 dma port:rrzo
07-25 21:40:10.154   723  5053 D SecMgr  : [SecMgr_GetSecurePortStatus] (0x0)DMA port (0x1) is not supported
07-25 21:40:10.154   723  5044 D NormalPipe: [deque] MyDeq:0: dma:0x6 pa(0x4F009E0) io(0_0_1_0_0_0_2016_1_2016_1) mag(0x26)|dma:0x8 pa(0x5900000) io(0_0_2016_1136_0_0_1920_1088_1920_1088) mag(0x26)|dma:0xb pa(0xD800000) io(0_0_0_0_0_0_0_0_0_0) mag(0x26)|dma:0xf pa(0x9002600) io(0_0_0_0_0_0_0_0_0_0) mag(0x26)|
07-25 21:40:10.154   723  5044 W fsc_hal : [processResult]image_scale_output.image_scale == 0
07-25 21:40:10.154   723  5044 D fsc_hal : [processResult]P magic(38) dac(258) ET(30003) EIS(0), CB magic(38), factor(1.000000), sensor(2016,1136), RRZO: c(0,0,2016,1136) s(1920,1088) f(0.000000,0.000000,1920.000000,1088.000000),RSSO: s(0,0), f(0.000000,0.000000,0.000000,0.000000)
07-25 21:40:10.155   723  5044 D MtkCam/HalSensorList: [querySecureState] Secure State is 0
07-25 21:40:10.155   723  5044 D MtkCam/HalSensor: [destroyInstance] HalSensor destroyInstance count = 6, caller =MtkCam/P1NodeUtility
07-25 21:40:10.155   723  5044 D MtkCam/BaseHeap: [IonHeap::unlockBufLocked] Hal:Image:P1:Fullraw_main1:Size2016x1:Stride2520.0.0:Sn2@ still locked (2)
07-25 21:40:10.155   723  5044 I MtkCam/P1NodeImp: [releaseAction] [Cam::0 R40 S40 E40 D38 O37 #1] [P1::DEQ][Num Q:38 M:38 F:36 R:36 @38][Type:1 Out:x85 Rec:x0 Raw:1 Cap:0 Exe:3 Flush:x0] job(0/1) IMG(pure) RRZ0(0-0-2016x1136)(0-0-1920x1088)(1920x1088) T-ns(EXP: 30003000)(Src:0)(SOF: m_948823549000 b_948823543000)(SS: 948793546000) ExpExtend(0, 0)Q(Sen
07-25 21:40:10.156   723  5047 I MtkCam/P1NodeImp: [releaseFrame] [Cam::0 R40 S40 E40 D38 O38 #1] [P1::OUT][Num Q:38 M:38 F:36 R:36 @38][Type:1 Out:x85 Rec:x0 Raw:1 Cap:0 Exe:3 Flush:x0] [Release-0] [DispatchFrame]
07-25 21:40:10.156   723  5047 D MtkCam/ppl_context: [onDispatchFrame] r36 frameNo:36 0x1 -> 0x15 READY(1/1)
07-25 21:40:10.156   723  5047 D MtkCam/P2/MWFrameRequest: [printIOMap] P2S cam 0 MWFrame:#36 MWReq:#36, frame 37 : iomap: [0]=>img[2/1], meta[3/2], fps[29.56]
07-25 21:40:10.157   723  5062 D MtkCam/P2/StreamingProcessor: [makePayLoad] P2S cam 0 MWFrame:#36 MWReq:#36, frame 37-0 : masterID(0) #Requests(1) merged into #RequestsPacks(1), PendingPayload(1), p1Ts=0000948796046000
07-25 21:40:10.158   723  5062 D MtkCam/StreamingPipe/Data: [calNonLargeSrcCrop]sID(0), imgoIn(0), srcCrop(0,0,1920x1088), isSrcCrop(0), mP2Pack Valid(1), imgo(0x0),rrz(1920x1088)
07-25 21:40:10.158   723  5062 D MtkCam/StreamingPipe/Pipe: [prepareIORequest]P2S cam 0 MWFrame:#36 MWReq:#36, frame 37-37  master/slave/fd(0/-1/0) ReqNo(37), feature=0x8008(3DNR+FSC), cycle(33), fps(n/a)=(30/30), ZoomROI((1442.539673x1088.000000)@(238.730179,0.000000)) SFPIOMgr:[sID(0)--IMG(0x0/0),RRZ(0xb400007e0e8252d0/1),LCS(0xb400007e0e82cd70/1),LCSH(0x0/0),pRSS(0x0/0),cRSS(0x0/0),RSSR2(0x0/0),FYuv(0x0/0),RYuv1(0x0/0),RYuv2(0x0/0),mAIYuv(0x0/0),HalI(0xb400007dbe81f510),AppI(0xb400007e2e82f678),AppDI(0xb400007dbe81b300),AppOver(0x0)]{path(GEN),halO(0xb400007e2e836870),appO(0xb400007e2e81deb0),Outs--[buf(0xb400007e0e812af0/1)(320x240),tran(0),type(1), tar(disp), prof(0), crop(238.730179,0.000000,1442.539673x1088.000000), flag(0x0)]Tuning--id(0)--[flag(5)]}
07-25 21:40:10.159   723  5060 D isp_mgr_sl2: DIP_X_SL2H_RZ is (SL2_VRZ_COM, SL2_HRZ_COM) = (2138, 2150), (i4RzWidth, i4Width) = (1920, 2016), (i4RzHeight, i4Height) = (1088, 1136)
07-25 21:40:10.159   723  5060 D isp_mgr_sl2: profile is 1, DIP_X_SL2H_RZ is (0x085a0866)
07-25 21:40:10.159   723  5060 D isp_mgr_nr3d: NR3D_EN(1), SL2E_EN(1), x,y,w,h(0,0,1920,1088), full x,y,w,h(0,0,1920,1088),vipi offst(0) w,h(1920,1088), R2C en(1) cnt(2,6,2,10)
07-25 21:40:10.161   723  5060 D MtkCam/StreamingPipe/P2ANode: [enqueFeatureStream] P2S cam 0 MWFrame:#36 MWReq:#36, frame 37-37 :sensor(0) Frame 37 enque start
07-25 21:40:10.161   723  5055 D Iop/p2HPEQNode: [doEnque] sDrvScen:0, CQIdx:0, dupCQIdx:0, burstQIdx:0, RingBufIndex:36,  mTuningData ptr:780333220
07-25 21:40:10.161   723  5055 D PostProcPipe: [PrintPipePortInfo] vInPorts:FN(36),RN(36),TS(0xe8a6bab0),UK(0xcc183a0),Sec(0),[0]:(0x2205),w(1920),h(1088),stride(3600,0,0),type(0),idx(19),dir(0),Size(0x003bc400,0x00000000,0x00000000),VA(0x7c8f89c000,0x0,0x0),PA(0x5900000,0x0,0x0),secPort(0),
07-25 21:40:10.161   723  5055 D PostProcPipe:                       vInPorts:FN(36),RN(36),TS(0xe8a6bab0),UK(0xcc183a0),Sec(0),[1]:(0x32315659),w(1920),h(1088),stride(1920,960,960),type(0),idx(22),dir(0),Size(0x001fe000,0x0007f800,0x0007f800),VA(0x7c8582f000,0x7c85a2d000,0x7c85aac800),PA(0xad00000,0xaefe000,0xaf7d800),secPort(0),
07-25 21:40:10.161   723  5055 D PostProcPipe:                       vInPorts:FN(36),RN(36),TS(0xe8a6bab0),UK(0xcc183a0),Sec(0),[2]:(0x2401),w(200),h(112),stride(768,0,0),type(0),idx(26),dir(0),Size(0x00048000,0x00000000,0x00000000),VA(0x7f77067000,0x0,0x0),PA(0xd800000,0x0,0x0),secPort(0)
07-25 21:40:10.161   723  5055 D PostProcPipe: [PrintPipePortInfo] vOutPorts:FN(36),RN(36),TS(0xe8a6bab0),UK(0xcc183a0),Sec(0),[0]:(0x32315659),w(1920),h(1088),stride(1920,960,960),type(0),idx(32),dir(1),Size(0x001fe000,0x0007f800,0x0007f800),VA(0x7c864cb000,0x7c866c9000,0x7c86748800),PA(0x9e00000,0x9ffe000,0xa07d800),secPort(0),
07-25 21:40:10.161   723  5055 D PostProcPipe:                       vOutPorts:FN(36),RN(36),TS(0xe8a6bab0),UK(0xcc183a0),Sec(0),[1]:(0x11),w(320),h(240),stride(320,320,0),type(0),idx(38),dir(1),Size(0x00012c00,0x00009600,0x00000000),VA(0x7f77381000,0x7f77393c00,0x0),PA(0xd700000,0xd712c00,0x0),secPort(0)
07-25 21:40:10.162   723  5055 D PostProcPipe: [configPipe] [Imgi][crop_1](x,f_x,y,f_y)=(0,0,0,0),(w,f_w,h,f_h)=(0,0,0,0),(tarW,tarH)=(0,0)-
07-25 21:40:10.162   723  5055 D PostProcPipe:                     [crop_2](x,f_x,y,f_y)=(238,765648,0,0),(w,f_w,h,f_h)=(1442,565888,1088,0),(tarW,tarH)=(320,240)-
07-25 21:40:10.162   723  5055 D PostProcPipe:                     [crop_3](x,f_x,y,f_y)=(0,0,0,0),(w,f_w,h,f_h)=(0,0,0,0),(tarW,tarH)=(0,0),dupCqIdx(0),[vipi]ofst(0),rW/H(1920/1088)
07-25 21:40:10.162   723  5055 D PostProcPipe: ,                    isDipOnly(0), hwmodule(9/0), dipCQ/dup/burst(0/0/0), drvSc(0), isWtf(1),tdr_tpipe(0),en_yuv/yuv2/rgb/dma/fmt_sel/ctl_sel/misc (0x11e07df8/0xf0/0x1400f9/0x20e0f1/0x30480409/0x16040/0x10), tcm(0xa/0x9fd8e1e3/0xe807b3c), last(1), CRZ_EN(0), img3o ofset(0,0),userName(),PIX_ID(3),ImgBuf_PIX_ID(3),tv_sec(1784986810),tv_usec(194134)
07-25 21:40:10.162   723  5055 D iio/ifunc_dip: [ConfigDipPipe] moduleIdx(0), pDipWBuf(0xce827ce0), m_pIspDescript_phy(0x91d8000), m_pIspDescript_vir(0x8a72d000), m_pIspVirRegAddr_pa(0x91d9000), m_pIspVirRegAddr_va(0x8a72e000)
07-25 21:40:10.162   723  5056 D iio/ifunc_dip: [enable] thiscq(0), frameflag(0x1), ring_index(36), ref_ringbufidx(35)
07-25 21:40:10.162   723  5056 D MdpMgr  : [updateDpStreamMap] refObjectCqIdx:0, refObjectRingBufIdx:1,cqIdx:0,ringIdx:36,refringbufidx:35
07-25 21:40:10.162   723  5056 D MdpMgr  : [selectDpIspStream] [selectDpIspStream] cqIdx(0/0/0/36_0/1),sceID(0)
07-25 21:40:10.162   723  5056 D MdpMgr  : [_startMdp] dstFmt(657,4982892)
07-25 21:40:10.163   723  5056 D MdpMgr  : [_startMdp] +sceID(0),cqPa(0x91d8000)-Va(0x7c8a72d000),tpipVa(0x7c8a164000)-Pa(0x9310000),isWaitB(1),cqIndx(0/0/0/36),venc(0),(va: 0x7c8a164000),        srcFt(0x2205),W(1920),H(1088),stride(3600,0),size(0x3bc400-0x0-0x0),VA(0x    ffff),PA(0x 5900000),plane(1),Stmtype(1)
07-25 21:40:10.163   723  5056 D MdpMgr  :         wdma_en(1),idx(0),cap(3),ft(17),rt(0),fp(0),(w,h,s)=(320,240,320),C(w,h,s)=(320,120,320),V(w,h,s)=(0,0,0),mdpidx(0),
07-25 21:40:10.163   723  5056 D MdpMgr  :         wrot_en(0),idx(1),cap(0),ft(0),rt(0),fp(0),(w,h,s)=(0,0,0),C(w,h,s)=(0,0,0),V(w,h,s)=(0,0,0),mdpidx(0),
07-25 21:40:10.163   723  5056 D MdpMgr  :         jpg_en(0),idx(2),cap(0),ft(0),rt(0),fp(0),(w,h,s)=(0,0,0),C(w,h,s)=(0,0,0),V(w,h,s)=(0,0,0),mdpidx(1),
07-25 21:40:10.163   723  5056 D MdpMgr  :         pipe_en(0),idx(3),cap(0),ft(0),rt(0),fp(0),(w,h,s)=(0,0,0),C(w,h,s)=(0,0,0),V(w,h,s)=(0,0,0),mdpidx(2),
07-25 21:40:10.163   723  5056 D MdpMgr  :         (va:0x7c8a164000,dstpa:0x9310000)
07-25 21:40:10.163   723  5056 D MdpMgr  : flag(0_0x1->0x1),startStm(601 us),WDPQ(0x       0),WRPQ(0x       0),tv_sec(1784986810),tv_usec(194134)
07-25 21:40:10.163   723  5056 D Iop/p2HPEQNode: [doMdpStart] frameUnit.idxofwaitDQFrmPackList (0x5e812e78_0_0_0, 0_0_1_0)
07-25 21:40:10.163   723  5057 D MdpMgr  : [selectDpIspStream] [selectDpIspStream] cqIdx(0/0/0/36_0/1),sceID(0)
07-25 21:40:10.170   723  5057 D MdpMgr  : [_dequeueBuf] +,cqIndx(0/0/0/36),sceID(0),deqIndex(1),isWaitBuf(1),
07-25 21:40:10.170   723  5057 D MdpMgr  :         deqIndex(1), dequeTime(6578 us)
07-25 21:40:10.170   723  5057 D MdpMgr  : [selectDpIspStream] [selectDpIspStream] cqIdx(0/0/0/36_0/1),sceID(0)
07-25 21:40:10.170   723  5057 D MdpMgr  : [_dequeueBuf] +,cqIndx(0/0/0/36),sceID(0),deqIndex(0),isWaitBuf(1),
07-25 21:40:10.170   723  5057 D MdpMgr  :         deqIndex(0), dequeTime(33 us)
07-25 21:40:10.170   723  5057 D MdpMgr  : [selectDpIspStream] [selectDpIspStream] cqIdx(0/0/0/36_0/1),sceID(0)
07-25 21:40:10.170   723  5057 D MtkCam/StreamingPipe/P2ANode: [onDIPStreamBaseCB] P2S cam 0 MWFrame:#36 MWReq:#36, frame 37-37 :sensor(0) Frame 37 enque done in 9 ms, result = 1
07-25 21:40:10.170   723  5057 D Iop/p2HPDQNode: [doDeque] +,tag(2),idx(0),p2CQ(0/0/0/36),
07-25 21:40:10.170   723  5057 D Iop/p2HPDQNode:                          +,tag(1),idx(0),p2CQ(0/0),
07-25 21:40:10.170   723  5057 D Iop/p2HPDQNode:                          -,cb(265 us)
07-25 21:40:10.171   723  5061 D MtkCam/P2/MWFrame: [doRelease] P2S cam 0 MWFrame:#36 MWReq:#36, frame 37 : all streams(8), using(0), status: s0:d0:App:YCrCb_420_SP:0|HW_TEXTURE(1),Meta:App:Control(1),Hal:Image:P1:Resizeraw_main1(1),Hal:Image:STT_main1(1),Hal:Meta:P1:Dynamic_main1(1),Hal:Meta:P2:Dynamic(1),App:Meta:DynamicP1_main1(1),App:Meta:DynamicP2(1),
07-25 21:40:10.172   723  5025 D mtkcam-AppStreamMgr: [0-FrameHandler::updateResult] requestNo 36, real time:0, last partial:1
07-25 21:40:10.172   723  5061 D mtkcam-pipeline: [onLastStrongRef] [ requestNo:36 frameNo:36 ] frame end
07-25 21:40:10.172   723  5025 D ULog    : R AppRequest:36 M[CameraDevice:187001] -  :mtkcam-AppStreamMgr #38281
07-25 21:40:10.172   723  5061 D MtkCam/StreamingPipe/Timer: [print]Frame timer [#   37/   0][t  12][io   0][tof  0/  0][d  0/  0][mss  0/  0/  0/  0][a 12/  2/  9][tun  0/  0][msf  0/  0][vnr  0/  0/  0][am  0][b  0/  0][tpi(  0/  0)/(  0/  0)/(  0/  0)][vmdp_A  0/  0 vmdp_B  0/  0][h  1/  0/  0][e  0][r  0/  0][w_A  0/  0/  0/  0 w_B  0/  0/  0/  0][x  0][disp  0/  0][async  0/  0][p2sm  0/  0/  0][fps29.47/29.47/ 30/ 30]
07-25 21:40:10.179   723  5028 D HwIRQ3A : [wait] VSIrq
07-25 21:40:10.179   723  5052 D NormalPipe: [enqueRequest] +N:0 CurSof:41 enqCnt:39 cqCnt(p/v):39/39 FrameStatus(2)
07-25 21:40:10.179   723  5052 D NormalPipe: [configEnquePath] N:0 configFrame event:1 multiSenNum:2 occupy:0 status:1(2) fsm:0 depth:0
07-25 21:40:10.179   723  5028 I MtkCam/P1NodeImp: [setRequest] [Cam::0 R41 S41 E40 D38 O38 #0] [P1::SET][Num Q:41 M:41 F:39 R:39 @0][Type:1 Out:x85 Rec:x0 Raw:1 Cap:0 Exe:1 Flush:x0] Num[41] Ctrl[1]=[ 41 ]
07-25 21:40:10.179   723  5028 D aao_buf_mgr: [updateInfo] mMagicNumber(38), i4SubsampleCount(1)
07-25 21:40:10.179   723  5052 D NormalPipe: [dmaCfg] N:0 dma:x8 cmd:0x101a, crop:(0,0,2016,1136), outsize:(1920,1088)
07-25 21:40:10.179   723  1126 E camiopipe: [vendor/mediatek/proprietary/hardware/mtkcam/drv/src/isp/mt6768/imageio/pipe/CamIOPipe/CamIOPipe.cpp, sendCommand, line3805] ERROR: [0x0]:NOT support command! (sendCommand){#3805:vendor/mediatek/proprietary/hardware/mtkcam/drv/src/isp/mt6768/imageio/pipe/CamIOPipe/CamIOPipe.cpp}
07-25 21:40:10.179   723  1126 E camiopipe: [vendor/mediatek/proprietary/hardware/mtkcam/drv/src/isp/mt6768/imageio/pipe/CamIOPipe/CamIOPipe.cpp, sendCommand, line3812] ERROR: [0x0]:sendCommand(0x1500) error! (sendCommand){#3812:vendor/mediatek/proprietary/hardware/mtkcam/drv/src/isp/mt6768/imageio/pipe/CamIOPipe/CamIOPipe.cpp}
07-25 21:40:10.179   723  1126 E NormalPipe: [vendor/mediatek/proprietary/hardware/mtkcam/drv/src/isp/mt6768/iopipe/CamIO/NormalPipe.cpp, sendCommand, line3773] ERROR: error: sendCommand fail: (cmd,arg1,arg2,arg3)=(0x00001500,0x7C9833AF40,0x7C9833AF44,0xB400007ECE813D1C) (sendCommand){#3773:vendor/mediatek/proprietary/hardware/mtkcam/drv/src/isp/mt6768/iopipe/CamIO/NormalPipe.cpp}
07-25 21:40:10.179   723  5052 D NormalPipe: [dmaCfg] N:0 dma:x6 cmd:0x101c, crop:(0,0,2016,1), outsize:(2016,1)
07-25 21:40:10.180   723  1126 D Hal3Av3 : [parseMeta] Return to AP AE_REGIONS L(0) T(0) R(0) B(0) W(0)
07-25 21:40:10.180   723  1126 D Hal3Av3 : [parseMeta] Return to AP AF_REGIONS L(0) T(0) R(0) B(0) W(0)
07-25 21:40:10.180   723  1126 D Hal3Av3 : [parseMeta] Return to AP AWB_REGIONS L(0) T(0) R(0) B(0) W(0)
07-25 21:40:10.180   723  5052 D ifunc_cam_tuning: [update] [0x0]:CAM_TUNING_CTRL - EN:0x100e02e0 DMA:0x808001e8
07-25 21:40:10.180   723  1126 D Hal3Av3 : [parseMeta] MTK_SENSOR_TEST_PATTERN_DATA(0, 0, 0, 0)
07-25 21:40:10.180   723  5028 D AeFlowDefault: [monitorAndReschedule:Perframe AE] Calc:1 Apply:1 Magic:38 AEMonitorStable:1 VdCnt:0 u4CwvYcur:0 u4CwvYpre:0 
07-25 21:40:10.180   723  5052 D LMVDrv  : [GetLMVStatusAndUpdate]Suspicous clear, driver may drop frame and now in new pipeline: magicNum(40)=bypass(0)
07-25 21:40:10.180   723  5052 W LMVDrv  : [GetLMVStatusAndUpdate]Cannot find magicNum(0) in queue(0)
07-25 21:40:10.180   723  1126 I MtkCam/P1NodeImp: [runQueue] [Cam::0 R41 S41 E40 D38 O38 #1] [P1::REQ][Num Q:42 M:0 F:40 R:40 @0][Type:1 Out:x85 Rec:x0 Raw:1 Cap:0 Exe:1 Flush:x0] [META ze:0 ci:3 rt:-1 tn:-1 qc:-1 fi:-1 fr:-1] [New-Request][0] [0] [IMGO:1 (-1,-1)] [Gp:255/0] IOmap-Img[1]=<0_I[0]{}_O[2]{0x100000003,0x100000004}>-Meta[1]=<0_I[2]{0x80000000,0x100000018}_O[2]{0x10000001b,0x100000024}> CfgStream-Img[OutIMG:0x100000001(0),OutRRZ:0x100000003(1),OutLCS:0x100000004(1)]-Meta[InAPP:0x80000000(1),InHAL:0x100000018(1),OutAPP:0x100000024(1),OutHAL:0x10000001b(1)]  | [PreSet][Key:42] Num(0) Dummy(0) MetaCnt[APP:66,HAL:17] | [Rev:0] depth(1) burst(1) Que[1]
07-25 21:40:10.180   723  1126 D MtkCam/ppl_context: [sendFrameToRootNodes] r40 frameNo:40 (X) -> 0x1 success; erase record
07-25 21:40:10.180   723  5052 D camiopipe: [sendCommand] [0x0]:[2]P1_UPDATE_CHECK CTL_EN(0x11bebee3) +[0_0]:0x11bebee3 [1_0]:0x11bebee3 [2_0]:0x11bebee3 -[0_0]:0x11bebee3 [1_0]:0x11bebee3 [2_0]:0x11bebee3 
07-25 21:40:10.180   723  5052 D NormalPipe: [frameToEnque] - sof(41)
07-25 21:40:10.180   723  5028 D ae_mgr  : [updateAEInfo2ISP] State:0 VDNum:0 Shutter:30003 Gain:9040 1024 750 Flare offset:0 512 FrameDuration:33350000 DisableOBC:0 ExpRatio:100 eAEMode:1 eAEstate:2 CurrentidxF:113
07-25 21:40:10.180   723  5052 D NormalPipe: [enqueRequest] -
07-25 21:40:10.180   723  5081 D MtkCam/HalSensorList: [querySecureState] Secure State is 0
07-25 21:40:10.181   723  5028 D awb_mgr : [setIspAwbInfo()] m_eSensorDev: 1, awb_gain: 988/512/819, PreGain1: 512/512/512, RPG: 988/512/819, PGN: 988/512/819, bAWBLock: 0 (m_bAWBLock:0, m_u4AWBMode:1)
07-25 21:40:10.181   723  5028 D Task3APv: [run] getSensorParams: m_u4PreRealISO(750), u4RealISO(750), m_preAwbGain(988, 512, 819), rAwbInfo.gain(988, 512, 819)
07-25 21:40:10.181   723  5028 D isp_tuning_custom: [evaluate_Shading_Ratio] sensorid(1379), preSensorId(1379), eSensorMode(2), preSensorMode(2), isSensorOrModeSwitch(0), isInit(0)
07-25 21:40:10.181   723  5028 D isp_tuning_custom: [iso_smooth][ISO smooth enabled][ISO idx(3346)]avgISO = 750.
07-25 21:40:10.181   723  5028 D isp_tuning_custom: [RA_smooth][RA smooth][frm idx(3346)] rto for iso(21), prev_rto(21),RA_incremental_step(2), smoothed ratio(21)
07-25 21:40:10.181   723  5028 D paramctrl_per_frame: put ratio with m_eSensorDev(1), i4Rto(21)
07-25 21:40:10.181   723  5028 D paramctrl_per_frame: [updateLscInfo] (flash, iso, rto)=(0, 750, 21), auto(1), lock(0,0,0), dyn(1), op(0), PreCapFlashIsLockRto(0), fgForceUnlock(0)
07-25 21:40:10.181   723  5028 D Task3APv: [run] Cam 1 : Req(#41)/Stt(#38)/i4Opt(0)/FlashOnOff(0) Lv(8)/ISO(750)/RGB(988,512,819) AFisLockAE(0) isLVChangeTooMuch(0) m_i4FrameCount(39) m_i4TsfFrameCount(40)
07-25 21:40:10.182   723  5028 W TuningMgr: TuningMgr[updateEngine] WARNING: [temp log] AF enable(1_0x100e02e0_0x808001e8)
07-25 21:40:10.182   723  5028 D TuningMgr: TuningMgr[enqueBuffer] magicNum(0x29)
07-25 21:40:10.182   723  1127 D ULog    : R AppRequest:41 M[CameraDevice:187001] +  :mtkcam-dev3 #38282
07-25 21:40:10.182   723  5028 I MtkCam/P1NodeImp: [setupAction] [Cam::0 R41 S41 E41 D38 O38 #1] [P1::ENQ][Num Q:41 M:41 F:39 R:39 @41][Type:1 Out:x85 Rec:x0 Raw:1 Cap:0 Exe:1 Flush:x0] [Exp:30003000ns] [MetaCtrl][SCALER_CROP(1) (0,0_2016x1512) ][SENSOR_CROP(0)][RESIZER_SET(0)]
07-25 21:40:10.183   723  1127 D mtkcam-dev3-utils: [0-AppRequestUtil::createOneRequest] requestNumber[41]:StreamBuffer:0xb400007dbe811200 streamId:0 bufferId:7 buffer:0xb400007e2e81ac90 status:OK acquireFenceOp.hdl:0x7cde6082f8 releaseFenceOp.hdl:0x0 acquireFenceOp.fd:-1 releaseFenceOp.fd:-1 appBufferHandleHolder:0xb400007d8e83bda8 freeByOthers:0 / 
07-25 21:40:10.183   723  5028 D NormalPipe: [acceptEnqRequest] MyEnq:0: dma:0x8 pa(0x6900000)io(0_0_2016_1136_1920_1088) mag(0x29)|dma:0x6 pa(0x4F009E0)io(0_0_2016_1_2016_1) mag(0x29)|dma:0xf pa(0x9002900)io(0_0_256_1_256_1) mag(0x29)|dma:0xb pa(0xDF00000)io(0_0_384_384_384_384) mag(0x29)|
07-25 21:40:10.183   723  5081 D MtkCam/HalSensorList: [querySecureState] Secure State is 0
07-25 21:40:10.183   723  1127 D mtkcam-HDRPolicyHelper: [getSeamlessSmoothResult][Cam::0]frameType[3] requestAETargetMode=0 requestExpNum=0
07-25 21:40:10.184   723  1127 D MtkCam/ppl_context: [sendFrameToRootNodes] r41 frameNo:41 (X) -> 0x1 BUSY
07-25 21:40:10.185   723  5080 E AfAlgo  : Err:  6195: [AdpComp]Adaptive input error!! 
07-25 21:40:10.185   723  5080 E AfAlgo  : Err:  6279: [AdpComp]Adaptive input error
07-25 21:40:10.185   531  2449 E [GrallocExtra-ERROR]: gralloc_extra_query:105 gralloc_extra_query with NULL handle: 0x0
07-25 21:40:10.185   723  5080 D TaskAFNormal: [run] Cam 1 : Req(#41)/Stt(#39)/i4Opt(0)/FlashOnOff(0)
07-25 21:40:10.185  2345  2403 D C2OMXNode: dhy...mOsdPos:,,mOsdText:
07-25 21:40:10.187   723  5053 D SecMgr  : [SecMgr_GetSecurePortStatus] + (0x0x0)module:0x0 dma port:rrzo
07-25 21:40:10.187   723  5053 D SecMgr  : [SecMgr_GetSecurePortStatus] (0x0)DMA port (0x1) is not supported
07-25 21:40:10.187   723  5053 D ifunc_cam_buf: [waitBufReady] [0x0]:, [0x6100000] waitbufready pass
07-25 21:40:10.187   723  5053 D ifunc_cam_buf: [dequeueHwBuf] [0x0]:BUF_CTRL_RRZO:(0xd_0x0),PA(0x6100000_0xBC00B00),FH_VA(0x7F775C3B00),size(0x3bc400),cur sof(0),
07-25 21:40:10.187   723  5053 D SecMgr  : [SecMgr_GetSecurePortStatus] + (0x0x0)module:0x0 dma port:imgo
07-25 21:40:10.187   723  5053 D SecMgr  : [SecMgr_GetSecurePortStatus] (0x0)DMA port (0x0) is not supported
07-25 21:40:10.188   723  5053 D SecMgr  : [SecMgr_GetSecurePortStatus] + (0x0x0)module:0x0 dma port:
07-25 21:40:10.188   723  5053 D SecMgr  : [SecMgr_GetSecurePortStatus] + (0x0x0)module:0x0 dma port:lcso
